Order_ID,Order_Date,Customer_ID,Customer_Name,Customer_Age,Customer_Gender,Region,Country,Product_Category,Product_Name,Quantity,Unit_Price,Discount_Percentage,Total_Sales,Profit_Margin_Pct,Profit_Value
ORD-000001,2024-01-01,CUST-00678,Oliver Patel,38,Female,Middle East,UAE,Beauty & Personal Care,Dyson Airwrap Styler,5,551.4,0.0,2757.0,37.0,1020.09
ORD-000002,2024-01-02,CUST-00595,Layla Smith,41,Male,Middle East,Qatar,Electronics,USB-C Hub 7-in-1,2,45.03,0.0,90.06,8.4,7.57
ORD-000003,2024-01-03,CUST-00126,Muhammad Hill,47,Female,Latin America,Brazil,Sports & Outdoors,Speedo Swim Goggles,1,29.06,10.0,26.15,28.0,7.32
ORD-000004,2024-01-03,CUST-00375,Richard Santos,31,Female,Latin America,Colombia,Electronics,Ring Video Doorbell,1,100.92,10.0,90.83,14.2,12.9
ORD-000005,2024-01-03,CUST-00825,Priya Dupont,32,Male,Asia Pacific,South Korea,Beauty & Personal Care,La Mer Moisturizing Cream,5,286.76,0.0,1433.8,58.8,843.07
ORD-000006,2024-01-04,CUST-00936,Zara Johnson,47,Female,Asia Pacific,Singapore,Clothing,Levi's 501 Jeans,4,80.86,7.0,300.8,52.0,156.42
ORD-000007,2024-01-04,CUST-01184,Riley Kim,20,Female,Latin America,Argentina,Beauty & Personal Care,Charlotte Tilbury Lipstick,2,28.86,0.0,57.72,52.5,30.3
ORD-000008,2024-01-05,CUST-00973,Rafael Thompson,42,Male,North America,USA,Electronics,Sony WH-1000XM5 Headphones,2,320.21,2.0,627.61,17.8,111.71
ORD-000009,2024-01-05,CUST-00479,William Wang,29,Female,North America,USA,Clothing,Puma Running Shorts,2,25.51,23.0,39.29,49.0,19.25
ORD-000010,2024-01-07,CUST-01362,Charles Carter,35,Female,Asia Pacific,Japan,Home & Kitchen,Philips Hue Smart Bulb Set,3,64.88,2.0,190.75,33.9,64.66
ORD-000011,2024-01-07,CUST-01120,Susan Anderson,18,Male,Latin America,Brazil,Clothing,Puma Running Shorts,2,41.14,16.0,69.12,46.6,32.21
ORD-000012,2024-01-10,CUST-00940,Robert Roberts,40,Female,Middle East,Qatar,Clothing,H&M Cotton T-Shirt Pack,3,25.42,0.0,76.26,50.3,38.36
ORD-000013,2024-01-11,CUST-00725,Hana Thomas,37,Male,North America,Canada,Clothing,Calvin Klein Underwear Set,2,37.64,0.0,75.28,33.8,25.44
ORD-000014,2024-01-11,CUST-01094,Susan Scott,43,Female,Middle East,Qatar,Clothing,Gucci Belt,4,368.16,0.0,1472.64,53.9,793.75
ORD-000015,2024-01-11,CUST-01792,Robert Allen,41,Female,Middle East,Qatar,Clothing,Calvin Klein Underwear Set,1,43.66,4.0,41.91,54.7,22.92
ORD-000016,2024-01-12,CUST-00154,Thomas Singh,47,Male,Europe,Netherlands,Electronics,Sony WH-1000XM5 Headphones,1,315.57,10.0,284.01,19.7,55.95
ORD-000017,2024-01-12,CUST-00984,James Smith,42,Female,Asia Pacific,Australia,Home & Kitchen,Ninja Air Fryer XL,1,118.07,5.0,112.17,24.2,27.15
ORD-000018,2024-01-12,CUST-00832,Oliver Schmidt,27,Male,Latin America,Argentina,Clothing,Uniqlo Down Jacket,4,112.42,2.0,440.69,42.9,189.06
ORD-000019,2024-01-13,CUST-00264,John Harris,23,Female,Latin America,Argentina,Clothing,H&M Cotton T-Shirt Pack,3,31.79,7.0,88.69,53.2,47.18
ORD-000020,2024-01-13,CUST-01380,Laila Young,32,Male,North America,USA,Sports & Outdoors,Coleman 4-Person Camping Tent,2,148.45,11.0,264.24,26.0,68.7
ORD-000021,2024-01-13,CUST-01762,Wei White,30,Male,Asia Pacific,South Korea,Sports & Outdoors,Camping Sleeping Bag -10°C,2,114.96,13.0,200.03,18.0,36.01
ORD-000022,2024-01-13,CUST-00973,Rafael Thompson,42,Male,North America,USA,Beauty & Personal Care,Oral-B Electric Toothbrush Pro,4,72.68,10.0,261.65,45.6,119.31
ORD-000023,2024-01-14,CUST-01258,Riley Kim,38,Male,North America,USA,Home & Kitchen,Bamboo Cutting Board Set,1,35.88,0.0,35.88,20.7,7.43
ORD-000024,2024-01-14,CUST-01128,Layla White,41,Female,Asia Pacific,South Korea,Clothing,H&M Cotton T-Shirt Pack,3,33.9,5.0,96.61,31.5,30.43
ORD-000025,2024-01-14,CUST-01335,Aiden Lee,47,Female,Latin America,Argentina,Electronics,Apple Watch Series 9,2,447.45,14.0,769.61,9.6,73.88
ORD-000026,2024-01-14,CUST-01126,Ravi Hill,45,Male,Asia Pacific,Singapore,Electronics,Samsung Galaxy S24,2,948.21,11.0,1687.81,17.7,298.74
ORD-000027,2024-01-15,CUST-00967,Jennifer Scott,45,Female,Latin America,Argentina,Clothing,Converse Chuck Taylor All Star,3,55.94,0.0,167.82,32.2,54.04
ORD-000028,2024-01-15,CUST-01195,Charles Singh,31,Male,Asia Pacific,Singapore,Electronics,Apple MacBook Air M2,2,1315.11,7.0,2446.1,19.9,486.77
ORD-000029,2024-01-15,CUST-01370,Aiden King,23,Male,North America,USA,Electronics,GoPro Hero 12,1,424.15,2.0,415.67,10.5,43.65
ORD-000030,2024-01-16,CUST-00067,Amelia Young,18,Female,North America,USA,Electronics,"LG OLED 55"" TV",1,1382.83,8.0,1272.2,8.5,108.14
ORD-000031,2024-01-16,CUST-01394,Sophia Torres,40,Male,North America,USA,Electronics,Kindle Paperwhite,2,100.68,10.0,181.22,18.0,32.62
ORD-000032,2024-01-16,CUST-00182,Barbara Flores,36,Female,Asia Pacific,South Korea,Clothing,Puma Running Shorts,1,39.78,4.0,38.19,30.5,11.65
ORD-000033,2024-01-17,CUST-01353,Riley Roberts,39,Female,North America,Canada,Electronics,Kindle Paperwhite,1,124.76,3.0,121.02,18.8,22.75
ORD-000034,2024-01-17,CUST-01254,Riley Mitchell,34,Female,Latin America,Colombia,Home & Kitchen,Nespresso Vertuo Coffee Machine,1,159.33,10.0,143.4,37.9,54.35
ORD-000035,2024-01-18,CUST-01508,Lisa Nelson,20,Male,Asia Pacific,Australia,Sports & Outdoors,Bowflex SelectTech Dumbbells,1,318.77,4.0,306.02,35.8,109.56
ORD-000036,2024-01-18,CUST-00103,Karen Flores,32,Male,Latin America,Argentina,Electronics,"LG OLED 55"" TV",2,1566.92,3.0,3039.82,13.5,410.38
ORD-000037,2024-01-18,CUST-00403,Lisa Fernandez,30,Male,Latin America,Argentina,Clothing,Tommy Hilfiger Polo Shirt,1,58.05,0.0,58.05,32.1,18.63
ORD-000038,2024-01-18,CUST-01377,Linda Thompson,48,Female,Latin America,Brazil,Electronics,iPad Pro 11-inch,2,837.59,6.0,1574.67,18.3,288.16
ORD-000039,2024-01-19,CUST-00469,Mia Mitchell,52,Female,Asia Pacific,India,Electronics,Apple MacBook Air M2,2,1164.78,0.0,2329.56,17.2,400.68
ORD-000040,2024-01-19,CUST-01723,Ali Wang,18,Female,Europe,Germany,Electronics,Dell XPS 15 Laptop,2,1188.57,14.0,2044.34,16.1,329.14
ORD-000041,2024-01-19,CUST-00773,Thomas Kim,18,Male,North America,Mexico,Clothing,Timberland Boots,4,165.01,3.0,640.24,30.2,193.35
ORD-000042,2024-01-19,CUST-00611,Lucas Wright,52,Female,North America,Canada,Beauty & Personal Care,Bioderma Micellar Water 500ml,4,18.6,1.0,73.66,49.5,36.46
ORD-000043,2024-01-19,CUST-01324,Mia Walker,45,Female,Asia Pacific,Singapore,Clothing,Levi's 501 Jeans,1,86.05,3.0,83.47,39.6,33.05
ORD-000044,2024-01-19,CUST-00234,Layla Davis,29,Female,Europe,Netherlands,Beauty & Personal Care,Bath & Body Works Candle Set,2,32.0,16.0,53.76,49.4,26.56
ORD-000045,2024-01-20,CUST-00135,Fatima Smith,62,Female,Asia Pacific,South Korea,Electronics,Sony PlayStation 5,2,562.35,0.0,1124.7,11.4,128.22
ORD-000046,2024-01-20,CUST-00705,Michael Patel,35,Male,Europe,Spain,Home & Kitchen,IKEA KALLAX Shelf Unit,2,204.08,16.0,342.85,37.9,129.94
ORD-000047,2024-01-20,CUST-00886,Layla Thompson,40,Male,Asia Pacific,South Korea,Home & Kitchen,Nespresso Vertuo Coffee Machine,3,154.33,0.0,462.99,23.0,106.49
ORD-000048,2024-01-21,CUST-01395,Robert Wright,40,Male,North America,Mexico,Electronics,Apple Watch Series 9,2,436.14,11.0,776.33,16.9,131.2
ORD-000049,2024-01-21,CUST-01545,Oliver Adams,41,Female,Middle East,Qatar,Home & Kitchen,KitchenAid Stand Mixer,3,412.85,6.0,1164.24,26.1,303.87
ORD-000050,2024-01-21,CUST-00211,Layla Baker,34,Female,Europe,Germany,Home & Kitchen,LED Desk Lamp with USB,1,35.54,0.0,35.54,27.8,9.88
ORD-000051,2024-01-22,CUST-01591,Fatima Wright,56,Male,Middle East,UAE,Clothing,Adidas Ultraboost Shoes,2,146.74,0.0,293.48,42.0,123.26
ORD-000052,2024-01-23,CUST-00324,Ahmed Singh,27,Male,North America,Canada,Sports & Outdoors,TRX Suspension Trainer,1,163.57,0.0,163.57,34.4,56.27
ORD-000053,2024-01-24,CUST-01101,Layla Mitchell,38,Male,Middle East,UAE,Beauty & Personal Care,La Mer Moisturizing Cream,2,273.02,9.0,496.9,51.0,253.42
ORD-000054,2024-01-24,CUST-00112,Amelia Green,40,Male,Middle East,Qatar,Electronics,Canon EOS R50 Camera,2,765.84,2.0,1501.05,10.2,153.11
ORD-000055,2024-01-25,CUST-01170,Sofia Kim,37,Female,North America,Canada,Sports & Outdoors,Foam Roller Set,3,37.64,5.0,107.27,22.2,23.81
ORD-000056,2024-01-26,CUST-00595,Layla Smith,41,Male,Middle East,Qatar,Beauty & Personal Care,Moroccanoil Hair Oil,4,36.2,17.0,120.18,44.4,53.36
ORD-000057,2024-01-27,CUST-00255,Carlos Santos,31,Female,North America,USA,Home & Kitchen,Cuisinart 12-Piece Cookware Set,1,215.65,2.0,211.34,39.0,82.42
ORD-000058,2024-01-27,CUST-00616,Sarah Nguyen,49,Female,Middle East,UAE,Electronics,Sony PlayStation 5,1,561.38,11.0,499.63,16.7,83.44
ORD-000059,2024-01-27,CUST-01797,Ravi Hill,45,Male,Latin America,Brazil,Beauty & Personal Care,Bath & Body Works Candle Set,5,30.31,0.0,151.55,52.9,80.17
ORD-000060,2024-01-28,CUST-00357,William Fernandez,38,Female,Middle East,Saudi Arabia,Electronics,Kindle Paperwhite,2,113.86,0.0,227.72,15.2,34.61
ORD-000061,2024-01-28,CUST-01251,Riley Garcia,23,Female,Middle East,UAE,Sports & Outdoors,TRX Suspension Trainer,3,162.12,15.0,413.41,36.6,151.31
ORD-000062,2024-01-28,CUST-01180,Susan Singh,49,Male,Asia Pacific,South Korea,Beauty & Personal Care,Moroccanoil Hair Oil,5,28.66,0.0,143.3,56.0,80.25
ORD-000063,2024-01-28,CUST-00607,Layla Carter,47,Female,Europe,Italy,Clothing,Converse Chuck Taylor All Star,4,70.41,0.0,281.64,36.5,102.8
ORD-000064,2024-02-01,CUST-01424,Noah Hill,38,Female,Asia Pacific,Australia,Electronics,iPhone 15 Pro,2,1079.28,10.0,1942.7,16.7,324.43
ORD-000065,2024-02-02,CUST-00184,Richard Müller,32,Female,Middle East,Saudi Arabia,Clothing,Ray-Ban Aviator Sunglasses,1,156.57,29.0,111.16,50.8,56.47
ORD-000066,2024-02-02,CUST-01107,Ethan Hall,39,Female,Latin America,Brazil,Home & Kitchen,LED Desk Lamp with USB,1,50.45,10.0,45.41,37.3,16.94
ORD-000067,2024-02-04,CUST-01112,Fatima Scott,51,Female,Latin America,Brazil,Sports & Outdoors,Peloton Bike+,1,2588.71,0.0,2588.71,31.0,802.5
ORD-000068,2024-02-05,CUST-01686,Richard Johnson,38,Male,Latin America,Brazil,Home & Kitchen,Air Purifier HEPA,1,212.66,1.0,210.53,37.4,78.74
ORD-000069,2024-02-05,CUST-01234,Carlos Thomas,37,Male,Latin America,Brazil,Beauty & Personal Care,The Ordinary Serum Set,5,30.55,0.0,152.75,58.2,88.9
ORD-000070,2024-02-06,CUST-01199,Ava King,32,Female,Latin America,Argentina,Sports & Outdoors,Speedo Swim Goggles,2,29.93,19.0,48.49,19.7,9.55
ORD-000071,2024-02-06,CUST-00786,Isabella Singh,24,Male,Latin America,Colombia,Home & Kitchen,Cuisinart 12-Piece Cookware Set,1,190.21,2.0,186.41,31.3,58.35
ORD-000072,2024-02-06,CUST-00432,Ravi Martin,19,Male,Middle East,Qatar,Clothing,Converse Chuck Taylor All Star,4,75.07,1.0,297.28,42.3,125.75
ORD-000073,2024-02-07,CUST-01429,Olivia Lopez,40,Male,Middle East,Saudi Arabia,Electronics,Dell XPS 15 Laptop,1,1463.23,13.0,1273.01,9.8,124.75
ORD-000074,2024-02-07,CUST-01115,William Jackson,41,Male,Asia Pacific,Australia,Clothing,Puma Running Shorts,2,41.4,7.0,77.0,53.2,40.96
ORD-000075,2024-02-07,CUST-00828,William Taylor,43,Female,Asia Pacific,South Korea,Sports & Outdoors,Camping Sleeping Bag -10°C,2,112.85,19.0,182.82,30.2,55.21
ORD-000076,2024-02-08,CUST-01273,Susan Chen,58,Male,Middle East,Saudi Arabia,Clothing,Nike Air Max 270,4,118.92,26.0,352.0,48.1,169.31
ORD-000077,2024-02-08,CUST-01366,William Carter,44,Male,Asia Pacific,Australia,Clothing,Tommy Hilfiger Polo Shirt,2,54.9,15.0,93.33,42.4,39.57
ORD-000078,2024-02-09,CUST-01071,Thomas Taylor,18,Male,North America,Canada,Home & Kitchen,Ninja Air Fryer XL,2,125.29,12.0,220.51,32.5,71.67
ORD-000079,2024-02-09,CUST-00140,Olivia Müller,43,Female,Asia Pacific,Singapore,Home & Kitchen,IKEA KALLAX Shelf Unit,3,171.45,0.0,514.35,27.7,142.47
ORD-000080,2024-02-10,CUST-00252,Linda Santos,51,Female,North America,Canada,Home & Kitchen,Cuisinart 12-Piece Cookware Set,1,245.97,17.0,204.16,32.2,65.74
ORD-000081,2024-02-10,CUST-01206,Liam Mitchell,43,Male,Latin America,Argentina,Electronics,"LG OLED 55"" TV",1,1732.08,0.0,1732.08,17.7,306.58
ORD-000082,2024-02-10,CUST-01101,Layla Mitchell,38,Male,Middle East,UAE,Electronics,Samsung Galaxy S24,1,1014.39,0.0,1014.39,10.9,110.57
ORD-000083,2024-02-11,CUST-01382,Michael Khan,44,Male,Europe,Spain,Electronics,Apple Watch Series 9,2,417.39,1.0,826.43,15.7,129.75
ORD-000084,2024-02-11,CUST-00311,Sarah Scott,18,Female,Middle East,Qatar,Home & Kitchen,Roomba i7+ Robot Vacuum,2,775.54,5.0,1473.53,36.9,543.73
ORD-000085,2024-02-12,CUST-00378,Patricia Brown,34,Female,Europe,Spain,Electronics,Sony PlayStation 5,2,497.37,15.0,845.53,11.0,93.01
ORD-000086,2024-02-12,CUST-01087,Hana Patel,20,Male,Europe,Italy,Home & Kitchen,Dyson V15 Vacuum,3,605.48,12.0,1598.47,25.8,412.41
ORD-000087,2024-02-13,CUST-00029,Noah Santos,29,Male,Latin America,Brazil,Clothing,Tommy Hilfiger Polo Shirt,2,58.57,0.0,117.14,35.5,41.58
ORD-000088,2024-02-13,CUST-01122,Jennifer Brown,30,Female,Latin America,Argentina,Clothing,Tommy Hilfiger Polo Shirt,1,63.26,17.0,52.51,36.9,19.38
ORD-000089,2024-02-13,CUST-00228,Robert Santos,57,Male,Europe,Spain,Sports & Outdoors,Foam Roller Set,3,34.92,8.0,96.38,37.3,35.95
ORD-000090,2024-02-14,CUST-00630,Isabella Singh,30,Male,Latin America,Colombia,Home & Kitchen,Cuisinart 12-Piece Cookware Set,3,258.54,0.0,775.62,26.0,201.66
ORD-000091,2024-02-14,CUST-00449,Wei Fernandez,42,Female,North America,Mexico,Electronics,Sony WH-1000XM5 Headphones,2,306.82,0.0,613.64,11.0,67.5
ORD-000092,2024-02-15,CUST-01246,James Scott,27,Male,North America,Mexico,Beauty & Personal Care,La Mer Moisturizing Cream,3,205.82,0.0,617.46,49.7,306.88
ORD-000093,2024-02-15,CUST-01444,Rafael Singh,60,Female,North America,Canada,Beauty & Personal Care,The Ordinary Serum Set,5,21.78,0.0,108.9,54.7,59.57
ORD-000094,2024-02-15,CUST-00177,Riley Schmidt,45,Male,Middle East,UAE,Clothing,Under Armour Sports Bra,3,56.09,6.0,158.17,45.3,71.65
ORD-000095,2024-02-17,CUST-01382,Michael Khan,44,Male,Europe,Spain,Electronics,Kindle Paperwhite,2,104.39,13.0,181.64,14.4,26.16
ORD-000096,2024-02-17,CUST-00760,Linda Wright,18,Male,North America,Mexico,Clothing,Calvin Klein Underwear Set,3,39.53,0.0,118.59,32.7,38.78
ORD-000097,2024-02-18,CUST-00255,Carlos Santos,31,Female,North America,USA,Sports & Outdoors,Bowflex SelectTech Dumbbells,2,289.92,14.0,498.66,23.2,115.69
ORD-000098,2024-02-18,CUST-00049,Patricia Taylor,32,Female,Middle East,UAE,Electronics,iPad Pro 11-inch,1,1014.67,0.0,1014.67,14.3,145.1
ORD-000099,2024-02-18,CUST-01027,Layla Chen,37,Female,Middle East,Qatar,Electronics,Bose SoundLink Speaker,1,221.7,0.0,221.7,9.9,21.95
ORD-000100,2024-02-18,CUST-01233,Ava Singh,18,Male,North America,USA,Sports & Outdoors,Speedo Swim Goggles,2,28.01,0.0,56.02,24.1,13.5
ORD-000101,2024-02-19,CUST-00616,Sarah Nguyen,49,Female,Middle East,UAE,Home & Kitchen,French Press Coffee Maker,3,25.46,17.0,63.4,26.0,16.48
ORD-000102,2024-02-19,CUST-01430,Isabella Singh,42,Female,Asia Pacific,South Korea,Clothing,Nike Air Max 270,4,136.01,0.0,544.04,53.3,289.97
ORD-000103,2024-02-20,CUST-00076,Oliver Müller,18,Male,Europe,France,Home & Kitchen,Philips Hue Smart Bulb Set,2,58.37,6.0,109.74,39.8,43.68
ORD-000104,2024-02-21,CUST-01506,Susan Martin,23,Female,North America,Canada,Electronics,Sony WH-1000XM5 Headphones,2,356.56,13.0,620.41,15.5,96.16
ORD-000105,2024-02-21,CUST-01646,Ali Harris,57,Female,North America,USA,Home & Kitchen,KitchenAid Stand Mixer,1,418.25,17.0,347.15,35.0,121.5
ORD-000106,2024-02-21,CUST-01333,Sophia Nelson,29,Male,Asia Pacific,Japan,Electronics,iPad Pro 11-inch,1,857.74,13.0,746.23,19.1,142.53
ORD-000107,2024-02-21,CUST-01089,Ethan Walker,42,Female,North America,Canada,Sports & Outdoors,Hydro Flask 32oz Water Bottle,3,44.46,0.0,133.38,19.0,25.34
ORD-000108,2024-02-22,CUST-01710,Sofia Allen,30,Male,Europe,France,Sports & Outdoors,Camping Sleeping Bag -10°C,1,106.89,0.0,106.89,29.6,31.64
ORD-000109,2024-02-22,CUST-01244,Sophia Patel,40,Female,Asia Pacific,Australia,Sports & Outdoors,Bowflex SelectTech Dumbbells,1,332.62,0.0,332.62,33.3,110.76
ORD-000110,2024-02-23,CUST-00804,Priya Flores,41,Male,Middle East,UAE,Electronics,Sony WH-1000XM5 Headphones,2,240.84,8.0,443.15,12.8,56.72
ORD-000111,2024-02-23,CUST-01541,Mason Müller,58,Female,Latin America,Colombia,Clothing,Nike Air Max 270,3,141.93,3.0,413.02,48.3,199.49
ORD-000112,2024-02-23,CUST-01797,Ravi Hill,45,Male,Latin America,Brazil,Beauty & Personal Care,Fenty Beauty Foundation,2,35.79,7.0,66.57,55.1,36.68
ORD-000113,2024-02-23,CUST-00554,Charles Williams,52,Male,Latin America,Brazil,Electronics,Dell XPS 15 Laptop,1,1505.72,7.0,1400.32,17.1,239.45
ORD-000114,2024-02-24,CUST-00281,Mason Wang,41,Female,Middle East,UAE,Clothing,Levi's 501 Jeans,3,72.99,16.0,183.93,44.1,81.11
ORD-000115,2024-02-24,CUST-01029,Amelia Garcia,47,Female,North America,USA,Sports & Outdoors,Yoga Mat Premium Non-Slip,1,57.36,0.0,57.36,34.3,19.67
ORD-000116,2024-02-24,CUST-00231,Linda Singh,19,Male,Latin America,Argentina,Beauty & Personal Care,Foreo LUNA Face Massager,2,128.9,18.0,211.4,41.8,88.37
ORD-000117,2024-02-25,CUST-01025,John Jackson,18,Male,North America,USA,Electronics,Samsung Galaxy S24,1,906.48,15.0,770.51,16.3,125.59
ORD-000118,2024-02-25,CUST-00208,Yuki Kim,32,Male,Asia Pacific,Australia,Clothing,Ray-Ban Aviator Sunglasses,3,159.33,12.0,420.63,33.8,142.17
ORD-000119,2024-02-25,CUST-01707,Hana Jones,49,Female,Middle East,UAE,Beauty & Personal Care,Moroccanoil Hair Oil,1,28.84,18.0,23.65,38.8,9.18
ORD-000120,2024-02-25,CUST-00927,Hana Smith,38,Male,North America,Canada,Home & Kitchen,Roomba i7+ Robot Vacuum,2,743.02,10.0,1337.44,39.2,524.28
ORD-000121,2024-02-25,CUST-01693,Muhammad Lee,39,Male,Latin America,Colombia,Clothing,North Face Fleece Jacket,2,130.78,28.0,188.32,45.0,84.74
ORD-000122,2024-02-26,CUST-01690,Ana Jones,42,Female,Europe,Spain,Electronics,"LG OLED 55"" TV",1,1553.2,5.0,1475.54,11.3,166.74
ORD-000123,2024-02-27,CUST-01174,Mia Taylor,33,Female,North America,Canada,Home & Kitchen,Dyson V15 Vacuum,1,783.35,14.0,673.68,31.2,210.19
ORD-000124,2024-03-01,CUST-01793,Richard Smith,21,Male,Middle East,UAE,Electronics,Samsung Galaxy S24,2,792.19,3.0,1536.85,12.3,189.03
ORD-000125,2024-03-01,CUST-01031,Ahmed Jones,26,Male,Latin America,Argentina,Sports & Outdoors,Resistance Bands Set,1,35.68,0.0,35.68,28.9,10.31
ORD-000126,2024-03-02,CUST-00595,Layla Smith,41,Male,Middle East,Qatar,Beauty & Personal Care,Dyson Airwrap Styler,3,551.58,19.0,1340.34,46.9,628.62
ORD-000127,2024-03-02,CUST-00539,Sophia Johnson,53,Female,Europe,Germany,Electronics,Apple MacBook Air M2,1,1254.32,15.0,1066.17,19.6,208.97
ORD-000128,2024-03-02,CUST-00919,David Scott,27,Male,Middle East,Saudi Arabia,Beauty & Personal Care,CeraVe Moisturizing Cream,1,17.28,9.0,15.72,35.7,5.61
ORD-000129,2024-03-04,CUST-00336,Emma Miller,55,Female,Europe,Spain,Sports & Outdoors,Trek FX3 Bicycle,3,856.08,16.0,2157.32,33.0,711.92
ORD-000130,2024-03-04,CUST-01156,John Ali,41,Female,North America,USA,Clothing,Under Armour Sports Bra,4,57.32,9.0,208.64,54.3,113.29
ORD-000131,2024-03-05,CUST-00855,Oliver Martinez,18,Female,Europe,Germany,Sports & Outdoors,Camping Sleeping Bag -10°C,1,120.75,0.0,120.75,27.0,32.6
ORD-000132,2024-03-05,CUST-00875,Muhammad Mitchell,57,Female,North America,Mexico,Clothing,Gucci Belt,1,349.56,0.0,349.56,35.5,124.09
ORD-000133,2024-03-05,CUST-00300,Rafael Allen,29,Male,Latin America,Colombia,Electronics,Canon EOS R50 Camera,2,692.2,2.0,1356.71,17.6,238.78
ORD-000134,2024-03-05,CUST-01115,William Jackson,41,Male,Asia Pacific,Australia,Sports & Outdoors,Yoga Mat Premium Non-Slip,2,41.43,0.0,82.86,19.3,15.99
ORD-000135,2024-03-05,CUST-00949,Aiden Mitchell,37,Female,North America,Mexico,Sports & Outdoors,Speedo Swim Goggles,1,35.14,12.0,30.92,34.9,10.79
ORD-000136,2024-03-06,CUST-00382,Fatima Lee,21,Female,Latin America,Brazil,Sports & Outdoors,Garmin GPS Running Watch,3,345.98,4.0,996.42,29.1,289.96
ORD-000137,2024-03-06,CUST-00034,Layla Ahmed,42,Female,Latin America,Brazil,Electronics,Bose SoundLink Speaker,1,169.5,10.0,152.55,19.6,29.9
ORD-000138,2024-03-07,CUST-00056,Wei Garcia,46,Male,Europe,Spain,Home & Kitchen,LED Desk Lamp with USB,2,50.94,10.0,91.69,39.7,36.4
ORD-000139,2024-03-07,CUST-01367,Liam Taylor,44,Female,Asia Pacific,Singapore,Beauty & Personal Care,Fenty Beauty Foundation,3,39.13,9.0,106.82,51.3,54.8
ORD-000140,2024-03-07,CUST-01742,Yuki Mitchell,38,Female,Europe,Germany,Electronics,Kindle Paperwhite,1,130.12,12.0,114.51,16.2,18.55
ORD-000141,2024-03-08,CUST-01545,Oliver Adams,41,Female,Middle East,Qatar,Home & Kitchen,French Press Coffee Maker,1,25.8,9.0,23.48,21.1,4.95
ORD-000142,2024-03-08,CUST-00217,Aiden Johnson,37,Male,North America,Mexico,Electronics,GoPro Hero 12,1,469.56,6.0,441.39,16.7,73.71
ORD-000143,2024-03-09,CUST-00658,Susan Martin,40,Male,Middle East,Saudi Arabia,Home & Kitchen,LED Desk Lamp with USB,3,52.81,12.0,139.42,38.3,53.4
ORD-000144,2024-03-09,CUST-00102,Amelia Wang,39,Male,Middle East,Saudi Arabia,Electronics,Dell XPS 15 Laptop,2,1282.01,0.0,2564.02,8.8,225.63
ORD-000145,2024-03-10,CUST-00260,Patricia Anderson,34,Male,Latin America,Colombia,Home & Kitchen,Instant Pot Duo 7-in-1,2,116.07,0.0,232.14,35.6,82.64
ORD-000146,2024-03-10,CUST-01602,Rafael Flores,31,Male,Asia Pacific,South Korea,Electronics,iPad Pro 11-inch,1,998.28,0.0,998.28,12.4,123.79
ORD-000147,2024-03-10,CUST-00376,Riley Walker,18,Female,Middle East,Qatar,Clothing,Levi's 501 Jeans,2,67.13,22.0,104.72,45.3,47.44
ORD-000148,2024-03-10,CUST-00310,Mary Nguyen,41,Female,Europe,Italy,Clothing,Levi's 501 Jeans,3,74.22,0.0,222.66,48.7,108.44
ORD-000149,2024-03-10,CUST-01046,Charlotte Walker,35,Female,Europe,Germany,Beauty & Personal Care,La Mer Moisturizing Cream,3,201.1,13.0,524.87,59.4,311.77
ORD-000150,2024-03-10,CUST-00553,Riley Taylor,19,Female,Middle East,Qatar,Sports & Outdoors,Wilson Tennis Racket Pro,3,148.77,23.0,343.66,24.7,84.88
ORD-000151,2024-03-11,CUST-00877,Lucas Baker,36,Female,Asia Pacific,Australia,Electronics,Samsung Galaxy S24,1,946.05,0.0,946.05,11.1,105.01
ORD-000152,2024-03-11,CUST-01486,Liam Green,51,Female,Europe,Spain,Clothing,Under Armour Sports Bra,4,47.18,29.0,133.99,54.8,73.43
ORD-000153,2024-03-12,CUST-00009,Jennifer Roberts,37,Female,Latin America,Brazil,Electronics,USB-C Hub 7-in-1,1,64.26,0.0,64.26,9.0,5.78
ORD-000154,2024-03-12,CUST-01100,Layla Miller,33,Male,Latin America,Colombia,Electronics,Canon EOS R50 Camera,1,849.67,14.0,730.72,16.1,117.65
ORD-000155,2024-03-12,CUST-00348,Wei Lee,28,Male,Asia Pacific,Singapore,Sports & Outdoors,Foam Roller Set,1,41.49,0.0,41.49,21.2,8.8
ORD-000156,2024-03-12,CUST-00732,Richard Anderson,36,Female,Asia Pacific,India,Sports & Outdoors,Trek FX3 Bicycle,2,803.79,5.0,1527.2,19.8,302.39
ORD-000157,2024-03-12,CUST-00479,William Wang,29,Female,North America,USA,Home & Kitchen,Nespresso Vertuo Coffee Machine,1,176.29,10.0,158.66,23.2,36.81
ORD-000158,2024-03-13,CUST-00496,Ali Martin,28,Male,North America,Canada,Electronics,USB-C Hub 7-in-1,2,57.78,0.0,115.56,10.8,12.48
ORD-000159,2024-03-13,CUST-01365,Michael Mitchell,19,Female,Asia Pacific,India,Beauty & Personal Care,La Mer Moisturizing Cream,4,262.64,0.0,1050.56,58.8,617.73
ORD-000160,2024-03-13,CUST-01774,William Wright,26,Male,Latin America,Brazil,Sports & Outdoors,Speedo Swim Goggles,1,18.71,7.0,17.4,32.1,5.59
ORD-000161,2024-03-13,CUST-01095,Richard Harris,59,Male,Middle East,UAE,Electronics,Samsung Galaxy S24,2,899.23,1.0,1780.48,15.6,277.75
ORD-000162,2024-03-14,CUST-00868,James Hall,32,Male,Asia Pacific,Singapore,Clothing,Tommy Hilfiger Polo Shirt,2,69.15,8.0,127.24,45.2,57.51
ORD-000163,2024-03-14,CUST-01352,Charles Roberts,38,Female,Europe,Germany,Clothing,Timberland Boots,2,186.14,8.0,342.5,46.1,157.89
ORD-000164,2024-03-15,CUST-01434,Ali Dupont,31,Female,Asia Pacific,South Korea,Home & Kitchen,Ninja Air Fryer XL,2,106.42,0.0,212.84,20.9,44.48
ORD-000165,2024-03-15,CUST-01228,Sofia Smith,19,Male,Europe,France,Clothing,Puma Running Shorts,4,24.66,0.0,98.64,30.3,29.89
ORD-000166,2024-03-15,CUST-01493,Isabella Davis,22,Female,Europe,Netherlands,Clothing,Adidas Ultraboost Shoes,3,141.52,14.0,365.12,37.6,137.29
ORD-000167,2024-03-15,CUST-00239,Emma Ahmed,35,Male,Middle East,UAE,Electronics,GoPro Hero 12,1,446.17,10.0,401.55,12.3,49.39
ORD-000168,2024-03-16,CUST-01425,Amelia Mitchell,32,Male,Middle East,Qatar,Sports & Outdoors,TRX Suspension Trainer,2,174.92,19.0,283.37,32.2,91.25
ORD-000169,2024-03-16,CUST-01115,William Jackson,41,Male,Asia Pacific,Australia,Sports & Outdoors,Trek FX3 Bicycle,3,882.45,17.0,2197.3,36.1,793.23
ORD-000170,2024-03-17,CUST-01085,Hana Wilson,33,Male,Latin America,Brazil,Sports & Outdoors,Spalding NBA Basketball,2,38.35,5.0,72.86,27.6,20.11
ORD-000171,2024-03-17,CUST-00893,Mary Martin,52,Female,Europe,Netherlands,Home & Kitchen,KitchenAid Stand Mixer,1,432.54,11.0,384.96,32.3,124.34
ORD-000172,2024-03-17,CUST-01261,Amelia Khan,43,Male,North America,Canada,Home & Kitchen,LED Desk Lamp with USB,2,32.44,0.0,64.88,25.5,16.54
ORD-000173,2024-03-18,CUST-00247,Laila Rossi,53,Male,North America,Canada,Electronics,iPad Pro 11-inch,2,916.13,13.0,1594.07,9.0,143.47
ORD-000174,2024-03-18,CUST-01738,Carlos Schmidt,41,Female,Asia Pacific,Singapore,Sports & Outdoors,Spalding NBA Basketball,1,44.31,22.0,34.56,18.6,6.43
ORD-000175,2024-03-18,CUST-01698,Ana Nelson,57,Female,Asia Pacific,India,Beauty & Personal Care,Bath & Body Works Candle Set,1,43.32,0.0,43.32,50.8,22.01
ORD-000176,2024-03-19,CUST-00382,Fatima Lee,21,Female,Latin America,Brazil,Electronics,Ring Video Doorbell,2,144.78,15.0,246.13,9.3,22.89
ORD-000177,2024-03-20,CUST-01550,Harry Baker,45,Male,Asia Pacific,Australia,Beauty & Personal Care,Foreo LUNA Face Massager,2,103.42,0.0,206.84,57.5,118.93
ORD-000178,2024-03-20,CUST-01525,Sophia Davis,42,Male,Latin America,Brazil,Sports & Outdoors,Trek FX3 Bicycle,1,717.75,16.0,602.91,24.3,146.51
ORD-000179,2024-03-21,CUST-00974,Michael Miller,48,Female,Europe,Germany,Electronics,"LG OLED 55"" TV",2,1386.67,0.0,2773.34,19.7,546.35
ORD-000180,2024-03-23,CUST-00266,Emma Davis,46,Female,Europe,France,Sports & Outdoors,Speedo Swim Goggles,2,19.9,7.0,37.01,19.1,7.07
ORD-000181,2024-03-23,CUST-00438,Mia Patel,47,Female,Europe,Spain,Beauty & Personal Care,Oral-B Electric Toothbrush Pro,3,88.12,13.0,229.99,41.7,95.91
ORD-000182,2024-03-23,CUST-00862,Hana Roberts,42,Female,North America,Mexico,Beauty & Personal Care,Moroccanoil Hair Oil,5,26.39,14.0,113.48,46.4,52.65
ORD-000183,2024-03-23,CUST-01226,Mia Fernandez,48,Female,Asia Pacific,South Korea,Home & Kitchen,Roomba i7+ Robot Vacuum,3,776.85,3.0,2260.63,34.3,775.4
ORD-000184,2024-03-23,CUST-00046,Mia Martin,53,Female,Middle East,UAE,Sports & Outdoors,Garmin GPS Running Watch,3,276.14,0.0,828.42,33.6,278.35
ORD-000185,2024-03-24,CUST-00800,Carlos Miller,37,Female,Latin America,Colombia,Home & Kitchen,Instant Pot Duo 7-in-1,3,110.47,15.0,281.7,21.4,60.28
ORD-000186,2024-03-24,CUST-00553,Riley Taylor,19,Female,Middle East,Qatar,Electronics,Sony WH-1000XM5 Headphones,2,267.52,8.0,492.24,16.3,80.24
ORD-000187,2024-03-24,CUST-01525,Sophia Davis,42,Male,Latin America,Brazil,Beauty & Personal Care,Fenty Beauty Foundation,3,37.83,8.0,104.41,37.0,38.63
ORD-000188,2024-03-24,CUST-01654,Liam Walker,29,Male,Europe,Germany,Clothing,H&M Cotton T-Shirt Pack,3,21.24,28.0,45.88,42.4,19.45
ORD-000189,2024-03-24,CUST-00755,David Jones,27,Female,Middle East,Qatar,Home & Kitchen,Bamboo Cutting Board Set,1,39.85,20.0,31.88,30.0,9.56
ORD-000190,2024-03-25,CUST-00364,Harry Johnson,28,Male,Latin America,Argentina,Clothing,Nike Air Max 270,4,106.76,21.0,337.36,46.5,156.87
ORD-000191,2024-03-25,CUST-00169,Liam Nguyen,54,Male,Asia Pacific,Japan,Electronics,Canon EOS R50 Camera,2,638.08,11.0,1135.78,17.3,196.49
ORD-000192,2024-03-25,CUST-01753,Sofia Young,19,Male,Europe,UK,Home & Kitchen,Bamboo Cutting Board Set,2,47.23,16.0,79.35,21.2,16.82
ORD-000193,2024-03-25,CUST-00052,Laila Hall,28,Male,Europe,UK,Electronics,Canon EOS R50 Camera,1,680.1,2.0,666.5,13.6,90.64
ORD-000194,2024-03-25,CUST-00524,Oliver Scott,30,Female,Europe,Netherlands,Home & Kitchen,Weighted Blanket 15lbs,3,92.47,0.0,277.41,28.1,77.95
ORD-000195,2024-03-26,CUST-00857,Linda Williams,28,Male,Asia Pacific,Japan,Home & Kitchen,Ninja Air Fryer XL,3,119.69,0.0,359.07,38.6,138.6
ORD-000196,2024-03-26,CUST-01396,Linda Harris,20,Female,Asia Pacific,Australia,Home & Kitchen,Instant Pot Duo 7-in-1,2,82.12,0.0,164.24,24.9,40.9
ORD-000197,2024-03-28,CUST-00718,Lucas Torres,18,Female,Asia Pacific,India,Sports & Outdoors,Camping Sleeping Bag -10°C,2,89.34,0.0,178.68,33.7,60.22
ORD-000198,2024-03-28,CUST-00240,Wei Wang,35,Female,North America,USA,Electronics,Dell XPS 15 Laptop,2,1390.02,0.0,2780.04,10.9,303.02
ORD-000199,2024-03-28,CUST-01657,Liam Brown,45,Male,North America,Canada,Electronics,Canon EOS R50 Camera,1,718.66,6.0,675.54,16.2,109.44
ORD-000200,2024-04-01,CUST-01092,Joseph Ali,27,Male,Europe,Spain,Clothing,Puma Running Shorts,3,42.03,0.0,126.09,33.5,42.24
ORD-000201,2024-04-01,CUST-01782,Jessica Wilson,40,Male,Europe,UK,Electronics,Apple Watch Series 9,1,452.45,4.0,434.35,15.6,67.76
ORD-000202,2024-04-01,CUST-00416,Susan Nguyen,39,Male,Latin America,Colombia,Electronics,USB-C Hub 7-in-1,1,72.22,0.0,72.22,8.1,5.85
ORD-000203,2024-04-02,CUST-00438,Mia Patel,47,Female,Europe,Spain,Electronics,Sony PlayStation 5,1,543.68,6.0,511.06,9.5,48.55
ORD-000204,2024-04-02,CUST-01652,Richard Allen,37,Female,Asia Pacific,Japan,Electronics,Apple Watch Series 9,2,415.48,7.0,772.79,19.8,153.01
ORD-000205,2024-04-03,CUST-01592,Linda Wright,44,Male,Latin America,Argentina,Electronics,Canon EOS R50 Camera,2,700.46,5.0,1330.87,13.1,174.34
ORD-000206,2024-04-03,CUST-00169,Liam Nguyen,54,Male,Asia Pacific,Japan,Electronics,"LG OLED 55"" TV",2,1378.43,0.0,2756.86,9.7,267.42
ORD-000207,2024-04-04,CUST-01612,Susan Thompson,37,Male,Europe,France,Sports & Outdoors,Bowflex SelectTech Dumbbells,2,364.76,11.0,649.27,33.5,217.51
ORD-000208,2024-04-04,CUST-00553,Riley Taylor,19,Female,Middle East,Qatar,Beauty & Personal Care,Philips Norelco Shaver,2,145.54,12.0,256.15,36.5,93.49
ORD-000209,2024-04-04,CUST-00277,Barbara Thompson,28,Male,Europe,Germany,Electronics,USB-C Hub 7-in-1,2,65.49,3.0,127.05,10.3,13.09
ORD-000210,2024-04-05,CUST-01709,Noah Williams,18,Male,North America,USA,Electronics,Bose SoundLink Speaker,2,173.81,11.0,309.38,19.4,60.02
ORD-000211,2024-04-05,CUST-00716,Richard Jackson,25,Male,Latin America,Brazil,Sports & Outdoors,Speedo Swim Goggles,3,24.68,8.0,68.12,36.5,24.86
ORD-000212,2024-04-05,CUST-00237,Hana Johnson,33,Female,Latin America,Argentina,Clothing,Nike Air Max 270,1,145.73,26.0,107.84,45.8,49.39
ORD-000213,2024-04-05,CUST-00719,Sarah Wright,18,Male,North America,Mexico,Clothing,Adidas Ultraboost Shoes,3,157.85,11.0,421.46,37.0,155.94
ORD-000214,2024-04-06,CUST-00233,Susan Thompson,49,Male,Latin America,Argentina,Sports & Outdoors,Spalding NBA Basketball,2,37.82,6.0,71.1,29.7,21.12
ORD-000215,2024-04-06,CUST-01591,Fatima Wright,56,Male,Middle East,UAE,Electronics,"LG OLED 55"" TV",2,1375.76,0.0,2751.52,14.8,407.22
ORD-000216,2024-04-06,CUST-01447,Liam Khan,18,Female,Latin America,Brazil,Beauty & Personal Care,Bioderma Micellar Water 500ml,4,12.82,0.0,51.28,53.5,27.43
ORD-000217,2024-04-07,CUST-01649,Ethan Young,32,Female,North America,Canada,Clothing,Gucci Belt,4,343.77,24.0,1045.06,50.4,526.71
ORD-000218,2024-04-07,CUST-01731,Sophia Taylor,18,Female,Europe,France,Home & Kitchen,Weighted Blanket 15lbs,2,83.28,0.0,166.56,22.0,36.64
ORD-000219,2024-04-08,CUST-00494,Susan Hall,49,Male,Latin America,Colombia,Electronics,Ring Video Doorbell,1,174.91,4.0,167.91,19.7,33.08
ORD-000220,2024-04-08,CUST-01669,Sarah Wilson,49,Male,Latin America,Argentina,Sports & Outdoors,Trek FX3 Bicycle,2,753.99,0.0,1507.98,34.7,523.27
ORD-000221,2024-04-09,CUST-01043,Jessica Hall,37,Male,North America,Canada,Home & Kitchen,Air Purifier HEPA,3,177.12,0.0,531.36,20.6,109.46
ORD-000222,2024-04-09,CUST-00310,Mary Nguyen,41,Female,Europe,Italy,Home & Kitchen,Philips Hue Smart Bulb Set,1,85.87,6.0,80.72,22.5,18.16
ORD-000223,2024-04-09,CUST-01628,Jennifer Torres,29,Female,Latin America,Brazil,Clothing,Nike Air Max 270,2,108.47,29.0,154.03,49.4,76.09
ORD-000224,2024-04-09,CUST-00542,Richard Green,18,Female,Europe,France,Clothing,Converse Chuck Taylor All Star,3,70.93,28.0,153.21,41.5,63.58
ORD-000225,2024-04-09,CUST-00309,Amelia Hill,27,Male,Asia Pacific,Singapore,Home & Kitchen,KitchenAid Stand Mixer,1,406.83,10.0,366.15,38.2,139.87
ORD-000226,2024-04-09,CUST-00448,Karen Jackson,28,Male,Middle East,Saudi Arabia,Home & Kitchen,Smart Thermostat Google Nest,2,148.19,15.0,251.92,27.1,68.27
ORD-000227,2024-04-10,CUST-00632,Karen Harris,59,Female,Asia Pacific,India,Home & Kitchen,Air Purifier HEPA,1,194.78,0.0,194.78,34.5,67.2
ORD-000228,2024-04-10,CUST-00231,Linda Singh,19,Male,Latin America,Argentina,Sports & Outdoors,Spalding NBA Basketball,3,42.28,19.0,102.74,26.8,27.53
ORD-000229,2024-04-10,CUST-00893,Mary Martin,52,Female,Europe,Netherlands,Electronics,Apple MacBook Air M2,2,1001.95,3.0,1943.78,15.2,295.45
ORD-000230,2024-04-11,CUST-01673,Patricia Martin,48,Male,Latin America,Colombia,Electronics,USB-C Hub 7-in-1,2,63.19,0.0,126.38,12.9,16.3
ORD-000231,2024-04-11,CUST-00233,Susan Thompson,49,Male,Latin America,Argentina,Sports & Outdoors,TRX Suspension Trainer,1,153.02,0.0,153.02,36.5,55.85
ORD-000232,2024-04-11,CUST-00444,Hana King,26,Male,North America,Mexico,Clothing,North Face Fleece Jacket,4,100.47,0.0,401.88,32.0,128.6
ORD-000233,2024-04-11,CUST-01152,Lucas Johnson,37,Female,Europe,UK,Electronics,iPhone 15 Pro,1,1048.01,10.0,943.21,8.5,80.17
ORD-000234,2024-04-11,CUST-01649,Ethan Young,32,Female,North America,Canada,Sports & Outdoors,Hydro Flask 32oz Water Bottle,2,49.06,0.0,98.12,36.9,36.21
ORD-000235,2024-04-11,CUST-00313,John Lee,42,Male,Asia Pacific,Australia,Home & Kitchen,Smart Thermostat Google Nest,2,175.35,16.0,294.59,23.7,69.82
ORD-000236,2024-04-11,CUST-01726,Yuki Walker,24,Female,Asia Pacific,South Korea,Home & Kitchen,IKEA KALLAX Shelf Unit,1,172.91,20.0,138.33,29.1,40.25
ORD-000237,2024-04-12,CUST-00259,Lisa Dupont,18,Female,Asia Pacific,Australia,Sports & Outdoors,Yoga Mat Premium Non-Slip,1,57.73,18.0,47.34,29.6,14.01
ORD-000238,2024-04-12,CUST-00016,Amelia Fernandez,36,Female,Europe,Netherlands,Electronics,Dell XPS 15 Laptop,2,1090.9,0.0,2181.8,13.3,290.18
ORD-000239,2024-04-12,CUST-00584,Aiden Jones,46,Male,North America,Canada,Electronics,iPad Pro 11-inch,2,868.09,11.0,1545.2,12.6,194.7
ORD-000240,2024-04-12,CUST-01186,Mason Mitchell,52,Male,North America,USA,Beauty & Personal Care,Foreo LUNA Face Massager,3,140.43,0.0,421.29,47.4,199.69
ORD-000241,2024-04-14,CUST-01316,Mason Chen,40,Female,North America,Canada,Clothing,North Face Fleece Jacket,1,118.05,0.0,118.05,44.2,52.18
ORD-000242,2024-04-14,CUST-01701,Isabella Scott,33,Female,Middle East,UAE,Electronics,Bose SoundLink Speaker,2,176.55,0.0,353.1,15.5,54.73
ORD-000243,2024-04-14,CUST-00400,Emma Thomas,40,Female,Middle East,Qatar,Sports & Outdoors,Spalding NBA Basketball,1,39.24,0.0,39.24,20.6,8.08
ORD-000244,2024-04-15,CUST-01754,Jessica Schmidt,41,Male,Middle East,Saudi Arabia,Clothing,Adidas Ultraboost Shoes,1,170.64,16.0,143.34,31.3,44.87
ORD-000245,2024-04-15,CUST-00410,Sarah Brown,47,Male,Europe,UK,Beauty & Personal Care,CeraVe Moisturizing Cream,3,21.74,17.0,54.13,52.4,28.36
ORD-000246,2024-04-15,CUST-00697,Ana Williams,20,Female,Asia Pacific,Japan,Home & Kitchen,Philips Hue Smart Bulb Set,3,67.36,0.0,202.08,23.0,46.48
ORD-000247,2024-04-15,CUST-00644,Charlotte Wilson,22,Female,North America,USA,Electronics,Apple Watch Series 9,1,442.68,2.0,433.83,15.0,65.07
ORD-000248,2024-04-15,CUST-00379,Charles Mitchell,57,Female,Middle East,Qatar,Sports & Outdoors,Hydro Flask 32oz Water Bottle,3,43.42,14.0,112.02,33.4,37.41
ORD-000249,2024-04-15,CUST-00712,Chen Kim,54,Female,Asia Pacific,India,Electronics,Apple MacBook Air M2,2,1004.03,2.0,1967.9,12.3,242.05
ORD-000250,2024-04-16,CUST-00356,Emma Kim,52,Male,Latin America,Brazil,Sports & Outdoors,Peloton Bike+,3,2224.82,1.0,6607.72,26.7,1764.26
ORD-000251,2024-04-16,CUST-00116,Karen Santos,34,Female,Asia Pacific,India,Electronics,Kindle Paperwhite,2,108.25,0.0,216.5,19.5,42.22
ORD-000252,2024-04-16,CUST-01779,Rafael Martin,20,Male,Europe,Germany,Sports & Outdoors,Bowflex SelectTech Dumbbells,1,410.72,15.0,349.11,26.5,92.51
ORD-000253,2024-04-16,CUST-00789,Emma Martin,26,Female,Europe,UK,Home & Kitchen,Roomba i7+ Robot Vacuum,2,737.99,7.0,1372.66,39.8,546.32
ORD-000254,2024-04-17,CUST-00840,Lucas Martinez,20,Female,North America,Mexico,Home & Kitchen,Bamboo Cutting Board Set,1,43.2,0.0,43.2,36.6,15.81
ORD-000255,2024-04-17,CUST-00641,Patricia Fernandez,60,Male,Europe,UK,Clothing,Timberland Boots,3,159.99,4.0,460.77,34.4,158.5
ORD-000256,2024-04-18,CUST-01212,Jennifer Wilson,35,Female,North America,Canada,Clothing,North Face Fleece Jacket,3,108.51,4.0,312.51,37.7,117.82
ORD-000257,2024-04-18,CUST-01483,James Thompson,40,Male,Latin America,Colombia,Beauty & Personal Care,Olaplex No.3 Hair Perfector,3,34.7,14.0,89.53,52.2,46.73
ORD-000258,2024-04-18,CUST-00776,Michael Santos,44,Male,Asia Pacific,Singapore,Beauty & Personal Care,CeraVe Moisturizing Cream,3,16.67,19.0,40.51,50.1,20.3
ORD-000259,2024-04-18,CUST-00640,Michael Green,39,Male,Middle East,Saudi Arabia,Electronics,Kindle Paperwhite,2,138.54,15.0,235.52,13.3,31.32
ORD-000260,2024-04-18,CUST-00644,Charlotte Wilson,22,Female,North America,USA,Beauty & Personal Care,Philips Norelco Shaver,5,128.5,17.0,533.27,58.4,311.43
ORD-000261,2024-04-18,CUST-00441,Muhammad Brown,28,Male,Middle East,Saudi Arabia,Beauty & Personal Care,Oral-B Electric Toothbrush Pro,5,84.53,0.0,422.65,53.8,227.39
ORD-000262,2024-04-18,CUST-00044,Ahmed Allen,27,Female,North America,USA,Electronics,Apple Watch Series 9,1,477.07,5.0,453.22,9.1,41.24
ORD-000263,2024-04-18,CUST-01556,Lucas Miller,53,Male,North America,Mexico,Clothing,Adidas Ultraboost Shoes,3,164.3,0.0,492.9,41.8,206.03
ORD-000264,2024-04-18,CUST-00479,William Wang,29,Female,North America,USA,Electronics,Sony WH-1000XM5 Headphones,1,268.92,4.0,258.16,16.1,41.56
ORD-000265,2024-04-19,CUST-00069,Fatima Smith,35,Female,Middle East,Qatar,Home & Kitchen,KitchenAid Stand Mixer,1,430.97,9.0,392.18,20.3,79.61
ORD-000266,2024-04-19,CUST-01427,Ana Khan,39,Male,Europe,Spain,Clothing,H&M Cotton T-Shirt Pack,2,19.88,2.0,38.96,42.7,16.64
ORD-000267,2024-04-19,CUST-00076,Oliver Müller,18,Male,Europe,France,Clothing,Calvin Klein Underwear Set,4,43.29,27.0,126.41,33.5,42.35
ORD-000268,2024-04-19,CUST-01423,Lucas Martinez,33,Female,Europe,France,Electronics,Canon EOS R50 Camera,1,841.48,3.0,816.24,12.1,98.77
ORD-000269,2024-04-19,CUST-00342,Sarah Fernandez,62,Male,North America,USA,Clothing,Zara Wool Coat,2,160.54,5.0,305.03,36.2,110.42
ORD-000270,2024-04-19,CUST-00803,Ana Allen,22,Male,Europe,Italy,Electronics,Canon EOS R50 Camera,2,728.74,2.0,1428.33,10.8,154.26
ORD-000271,2024-04-21,CUST-01341,Muhammad Flores,22,Male,Europe,UK,Sports & Outdoors,Yoga Mat Premium Non-Slip,1,42.14,0.0,42.14,28.8,12.14
ORD-000272,2024-04-21,CUST-00154,Thomas Singh,47,Male,Europe,Netherlands,Sports & Outdoors,Peloton Bike+,2,2422.88,5.0,4603.47,31.1,1431.68
ORD-000273,2024-04-21,CUST-00002,Zara Hill,33,Male,North America,Mexico,Electronics,Apple MacBook Air M2,2,1048.77,0.0,2097.54,18.9,396.44
ORD-000274,2024-04-21,CUST-01180,Susan Singh,49,Male,Asia Pacific,South Korea,Electronics,Apple Watch Series 9,1,446.35,5.0,424.03,16.8,71.24
ORD-000275,2024-04-21,CUST-01389,Jennifer Hall,34,Male,Asia Pacific,South Korea,Home & Kitchen,Bamboo Cutting Board Set,2,47.28,16.0,79.43,36.3,28.83
ORD-000276,2024-04-21,CUST-00665,Robert Wright,54,Female,Europe,UK,Electronics,GoPro Hero 12,1,425.96,15.0,362.07,9.2,33.31
ORD-000277,2024-04-21,CUST-00160,Karen Anderson,22,Male,Europe,Netherlands,Electronics,Apple MacBook Air M2,1,1067.37,12.0,939.29,9.0,84.54
ORD-000278,2024-04-21,CUST-01396,Linda Harris,20,Female,Asia Pacific,Australia,Beauty & Personal Care,The Ordinary Serum Set,3,36.24,0.0,108.72,49.0,53.27
ORD-000279,2024-04-22,CUST-00720,Aiden Khan,39,Male,Latin America,Argentina,Electronics,Sony PlayStation 5,2,582.25,0.0,1164.5,18.9,220.09
ORD-000280,2024-04-22,CUST-00664,Mary Anderson,35,Male,Europe,France,Clothing,Zara Wool Coat,4,197.98,24.0,601.86,50.8,305.74
ORD-000281,2024-04-22,CUST-01017,Ahmed Green,29,Female,Latin America,Argentina,Sports & Outdoors,Hydro Flask 32oz Water Bottle,2,56.37,13.0,98.08,23.8,23.34
ORD-000282,2024-04-22,CUST-01749,Mia Jones,26,Female,Asia Pacific,Singapore,Home & Kitchen,Cuisinart 12-Piece Cookware Set,2,205.02,18.0,336.23,32.6,109.61
ORD-000283,2024-04-22,CUST-01759,James Allen,47,Male,North America,Canada,Electronics,Sony PlayStation 5,2,572.58,0.0,1145.16,10.5,120.24
ORD-000284,2024-04-22,CUST-01025,John Jackson,18,Male,North America,USA,Electronics,Kindle Paperwhite,1,109.03,0.0,109.03,10.6,11.56
ORD-000285,2024-04-22,CUST-01157,John Miller,39,Female,North America,Canada,Beauty & Personal Care,Moroccanoil Hair Oil,2,42.65,0.0,85.3,49.1,41.88
ORD-000286,2024-04-23,CUST-00181,Harry Smith,34,Female,Asia Pacific,South Korea,Electronics,GoPro Hero 12,1,403.07,0.0,403.07,16.6,66.91
ORD-000287,2024-04-24,CUST-01072,Patricia Green,25,Female,Asia Pacific,Australia,Beauty & Personal Care,Fenty Beauty Foundation,4,48.12,10.0,173.23,44.1,76.39
ORD-000288,2024-04-25,CUST-00588,Yuki Rossi,42,Male,Middle East,Saudi Arabia,Sports & Outdoors,Hydro Flask 32oz Water Bottle,3,42.6,9.0,116.3,23.9,27.8
ORD-000289,2024-04-25,CUST-01548,Riley Walker,39,Female,Middle East,UAE,Clothing,Ray-Ban Aviator Sunglasses,1,172.2,25.0,129.15,37.8,48.82
ORD-000290,2024-04-25,CUST-01159,Karen Mitchell,26,Female,Europe,Germany,Clothing,Calvin Klein Underwear Set,4,39.95,12.0,140.62,39.3,55.26
ORD-000291,2024-04-25,CUST-00872,Muhammad Jackson,57,Male,North America,Canada,Clothing,Calvin Klein Underwear Set,4,38.02,1.0,150.56,38.8,58.42
ORD-000292,2024-04-25,CUST-01666,Zara Jackson,21,Female,North America,Canada,Electronics,Apple Watch Series 9,1,465.27,5.0,442.01,18.6,82.21
ORD-000293,2024-04-25,CUST-01273,Susan Chen,58,Male,Middle East,Saudi Arabia,Beauty & Personal Care,La Mer Moisturizing Cream,5,261.18,10.0,1175.31,48.2,566.5
ORD-000294,2024-04-26,CUST-00171,Priya Torres,33,Male,Asia Pacific,India,Home & Kitchen,Roomba i7+ Robot Vacuum,2,671.71,0.0,1343.42,25.5,342.57
ORD-000295,2024-04-26,CUST-01562,Barbara Santos,25,Male,Middle East,Saudi Arabia,Electronics,"LG OLED 55"" TV",2,1364.23,7.0,2537.47,15.3,388.23
ORD-000296,2024-04-26,CUST-00473,Fatima Khan,35,Female,Europe,UK,Home & Kitchen,Roomba i7+ Robot Vacuum,3,704.91,16.0,1776.37,25.5,452.97
ORD-000297,2024-04-26,CUST-00950,Sofia Fernandez,50,Female,Latin America,Argentina,Electronics,Canon EOS R50 Camera,2,730.29,0.0,1460.58,8.4,122.69
ORD-000298,2024-04-27,CUST-00176,Jennifer Harris,45,Female,Latin America,Brazil,Electronics,USB-C Hub 7-in-1,1,41.43,0.0,41.43,16.4,6.79
ORD-000299,2024-04-27,CUST-01232,Chen Wang,60,Male,Latin America,Colombia,Beauty & Personal Care,Moroccanoil Hair Oil,1,41.85,2.0,41.01,37.8,15.5
ORD-000300,2024-04-27,CUST-00447,Harry Harris,43,Female,Middle East,Qatar,Beauty & Personal Care,Fenty Beauty Foundation,3,44.58,6.0,125.72,48.1,60.47
ORD-000301,2024-04-27,CUST-01261,Amelia Khan,43,Male,North America,Canada,Clothing,Zara Wool Coat,4,175.19,0.0,700.76,31.9,223.54
ORD-000302,2024-04-27,CUST-00192,Sarah Wang,60,Male,Latin America,Brazil,Electronics,Kindle Paperwhite,2,118.86,8.0,218.7,11.8,25.81
ORD-000303,2024-04-27,CUST-00490,Carlos Taylor,40,Male,Middle East,UAE,Beauty & Personal Care,Bath & Body Works Candle Set,5,45.19,19.0,183.02,51.4,94.07
ORD-000304,2024-04-28,CUST-01374,Jennifer Hill,49,Male,Europe,Germany,Clothing,Calvin Klein Underwear Set,4,50.1,7.0,186.37,54.7,101.94
ORD-000305,2024-04-28,CUST-00524,Oliver Scott,30,Female,Europe,Netherlands,Sports & Outdoors,Resistance Bands Set,3,33.49,13.0,87.41,31.3,27.36
ORD-000306,2024-04-28,CUST-01434,Ali Dupont,31,Female,Asia Pacific,South Korea,Electronics,Apple Watch Series 9,2,436.14,11.0,776.33,15.2,118.0
ORD-000307,2024-04-28,CUST-01379,Susan Singh,34,Male,Latin America,Brazil,Sports & Outdoors,Bowflex SelectTech Dumbbells,2,392.16,0.0,784.32,35.2,276.08
ORD-000308,2024-05-01,CUST-00680,Thomas Miller,31,Female,Asia Pacific,Japan,Beauty & Personal Care,Fenty Beauty Foundation,2,44.16,8.0,81.25,57.1,46.39
ORD-000309,2024-05-01,CUST-01016,Richard Patel,19,Female,Asia Pacific,South Korea,Beauty & Personal Care,Fenty Beauty Foundation,3,37.15,10.0,100.31,49.7,49.85
ORD-000310,2024-05-01,CUST-01687,Amelia Ali,33,Male,Asia Pacific,Japan,Electronics,GoPro Hero 12,1,419.18,0.0,419.18,18.5,77.55
ORD-000311,2024-05-01,CUST-00271,Charles Davis,58,Female,Latin America,Argentina,Electronics,Ring Video Doorbell,1,180.57,1.0,178.76,17.4,31.1
ORD-000312,2024-05-02,CUST-00278,Ravi Santos,28,Male,Europe,Spain,Home & Kitchen,Air Purifier HEPA,1,224.92,4.0,215.92,39.1,84.42
ORD-000313,2024-05-02,CUST-01241,Michael Williams,29,Female,North America,Canada,Clothing,Levi's 501 Jeans,3,83.2,17.0,207.17,45.8,94.88
ORD-000314,2024-05-02,CUST-01753,Sofia Young,19,Male,Europe,UK,Beauty & Personal Care,Tatcha Rice Wash Cleanser,3,47.54,14.0,122.65,45.4,55.68
ORD-000315,2024-05-03,CUST-01762,Wei White,30,Male,Asia Pacific,South Korea,Electronics,iPhone 15 Pro,2,912.0,0.0,1824.0,17.5,319.2
ORD-000316,2024-05-03,CUST-00208,Yuki Kim,32,Male,Asia Pacific,Australia,Home & Kitchen,French Press Coffee Maker,2,32.13,0.0,64.26,22.6,14.52
ORD-000317,2024-05-03,CUST-00067,Amelia Young,18,Female,North America,USA,Electronics,Apple MacBook Air M2,2,1152.0,0.0,2304.0,8.6,198.14
ORD-000318,2024-05-03,CUST-01753,Sofia Young,19,Male,Europe,UK,Clothing,North Face Fleece Jacket,3,147.61,0.0,442.83,36.8,162.96
ORD-000319,2024-05-03,CUST-00228,Robert Santos,57,Male,Europe,Spain,Electronics,Sony WH-1000XM5 Headphones,1,338.4,6.0,318.1,13.9,44.22
ORD-000320,2024-05-03,CUST-00769,Charles Taylor,36,Female,Europe,France,Clothing,Gucci Belt,2,447.61,15.0,760.94,51.4,391.12
ORD-000321,2024-05-04,CUST-00176,Jennifer Harris,45,Female,Latin America,Brazil,Home & Kitchen,Weighted Blanket 15lbs,1,83.98,0.0,83.98,25.4,21.33
ORD-000322,2024-05-04,CUST-00640,Michael Green,39,Male,Middle East,Saudi Arabia,Clothing,Gucci Belt,1,313.85,3.0,304.43,43.9,133.64
ORD-000323,2024-05-04,CUST-00494,Susan Hall,49,Male,Latin America,Colombia,Electronics,Dell XPS 15 Laptop,1,1344.37,8.0,1236.82,15.6,192.94
ORD-000324,2024-05-05,CUST-01206,Liam Mitchell,43,Male,Latin America,Argentina,Electronics,"LG OLED 55"" TV",2,1440.46,0.0,2880.92,9.5,273.69
ORD-000325,2024-05-05,CUST-01326,Priya Brown,30,Female,Middle East,Saudi Arabia,Clothing,Adidas Ultraboost Shoes,1,149.6,0.0,149.6,53.4,79.89
ORD-000326,2024-05-06,CUST-01330,Thomas Wright,40,Female,Latin America,Brazil,Electronics,"LG OLED 55"" TV",1,1442.92,13.0,1255.34,14.9,187.05
ORD-000327,2024-05-06,CUST-00002,Zara Hill,33,Male,North America,Mexico,Beauty & Personal Care,Bath & Body Works Candle Set,1,34.2,19.0,27.7,43.6,12.08
ORD-000328,2024-05-06,CUST-00630,Isabella Singh,30,Male,Latin America,Colombia,Beauty & Personal Care,La Mer Moisturizing Cream,2,224.71,11.0,399.98,45.9,183.59
ORD-000329,2024-05-06,CUST-01737,Ali Williams,44,Female,Middle East,Saudi Arabia,Clothing,Puma Running Shorts,3,41.7,27.0,91.32,50.3,45.93
ORD-000330,2024-05-06,CUST-00094,Barbara Johnson,37,Male,Asia Pacific,Australia,Clothing,Adidas Ultraboost Shoes,1,172.75,18.0,141.66,45.1,63.89
ORD-000331,2024-05-06,CUST-00979,Emma Adams,28,Female,North America,USA,Electronics,GoPro Hero 12,1,449.21,0.0,449.21,13.3,59.74
ORD-000332,2024-05-06,CUST-01203,Barbara Dupont,35,Male,Latin America,Argentina,Home & Kitchen,Bamboo Cutting Board Set,2,42.35,2.0,83.01,25.8,21.42
ORD-000333,2024-05-06,CUST-01415,Ava Miller,44,Female,Latin America,Brazil,Electronics,Canon EOS R50 Camera,1,790.62,1.0,782.71,19.1,149.5
ORD-000334,2024-05-06,CUST-01232,Chen Wang,60,Male,Latin America,Colombia,Clothing,Converse Chuck Taylor All Star,1,71.76,0.0,71.76,47.9,34.37
ORD-000335,2024-05-07,CUST-01025,John Jackson,18,Male,North America,USA,Sports & Outdoors,Fitbit Charge 6,2,166.87,0.0,333.74,23.0,76.76
ORD-000336,2024-05-07,CUST-00893,Mary Martin,52,Female,Europe,Netherlands,Sports & Outdoors,TRX Suspension Trainer,2,193.7,6.0,364.16,21.1,76.84
ORD-000337,2024-05-07,CUST-01657,Liam Brown,45,Male,North America,Canada,Sports & Outdoors,Camping Sleeping Bag -10°C,2,112.92,4.0,216.81,35.8,77.62
ORD-000338,2024-05-07,CUST-00184,Richard Müller,32,Female,Middle East,Saudi Arabia,Clothing,Under Armour Sports Bra,4,46.65,25.0,139.95,42.7,59.76
ORD-000339,2024-05-07,CUST-01536,Laila Khan,18,Female,Middle East,Saudi Arabia,Beauty & Personal Care,The Ordinary Serum Set,4,33.14,0.0,132.56,50.0,66.28
ORD-000340,2024-05-07,CUST-01336,Liam Müller,42,Female,Europe,Spain,Electronics,Bose SoundLink Speaker,1,203.15,0.0,203.15,8.5,17.27
ORD-000341,2024-05-08,CUST-01660,Emma Müller,32,Female,North America,USA,Electronics,"LG OLED 55"" TV",2,1471.65,14.0,2531.24,15.7,397.4
ORD-000342,2024-05-08,CUST-00503,Jennifer Young,38,Male,Asia Pacific,Australia,Clothing,Tommy Hilfiger Polo Shirt,3,73.91,4.0,212.86,34.1,72.59
ORD-000343,2024-05-08,CUST-01446,Riley Garcia,39,Female,Latin America,Brazil,Home & Kitchen,Cuisinart 12-Piece Cookware Set,2,238.1,13.0,414.29,24.4,101.09
ORD-000344,2024-05-09,CUST-01563,Charlotte Hill,38,Male,Middle East,UAE,Sports & Outdoors,Foam Roller Set,3,33.05,21.0,78.33,23.7,18.56
ORD-000345,2024-05-09,CUST-00985,Aiden Mitchell,23,Female,Europe,France,Sports & Outdoors,Bowflex SelectTech Dumbbells,3,340.68,0.0,1022.04,20.4,208.5
ORD-000346,2024-05-09,CUST-00254,Chen Singh,18,Male,Latin America,Colombia,Clothing,Adidas Ultraboost Shoes,1,158.94,15.0,135.1,32.7,44.18
ORD-000347,2024-05-10,CUST-01761,Lucas Miller,40,Female,Europe,UK,Sports & Outdoors,Spalding NBA Basketball,2,37.56,14.0,64.6,36.3,23.45
ORD-000348,2024-05-10,CUST-01663,Sophia Miller,42,Female,North America,Canada,Clothing,Gucci Belt,2,344.64,13.0,599.67,37.9,227.27
ORD-000349,2024-05-10,CUST-00452,Muhammad White,42,Male,Middle East,Saudi Arabia,Electronics,USB-C Hub 7-in-1,2,53.56,1.0,106.05,14.8,15.7
ORD-000350,2024-05-10,CUST-00151,Priya Carter,19,Male,Latin America,Colombia,Electronics,Ring Video Doorbell,2,107.23,8.0,197.3,15.1,29.79
ORD-000351,2024-05-10,CUST-01241,Michael Williams,29,Female,North America,Canada,Clothing,Under Armour Sports Bra,2,40.51,12.0,71.3,36.8,26.24
ORD-000352,2024-05-10,CUST-00532,Jennifer Davis,37,Female,North America,Canada,Clothing,Timberland Boots,2,165.61,14.0,284.85,43.6,124.19
ORD-000353,2024-05-10,CUST-00588,Yuki Rossi,42,Male,Middle East,Saudi Arabia,Electronics,GoPro Hero 12,1,367.82,0.0,367.82,15.4,56.64
ORD-000354,2024-05-10,CUST-00032,Ali Garcia,30,Male,Europe,UK,Electronics,Apple Watch Series 9,1,465.77,3.0,451.8,15.7,70.93
ORD-000355,2024-05-10,CUST-00103,Karen Flores,32,Male,Latin America,Argentina,Electronics,Sony PlayStation 5,2,607.91,14.0,1045.61,14.7,153.7
ORD-000356,2024-05-10,CUST-00040,Rafael Nelson,32,Female,Latin America,Brazil,Electronics,Canon EOS R50 Camera,2,746.27,0.0,1492.54,8.7,129.85
ORD-000357,2024-05-11,CUST-00618,Charlotte Carter,18,Male,North America,USA,Home & Kitchen,Roomba i7+ Robot Vacuum,3,798.28,0.0,2394.84,30.0,718.45
ORD-000358,2024-05-11,CUST-01269,Mary Nelson,35,Male,Latin America,Argentina,Clothing,Ray-Ban Aviator Sunglasses,4,136.07,9.0,495.29,40.0,198.12
ORD-000359,2024-05-12,CUST-01332,Muhammad Taylor,48,Female,Europe,France,Beauty & Personal Care,Neutrogena SPF 50 Sunscreen,2,18.42,14.0,31.68,35.1,11.12
ORD-000360,2024-05-13,CUST-00545,Wei Khan,19,Female,Latin America,Brazil,Beauty & Personal Care,Foreo LUNA Face Massager,5,100.83,0.0,504.15,52.1,262.66
ORD-000361,2024-05-13,CUST-01776,Laila Allen,24,Female,North America,USA,Clothing,Under Armour Sports Bra,2,34.8,19.0,56.38,34.1,19.23
ORD-000362,2024-05-14,CUST-01722,Ali Lopez,30,Male,Asia Pacific,India,Clothing,Zara Wool Coat,2,156.41,0.0,312.82,52.8,165.17
ORD-000363,2024-05-14,CUST-00085,Robert Singh,44,Female,Europe,France,Electronics,GoPro Hero 12,1,408.03,5.0,387.63,17.9,69.39
ORD-000364,2024-05-14,CUST-01281,John Miller,45,Female,Asia Pacific,India,Clothing,Uniqlo Down Jacket,2,121.27,2.0,237.69,47.1,111.95
ORD-000365,2024-05-14,CUST-01628,Jennifer Torres,29,Female,Latin America,Brazil,Clothing,Adidas Ultraboost Shoes,3,173.3,26.0,384.73,54.5,209.68
ORD-000366,2024-05-15,CUST-01273,Susan Chen,58,Male,Middle East,Saudi Arabia,Clothing,Levi's 501 Jeans,3,57.96,22.0,135.63,32.2,43.67
ORD-000367,2024-05-15,CUST-00617,Linda Baker,44,Female,Asia Pacific,Japan,Electronics,"LG OLED 55"" TV",2,1715.99,12.0,3020.14,16.3,492.28
ORD-000368,2024-05-15,CUST-01681,Harry Smith,45,Male,Europe,Italy,Beauty & Personal Care,Bath & Body Works Candle Set,3,47.24,20.0,113.38,57.2,64.85
ORD-000369,2024-05-16,CUST-00067,Amelia Young,18,Female,North America,USA,Sports & Outdoors,Speedo Swim Goggles,3,34.84,9.0,95.11,28.4,27.01
ORD-000370,2024-05-17,CUST-01367,Liam Taylor,44,Female,Asia Pacific,Singapore,Clothing,Under Armour Sports Bra,2,44.39,8.0,81.68,51.3,41.9
ORD-000371,2024-05-17,CUST-00807,Ahmed Wilson,46,Male,Latin America,Brazil,Beauty & Personal Care,Olaplex No.3 Hair Perfector,1,35.0,11.0,31.15,38.0,11.84
ORD-000372,2024-05-17,CUST-00280,Yuki Hall,51,Female,Latin America,Argentina,Home & Kitchen,Nespresso Vertuo Coffee Machine,1,169.08,13.0,147.1,35.8,52.66
ORD-000373,2024-05-17,CUST-01666,Zara Jackson,21,Female,North America,Canada,Electronics,GoPro Hero 12,1,420.91,0.0,420.91,16.1,67.77
ORD-000374,2024-05-18,CUST-00235,Lucas Khan,18,Female,Middle East,Saudi Arabia,Electronics,Ring Video Doorbell,1,171.41,0.0,171.41,17.2,29.48
ORD-000375,2024-05-18,CUST-00331,Priya Brown,45,Female,Europe,France,Electronics,iPhone 15 Pro,1,1058.94,3.0,1027.17,19.1,196.19
ORD-000376,2024-05-18,CUST-00093,Jennifer Santos,26,Female,North America,Canada,Electronics,USB-C Hub 7-in-1,1,56.22,5.0,53.41,8.1,4.33
ORD-000377,2024-05-18,CUST-00067,Amelia Young,18,Female,North America,USA,Home & Kitchen,Dyson V15 Vacuum,1,595.82,0.0,595.82,31.9,190.07
ORD-000378,2024-05-18,CUST-00856,Sofia Lopez,50,Female,Asia Pacific,Australia,Clothing,Zara Wool Coat,3,126.35,27.0,276.71,53.7,148.59
ORD-000379,2024-05-18,CUST-00280,Yuki Hall,51,Female,Latin America,Argentina,Electronics,Canon EOS R50 Camera,2,750.34,11.0,1335.61,8.2,109.52
ORD-000380,2024-05-18,CUST-01680,Charlotte Rossi,34,Female,Europe,Italy,Home & Kitchen,Smart Thermostat Google Nest,3,135.36,0.0,406.08,29.3,118.98
ORD-000381,2024-05-19,CUST-01036,Michael Taylor,36,Female,Asia Pacific,Singapore,Beauty & Personal Care,Moroccanoil Hair Oil,2,42.92,17.0,71.25,48.2,34.34
ORD-000382,2024-05-19,CUST-01775,Ava White,33,Male,Asia Pacific,Australia,Electronics,Apple MacBook Air M2,2,1235.52,0.0,2471.04,19.0,469.5
ORD-000383,2024-05-19,CUST-01742,Yuki Mitchell,38,Female,Europe,Germany,Clothing,Under Armour Sports Bra,1,47.01,0.0,47.01,54.4,25.57
ORD-000384,2024-05-19,CUST-00595,Layla Smith,41,Male,Middle East,Qatar,Electronics,Sony PlayStation 5,1,565.28,9.0,514.4,10.2,52.47
ORD-000385,2024-05-19,CUST-01247,Liam Ali,40,Female,North America,Mexico,Electronics,iPad Pro 11-inch,1,825.01,9.0,750.76,16.7,125.38
ORD-000386,2024-05-19,CUST-00776,Michael Santos,44,Male,Asia Pacific,Singapore,Clothing,Under Armour Sports Bra,2,47.3,0.0,94.6,39.5,37.37
ORD-000387,2024-05-19,CUST-01237,Ava Allen,18,Female,Asia Pacific,Japan,Home & Kitchen,Instant Pot Duo 7-in-1,3,94.93,0.0,284.79,25.3,72.05
ORD-000388,2024-05-20,CUST-01232,Chen Wang,60,Male,Latin America,Colombia,Electronics,Apple MacBook Air M2,2,1065.21,0.0,2130.42,13.4,285.48
ORD-000389,2024-05-21,CUST-00153,Wei Rossi,60,Male,Latin America,Colombia,Electronics,Sony WH-1000XM5 Headphones,1,300.18,0.0,300.18,9.3,27.92
ORD-000390,2024-05-21,CUST-00908,Isabella Wilson,35,Male,Asia Pacific,South Korea,Clothing,Ray-Ban Aviator Sunglasses,2,143.25,0.0,286.5,39.7,113.74
ORD-000391,2024-05-21,CUST-01058,Priya Müller,46,Female,North America,Canada,Home & Kitchen,Dyson V15 Vacuum,2,681.76,2.0,1336.25,28.7,383.5
ORD-000392,2024-05-22,CUST-00099,Linda Green,23,Male,Middle East,UAE,Beauty & Personal Care,Charlotte Tilbury Lipstick,2,37.43,0.0,74.86,43.0,32.19
ORD-000393,2024-05-22,CUST-01533,Riley Adams,40,Female,Europe,Netherlands,Clothing,Uniqlo Down Jacket,2,96.44,7.0,179.38,30.4,54.53
ORD-000394,2024-05-22,CUST-00460,Lisa Schmidt,47,Male,Middle East,UAE,Electronics,Kindle Paperwhite,2,122.35,0.0,244.7,18.3,44.78
ORD-000395,2024-05-22,CUST-00664,Mary Anderson,35,Male,Europe,France,Clothing,Converse Chuck Taylor All Star,1,56.91,8.0,52.36,31.9,16.7
ORD-000396,2024-05-22,CUST-01084,Chen Allen,30,Female,Europe,Italy,Home & Kitchen,Instant Pot Duo 7-in-1,1,99.76,10.0,89.78,23.3,20.92
ORD-000397,2024-05-22,CUST-00586,Priya Santos,27,Female,Asia Pacific,Australia,Clothing,Timberland Boots,4,165.88,13.0,577.26,45.2,260.92
ORD-000398,2024-05-22,CUST-00019,Barbara Thompson,34,Female,Middle East,Qatar,Electronics,iPhone 15 Pro,1,1090.86,6.0,1025.41,15.9,163.04
ORD-000399,2024-05-23,CUST-01717,Priya Müller,23,Female,Asia Pacific,Australia,Sports & Outdoors,Coleman 4-Person Camping Tent,2,169.05,0.0,338.1,28.0,94.67
ORD-000400,2024-05-23,CUST-00001,Sarah Harris,40,Female,North America,USA,Electronics,Sony WH-1000XM5 Headphones,2,297.25,0.0,594.5,16.7,99.28
ORD-000401,2024-05-23,CUST-00952,Ava Khan,33,Male,North America,Mexico,Home & Kitchen,Bamboo Cutting Board Set,3,30.54,3.0,88.87,27.2,24.17
ORD-000402,2024-05-23,CUST-00125,Sofia Ahmed,47,Female,Europe,UK,Electronics,Sony WH-1000XM5 Headphones,1,247.49,3.0,240.07,12.6,30.25
ORD-000403,2024-05-24,CUST-00282,Olivia Baker,38,Male,Asia Pacific,South Korea,Electronics,Ring Video Doorbell,1,153.39,0.0,153.39,8.5,13.04
ORD-000404,2024-05-24,CUST-00862,Hana Roberts,42,Female,North America,Mexico,Clothing,Levi's 501 Jeans,3,80.33,14.0,207.25,31.9,66.11
ORD-000405,2024-05-24,CUST-01453,Amelia Rossi,45,Male,North America,Mexico,Electronics,iPhone 15 Pro,2,1074.37,14.0,1847.92,14.8,273.49
ORD-000406,2024-05-24,CUST-00204,Carlos Lee,37,Female,Asia Pacific,South Korea,Beauty & Personal Care,Philips Norelco Shaver,1,104.12,0.0,104.12,58.9,61.33
ORD-000407,2024-05-25,CUST-00002,Zara Hill,33,Male,North America,Mexico,Sports & Outdoors,Foam Roller Set,3,26.74,0.0,80.22,30.7,24.63
ORD-000408,2024-05-25,CUST-00523,Sarah Thompson,39,Female,Middle East,UAE,Home & Kitchen,Dyson V15 Vacuum,3,743.14,12.0,1961.89,38.3,751.4
ORD-000409,2024-05-25,CUST-00566,Carlos Wilson,18,Male,North America,Canada,Electronics,Canon EOS R50 Camera,2,819.84,8.0,1508.51,16.3,245.89
ORD-000410,2024-05-26,CUST-00958,Ava Jackson,23,Female,Europe,Spain,Clothing,Calvin Klein Underwear Set,3,47.44,0.0,142.32,44.1,62.76
ORD-000411,2024-05-26,CUST-00354,Wei Garcia,57,Male,Asia Pacific,Singapore,Sports & Outdoors,Bowflex SelectTech Dumbbells,1,349.76,7.0,325.28,19.5,63.43
ORD-000412,2024-05-26,CUST-01653,Carlos Hill,45,Male,Latin America,Brazil,Beauty & Personal Care,Moroccanoil Hair Oil,1,45.09,0.0,45.09,38.8,17.49
ORD-000413,2024-05-26,CUST-00911,Layla Smith,22,Male,Latin America,Colombia,Electronics,iPhone 15 Pro,1,1021.75,8.0,940.01,9.9,93.06
ORD-000414,2024-05-27,CUST-00751,James Williams,34,Female,Middle East,Saudi Arabia,Clothing,Zara Wool Coat,2,146.88,0.0,293.76,52.9,155.4
ORD-000415,2024-05-27,CUST-01626,Olivia Wang,18,Female,Latin America,Argentina,Home & Kitchen,French Press Coffee Maker,3,38.92,9.0,106.25,24.7,26.24
ORD-000416,2024-05-27,CUST-00080,Sofia Mitchell,35,Female,Asia Pacific,South Korea,Sports & Outdoors,Spalding NBA Basketball,1,32.36,21.0,25.56,21.8,5.57
ORD-000417,2024-05-28,CUST-01273,Susan Chen,58,Male,Middle East,Saudi Arabia,Home & Kitchen,IKEA KALLAX Shelf Unit,3,185.02,0.0,555.06,34.0,188.72
ORD-000418,2024-05-28,CUST-00544,Olivia King,43,Male,Middle East,Qatar,Electronics,Ring Video Doorbell,2,175.91,3.0,341.27,15.3,52.21
ORD-000419,2024-05-28,CUST-00231,Linda Singh,19,Male,Latin America,Argentina,Home & Kitchen,LED Desk Lamp with USB,2,39.12,0.0,78.24,29.1,22.77
ORD-000420,2024-05-28,CUST-01797,Ravi Hill,45,Male,Latin America,Brazil,Home & Kitchen,Nespresso Vertuo Coffee Machine,3,179.04,14.0,461.92,32.1,148.28
ORD-000421,2024-06-01,CUST-00260,Patricia Anderson,34,Male,Latin America,Colombia,Home & Kitchen,Roomba i7+ Robot Vacuum,1,679.12,5.0,645.16,25.0,161.29
ORD-000422,2024-06-01,CUST-01007,Emma Smith,54,Female,North America,USA,Beauty & Personal Care,Moroccanoil Hair Oil,3,28.73,28.0,62.06,50.8,31.53
ORD-000423,2024-06-02,CUST-01594,Riley Johnson,18,Female,Asia Pacific,India,Electronics,Samsung Galaxy S24,2,894.12,3.0,1734.59,16.3,282.74
ORD-000424,2024-06-02,CUST-00133,Riley Hall,25,Male,Middle East,Saudi Arabia,Electronics,Dell XPS 15 Laptop,2,1220.12,0.0,2440.24,18.5,451.44
ORD-000425,2024-06-02,CUST-01025,John Jackson,18,Male,North America,USA,Electronics,Sony WH-1000XM5 Headphones,2,329.9,0.0,659.8,10.6,69.94
ORD-000426,2024-06-02,CUST-00767,Charles Davis,27,Male,Middle East,UAE,Clothing,Nike Air Max 270,3,110.52,5.0,314.98,52.7,165.99
ORD-000427,2024-06-02,CUST-00670,Carlos Patel,47,Male,Europe,Germany,Home & Kitchen,Ninja Air Fryer XL,1,113.22,0.0,113.22,22.1,25.02
ORD-000428,2024-06-02,CUST-01653,Carlos Hill,45,Male,Latin America,Brazil,Clothing,Timberland Boots,3,174.11,12.0,459.65,49.1,225.69
ORD-000429,2024-06-02,CUST-01046,Charlotte Walker,35,Female,Europe,Germany,Electronics,Bose SoundLink Speaker,2,187.67,13.0,326.55,18.8,61.39
ORD-000430,2024-06-03,CUST-01780,Layla Hall,36,Female,Europe,Spain,Electronics,Kindle Paperwhite,2,109.57,0.0,219.14,13.9,30.46
ORD-000431,2024-06-03,CUST-00976,Thomas Chen,57,Male,Latin America,Brazil,Home & Kitchen,Weighted Blanket 15lbs,1,68.29,26.0,50.53,39.8,20.11
ORD-000432,2024-06-03,CUST-01689,Charlotte Wright,53,Female,Middle East,UAE,Electronics,GoPro Hero 12,2,414.39,17.0,687.89,17.7,121.76
ORD-000433,2024-06-03,CUST-00157,Charles Schmidt,40,Male,Asia Pacific,Japan,Clothing,Puma Running Shorts,1,24.95,0.0,24.95,54.5,13.6
ORD-000434,2024-06-03,CUST-00239,Emma Ahmed,35,Male,Middle East,UAE,Home & Kitchen,LED Desk Lamp with USB,2,44.28,5.0,84.13,33.7,28.35
ORD-000435,2024-06-03,CUST-00586,Priya Santos,27,Female,Asia Pacific,Australia,Electronics,Dell XPS 15 Laptop,1,1528.5,0.0,1528.5,16.9,258.32
ORD-000436,2024-06-03,CUST-00014,Muhammad Dupont,32,Male,North America,Mexico,Beauty & Personal Care,Dyson Airwrap Styler,3,548.1,9.0,1496.31,58.8,879.83
ORD-000437,2024-06-03,CUST-00485,Michael Carter,46,Male,Middle East,UAE,Sports & Outdoors,Resistance Bands Set,2,32.84,10.0,59.11,32.9,19.45
ORD-000438,2024-06-04,CUST-00092,Oliver Lopez,38,Female,Europe,Spain,Beauty & Personal Care,Foreo LUNA Face Massager,4,82.03,0.0,328.12,45.5,149.29
ORD-000439,2024-06-04,CUST-01337,Sofia Roberts,49,Male,Middle East,UAE,Sports & Outdoors,Wilson Tennis Racket Pro,3,130.51,8.0,360.21,26.9,96.9
ORD-000440,2024-06-04,CUST-01052,Patricia Walker,18,Female,Latin America,Brazil,Clothing,Levi's 501 Jeans,1,82.41,20.0,65.93,53.9,35.54
ORD-000441,2024-06-04,CUST-00283,John Brown,33,Female,Asia Pacific,Singapore,Home & Kitchen,Philips Hue Smart Bulb Set,2,62.06,10.0,111.71,20.2,22.57
ORD-000442,2024-06-05,CUST-01554,Ana Brown,21,Male,Latin America,Colombia,Electronics,Sony WH-1000XM5 Headphones,1,270.7,0.0,270.7,8.5,23.01
ORD-000443,2024-06-05,CUST-00772,Barbara Garcia,18,Female,Latin America,Colombia,Beauty & Personal Care,Charlotte Tilbury Lipstick,4,30.74,0.0,122.96,58.2,71.56
ORD-000444,2024-06-05,CUST-00304,Lisa Martinez,24,Male,Europe,Spain,Home & Kitchen,Philips Hue Smart Bulb Set,3,84.29,19.0,204.82,22.3,45.67
ORD-000445,2024-06-05,CUST-01659,Zara Davis,27,Female,Middle East,UAE,Electronics,Bose SoundLink Speaker,2,172.72,0.0,345.44,8.4,29.02
ORD-000446,2024-06-05,CUST-00611,Lucas Wright,52,Female,North America,Canada,Clothing,Calvin Klein Underwear Set,4,44.78,10.0,161.21,30.8,49.65
ORD-000447,2024-06-05,CUST-01487,Barbara Thompson,51,Female,North America,Canada,Electronics,Samsung Galaxy S24,2,865.16,0.0,1730.32,12.7,219.75
ORD-000448,2024-06-05,CUST-01528,Jennifer Wilson,48,Female,Asia Pacific,Singapore,Home & Kitchen,Nespresso Vertuo Coffee Machine,3,209.23,28.0,451.94,21.4,96.72
ORD-000449,2024-06-05,CUST-00941,Jessica Patel,35,Female,Middle East,Saudi Arabia,Beauty & Personal Care,Bath & Body Works Candle Set,3,36.43,21.0,86.34,50.0,43.17
ORD-000450,2024-06-06,CUST-00977,Lisa Harris,48,Female,North America,Mexico,Clothing,North Face Fleece Jacket,2,134.59,36.0,172.28,47.6,82.01
ORD-000451,2024-06-06,CUST-00375,Richard Santos,31,Female,Latin America,Colombia,Home & Kitchen,KitchenAid Stand Mixer,2,389.06,17.0,645.84,33.2,214.42
ORD-000452,2024-06-06,CUST-00020,Laila Khan,22,Female,Europe,Netherlands,Home & Kitchen,Roomba i7+ Robot Vacuum,2,746.35,14.0,1283.72,34.4,441.6
ORD-000453,2024-06-06,CUST-01652,Richard Allen,37,Female,Asia Pacific,Japan,Electronics,Dell XPS 15 Laptop,1,1347.69,20.0,1078.15,17.8,191.91
ORD-000454,2024-06-06,CUST-00944,Barbara Fernandez,40,Female,Europe,Germany,Electronics,iPhone 15 Pro,2,1172.63,23.0,1805.85,14.4,260.04
ORD-000455,2024-06-07,CUST-01532,Mary Davis,53,Female,Europe,Italy,Sports & Outdoors,Speedo Swim Goggles,2,25.9,1.0,51.28,30.3,15.54
ORD-000456,2024-06-07,CUST-00781,Zara Adams,34,Female,Europe,UK,Electronics,iPad Pro 11-inch,2,1042.75,0.0,2085.5,13.8,287.8
ORD-000457,2024-06-07,CUST-01602,Rafael Flores,31,Male,Asia Pacific,South Korea,Sports & Outdoors,Garmin GPS Running Watch,3,262.54,0.0,787.62,25.8,203.21
ORD-000458,2024-06-07,CUST-01566,Patricia Torres,32,Female,Middle East,UAE,Home & Kitchen,Philips Hue Smart Bulb Set,1,62.39,26.0,46.17,22.6,10.43
ORD-000459,2024-06-07,CUST-01596,James Davis,45,Female,Europe,Germany,Electronics,Kindle Paperwhite,1,113.69,10.0,102.32,12.0,12.28
ORD-000460,2024-06-07,CUST-01790,Fatima Dupont,25,Male,North America,Canada,Sports & Outdoors,Speedo Swim Goggles,3,23.53,11.0,62.83,34.5,21.68
ORD-000461,2024-06-08,CUST-01367,Liam Taylor,44,Female,Asia Pacific,Singapore,Sports & Outdoors,Wilson Tennis Racket Pro,2,201.73,8.0,371.18,35.5,131.77
ORD-000462,2024-06-08,CUST-00799,Amelia Wang,30,Female,North America,Canada,Electronics,Canon EOS R50 Camera,1,817.01,4.0,784.33,19.3,151.38
ORD-000463,2024-06-08,CUST-00639,Thomas Thomas,45,Female,North America,Mexico,Beauty & Personal Care,Tatcha Rice Wash Cleanser,4,44.75,25.0,134.25,36.3,48.73
ORD-000464,2024-06-08,CUST-00915,Susan Wright,42,Female,Middle East,Qatar,Home & Kitchen,LED Desk Lamp with USB,1,36.2,18.0,29.68,32.7,9.71
ORD-000465,2024-06-08,CUST-00322,Ava Adams,32,Male,Latin America,Colombia,Electronics,iPad Pro 11-inch,2,993.02,4.0,1906.6,17.4,331.75
ORD-000466,2024-06-08,CUST-00768,Priya Thompson,31,Male,Middle East,UAE,Clothing,H&M Cotton T-Shirt Pack,1,30.11,0.0,30.11,50.5,15.21
ORD-000467,2024-06-08,CUST-00622,Priya Fernandez,48,Female,Middle East,Saudi Arabia,Home & Kitchen,IKEA KALLAX Shelf Unit,1,146.92,23.0,113.13,26.8,30.32
ORD-000468,2024-06-08,CUST-00085,Robert Singh,44,Female,Europe,France,Sports & Outdoors,Yoga Mat Premium Non-Slip,3,39.97,30.0,83.94,22.4,18.8
ORD-000469,2024-06-10,CUST-00467,Laila Davis,50,Male,North America,USA,Home & Kitchen,IKEA KALLAX Shelf Unit,3,140.44,26.0,311.78,27.5,85.74
ORD-000470,2024-06-10,CUST-01788,Lucas Chen,44,Female,Middle East,Saudi Arabia,Electronics,Sony WH-1000XM5 Headphones,2,307.93,0.0,615.86,13.2,81.29
ORD-000471,2024-06-10,CUST-01722,Ali Lopez,30,Male,Asia Pacific,India,Electronics,iPad Pro 11-inch,1,804.95,6.0,756.65,11.2,84.74
ORD-000472,2024-06-10,CUST-01007,Emma Smith,54,Female,North America,USA,Clothing,Levi's 501 Jeans,4,74.8,0.0,299.2,33.6,100.53
ORD-000473,2024-06-10,CUST-00907,Oliver Fernandez,22,Female,Middle East,UAE,Electronics,"LG OLED 55"" TV",1,1836.87,18.0,1506.23,8.5,128.03
ORD-000474,2024-06-10,CUST-00023,Chen Jones,19,Female,Europe,Netherlands,Electronics,Kindle Paperwhite,2,98.05,0.0,196.1,10.9,21.37
ORD-000475,2024-06-11,CUST-01096,Ethan Harris,23,Female,Middle East,UAE,Beauty & Personal Care,Tatcha Rice Wash Cleanser,5,47.92,9.0,218.04,37.2,81.11
ORD-000476,2024-06-11,CUST-01327,David Chen,41,Female,Asia Pacific,India,Home & Kitchen,Nespresso Vertuo Coffee Machine,2,188.13,0.0,376.26,23.6,88.8
ORD-000477,2024-06-12,CUST-01648,James Hill,50,Female,Latin America,Argentina,Electronics,Kindle Paperwhite,2,138.92,14.0,238.94,16.8,40.14
ORD-000478,2024-06-12,CUST-00931,Joseph Ahmed,57,Female,Asia Pacific,India,Home & Kitchen,Dyson V15 Vacuum,2,588.03,29.0,835.0,38.6,322.31
ORD-000479,2024-06-12,CUST-01385,Mason Ali,28,Male,Asia Pacific,South Korea,Clothing,Tommy Hilfiger Polo Shirt,4,72.17,38.0,178.98,39.4,70.52
ORD-000480,2024-06-12,CUST-00117,Mary Rossi,24,Female,Asia Pacific,Japan,Clothing,H&M Cotton T-Shirt Pack,2,25.23,0.0,50.46,54.1,27.3
ORD-000481,2024-06-12,CUST-01293,Ali Roberts,21,Male,Europe,Netherlands,Electronics,Dell XPS 15 Laptop,1,1449.2,19.0,1173.85,9.3,109.17
ORD-000482,2024-06-12,CUST-00606,Ana Wilson,47,Male,Europe,UK,Beauty & Personal Care,CeraVe Moisturizing Cream,3,18.26,7.0,50.95,36.2,18.44
ORD-000483,2024-06-12,CUST-00944,Barbara Fernandez,40,Female,Europe,Germany,Home & Kitchen,LED Desk Lamp with USB,1,33.14,26.0,24.52,24.1,5.91
ORD-000484,2024-06-12,CUST-00644,Charlotte Wilson,22,Female,North America,USA,Home & Kitchen,Dyson V15 Vacuum,2,655.7,24.0,996.66,29.3,292.02
ORD-000485,2024-06-12,CUST-00031,Amelia Martinez,38,Female,North America,USA,Electronics,iPad Pro 11-inch,2,775.15,0.0,1550.3,13.3,206.19
ORD-000486,2024-06-12,CUST-00650,Karen Scott,34,Male,Middle East,UAE,Sports & Outdoors,Coleman 4-Person Camping Tent,2,143.94,17.0,238.94,26.7,63.8
ORD-000487,2024-06-13,CUST-00536,Sofia Martinez,26,Male,North America,Canada,Electronics,Ring Video Doorbell,2,187.93,6.0,353.31,19.9,70.31
ORD-000488,2024-06-13,CUST-01612,Susan Thompson,37,Male,Europe,France,Home & Kitchen,Cuisinart 12-Piece Cookware Set,3,257.07,2.0,755.79,31.7,239.59
ORD-000489,2024-06-13,CUST-00947,Susan Santos,37,Female,Latin America,Argentina,Electronics,Kindle Paperwhite,1,115.11,17.0,95.54,9.9,9.46
ORD-000490,2024-06-13,CUST-01790,Fatima Dupont,25,Male,North America,Canada,Sports & Outdoors,Garmin GPS Running Watch,1,392.95,26.0,290.78,21.2,61.65
ORD-000491,2024-06-14,CUST-01666,Zara Jackson,21,Female,North America,Canada,Home & Kitchen,Roomba i7+ Robot Vacuum,3,683.6,3.0,1989.28,33.4,664.42
ORD-000492,2024-06-14,CUST-01645,Robert Khan,43,Male,Latin America,Colombia,Sports & Outdoors,Trek FX3 Bicycle,3,871.96,3.0,2537.4,31.6,801.82
ORD-000493,2024-06-14,CUST-00089,Sophia Roberts,38,Female,Europe,Spain,Clothing,Ray-Ban Aviator Sunglasses,3,135.1,33.0,271.55,46.4,126.0
ORD-000494,2024-06-14,CUST-01792,Robert Allen,41,Female,Middle East,Qatar,Clothing,H&M Cotton T-Shirt Pack,2,26.61,0.0,53.22,44.6,23.74
ORD-000495,2024-06-14,CUST-00205,Ali Ali,18,Male,Middle East,Saudi Arabia,Electronics,Samsung Galaxy S24,1,1053.59,23.0,811.26,16.8,136.29
ORD-000496,2024-06-14,CUST-01734,Zara Jackson,43,Female,Middle East,UAE,Clothing,Uniqlo Down Jacket,1,94.9,20.0,75.92,41.7,31.66
ORD-000497,2024-06-15,CUST-00637,Amelia Hall,43,Male,Latin America,Brazil,Clothing,Converse Chuck Taylor All Star,3,60.77,38.0,113.03,48.7,55.05
ORD-000498,2024-06-15,CUST-01790,Fatima Dupont,25,Male,North America,Canada,Home & Kitchen,LED Desk Lamp with USB,3,34.91,27.0,76.45,34.9,26.68
ORD-000499,2024-06-16,CUST-01043,Jessica Hall,37,Male,North America,Canada,Beauty & Personal Care,Tatcha Rice Wash Cleanser,3,39.53,14.0,101.99,57.5,58.64
ORD-000500,2024-06-16,CUST-00626,Ethan Nelson,19,Male,North America,USA,Electronics,Apple Watch Series 9,2,438.21,0.0,876.42,11.0,96.41
ORD-000501,2024-06-16,CUST-01416,Olivia Brown,39,Female,Asia Pacific,India,Clothing,Adidas Ultraboost Shoes,4,157.48,5.0,598.42,47.1,281.86
ORD-000502,2024-06-16,CUST-01302,Rafael Walker,52,Female,North America,USA,Electronics,Ring Video Doorbell,1,125.59,8.0,115.54,10.2,11.79
ORD-000503,2024-06-17,CUST-00076,Oliver Müller,18,Male,Europe,France,Home & Kitchen,Weighted Blanket 15lbs,1,83.11,23.0,63.99,29.8,19.07
ORD-000504,2024-06-17,CUST-01659,Zara Davis,27,Female,Middle East,UAE,Beauty & Personal Care,Oral-B Electric Toothbrush Pro,1,101.05,27.0,73.77,48.0,35.41
ORD-000505,2024-06-17,CUST-00529,Michael Smith,37,Female,Middle East,Saudi Arabia,Home & Kitchen,IKEA KALLAX Shelf Unit,3,153.61,25.0,345.62,33.5,115.78
ORD-000506,2024-06-18,CUST-00553,Riley Taylor,19,Female,Middle East,Qatar,Electronics,"LG OLED 55"" TV",2,1579.46,15.0,2685.08,13.0,349.06
ORD-000507,2024-06-18,CUST-00319,Ana Anderson,41,Male,Latin America,Brazil,Sports & Outdoors,Wilson Tennis Racket Pro,2,148.6,13.0,258.56,20.4,52.75
ORD-000508,2024-06-18,CUST-00754,Lisa Wilson,19,Female,Europe,Netherlands,Clothing,Puma Running Shorts,3,41.92,8.0,115.7,33.3,38.53
ORD-000509,2024-06-18,CUST-01594,Riley Johnson,18,Female,Asia Pacific,India,Beauty & Personal Care,Bioderma Micellar Water 500ml,4,12.15,2.0,47.63,38.2,18.19
ORD-000510,2024-06-18,CUST-00421,Hana Thompson,37,Female,Asia Pacific,Australia,Beauty & Personal Care,Foreo LUNA Face Massager,4,133.82,27.0,390.75,49.0,191.47
ORD-000511,2024-06-19,CUST-01159,Karen Mitchell,26,Female,Europe,Germany,Sports & Outdoors,Camping Sleeping Bag -10°C,2,92.14,19.0,149.27,34.5,51.5
ORD-000512,2024-06-19,CUST-01230,Ahmed Lee,34,Male,Middle East,Saudi Arabia,Home & Kitchen,Philips Hue Smart Bulb Set,2,75.32,2.0,147.63,23.2,34.25
ORD-000513,2024-06-20,CUST-01448,Barbara Miller,35,Male,Europe,Italy,Home & Kitchen,Ninja Air Fryer XL,1,132.93,0.0,132.93,27.0,35.89
ORD-000514,2024-06-20,CUST-00976,Thomas Chen,57,Male,Latin America,Brazil,Home & Kitchen,Dyson V15 Vacuum,1,638.0,4.0,612.48,25.6,156.79
ORD-000515,2024-06-20,CUST-01687,Amelia Ali,33,Male,Asia Pacific,Japan,Home & Kitchen,Smart Thermostat Google Nest,2,160.79,0.0,321.58,22.2,71.39
ORD-000516,2024-06-21,CUST-00398,Laila Dupont,21,Female,Middle East,Qatar,Home & Kitchen,Bamboo Cutting Board Set,1,47.16,20.0,37.73,20.3,7.66
ORD-000517,2024-06-21,CUST-00503,Jennifer Young,38,Male,Asia Pacific,Australia,Home & Kitchen,French Press Coffee Maker,1,32.91,4.0,31.59,23.9,7.55
ORD-000518,2024-06-21,CUST-01578,Patricia Santos,19,Male,Latin America,Argentina,Clothing,North Face Fleece Jacket,3,116.34,15.0,296.67,45.5,134.98
ORD-000519,2024-06-21,CUST-00948,Ravi Patel,30,Male,Asia Pacific,Singapore,Clothing,Gucci Belt,1,383.36,0.0,383.36,37.4,143.38
ORD-000520,2024-06-21,CUST-01190,Noah Roberts,22,Male,Europe,France,Electronics,Sony PlayStation 5,1,520.38,0.0,520.38,17.0,88.46
ORD-000521,2024-06-21,CUST-01447,Liam Khan,18,Female,Latin America,Brazil,Clothing,Uniqlo Down Jacket,4,87.22,0.0,348.88,49.8,173.74
ORD-000522,2024-06-22,CUST-01084,Chen Allen,30,Female,Europe,Italy,Electronics,Sony PlayStation 5,2,513.66,0.0,1027.32,14.7,151.02
ORD-000523,2024-06-23,CUST-00304,Lisa Martinez,24,Male,Europe,Spain,Home & Kitchen,KitchenAid Stand Mixer,3,341.28,0.0,1023.84,36.9,377.8
ORD-000524,2024-06-23,CUST-00415,Hana Patel,28,Male,Asia Pacific,Japan,Beauty & Personal Care,Foreo LUNA Face Massager,5,129.31,12.0,568.96,38.5,219.05
ORD-000525,2024-06-23,CUST-01399,Barbara Fernandez,47,Female,Middle East,Qatar,Electronics,Dell XPS 15 Laptop,1,1196.57,2.0,1172.64,19.2,225.15
ORD-000526,2024-06-24,CUST-00032,Ali Garcia,30,Male,Europe,UK,Home & Kitchen,Dyson V15 Vacuum,1,688.74,6.0,647.42,27.8,179.98
ORD-000527,2024-06-24,CUST-01613,Sofia Taylor,26,Female,Europe,France,Clothing,Adidas Ultraboost Shoes,3,158.1,20.0,379.44,46.3,175.68
ORD-000528,2024-06-24,CUST-00950,Sofia Fernandez,50,Female,Latin America,Argentina,Electronics,USB-C Hub 7-in-1,2,52.14,0.0,104.28,10.4,10.85
ORD-000529,2024-06-24,CUST-01628,Jennifer Torres,29,Female,Latin America,Brazil,Home & Kitchen,Bamboo Cutting Board Set,3,29.0,30.0,60.9,20.6,12.55
ORD-000530,2024-06-24,CUST-00167,Zara Hill,35,Male,Middle East,Saudi Arabia,Electronics,Dell XPS 15 Laptop,1,1202.26,3.0,1166.19,10.4,121.28
ORD-000531,2024-06-24,CUST-00358,Isabella Baker,21,Male,Latin America,Brazil,Sports & Outdoors,TRX Suspension Trainer,2,171.89,11.0,305.96,27.0,82.61
ORD-000532,2024-06-24,CUST-01014,Olivia Dupont,55,Female,North America,Mexico,Electronics,Apple Watch Series 9,1,446.8,0.0,446.8,12.8,57.19
ORD-000533,2024-06-25,CUST-01657,Liam Brown,45,Male,North America,Canada,Clothing,Nike Air Max 270,4,116.53,11.0,414.85,51.4,213.23
ORD-000534,2024-06-25,CUST-01550,Harry Baker,45,Male,Asia Pacific,Australia,Clothing,Uniqlo Down Jacket,2,109.19,24.0,165.97,42.6,70.7
ORD-000535,2024-06-25,CUST-00221,Ava Green,60,Male,North America,USA,Home & Kitchen,Weighted Blanket 15lbs,3,62.51,0.0,187.53,22.4,42.01
ORD-000536,2024-06-25,CUST-01739,Ethan Martin,49,Male,Middle East,Qatar,Home & Kitchen,Cuisinart 12-Piece Cookware Set,1,223.37,0.0,223.37,34.5,77.06
ORD-000537,2024-06-25,CUST-00441,Muhammad Brown,28,Male,Middle East,Saudi Arabia,Clothing,North Face Fleece Jacket,2,125.13,40.0,150.16,54.0,81.09
ORD-000538,2024-06-25,CUST-01725,Richard Adams,55,Female,North America,Mexico,Sports & Outdoors,Garmin GPS Running Watch,3,347.47,22.0,813.08,32.2,261.81
ORD-000539,2024-06-26,CUST-00863,Michael Jackson,25,Female,Asia Pacific,Japan,Home & Kitchen,Air Purifier HEPA,1,156.78,17.0,130.13,25.3,32.92
ORD-000540,2024-06-26,CUST-01682,Mary Roberts,36,Female,North America,USA,Sports & Outdoors,Fitbit Charge 6,2,173.27,11.0,308.42,27.6,85.12
ORD-000541,2024-06-26,CUST-01164,Muhammad Flores,36,Female,North America,Canada,Sports & Outdoors,Wilson Tennis Racket Pro,1,181.42,18.0,148.76,26.7,39.72
ORD-000542,2024-06-26,CUST-00733,Rafael Hall,37,Female,Europe,UK,Home & Kitchen,Instant Pot Duo 7-in-1,1,115.1,17.0,95.53,21.8,20.83
ORD-000543,2024-06-26,CUST-01435,Noah Green,46,Male,North America,Mexico,Clothing,North Face Fleece Jacket,2,138.32,0.0,276.64,35.2,97.38
ORD-000544,2024-06-27,CUST-00545,Wei Khan,19,Female,Latin America,Brazil,Home & Kitchen,Smart Thermostat Google Nest,3,165.94,12.0,438.08,20.3,88.93
ORD-000545,2024-06-27,CUST-00438,Mia Patel,47,Female,Europe,Spain,Electronics,Canon EOS R50 Camera,2,681.55,0.0,1363.1,12.6,171.75
ORD-000546,2024-06-28,CUST-00424,Rafael Miller,25,Female,Asia Pacific,Japan,Home & Kitchen,IKEA KALLAX Shelf Unit,3,174.41,16.0,439.51,39.9,175.36
ORD-000547,2024-06-28,CUST-01333,Sophia Nelson,29,Male,Asia Pacific,Japan,Clothing,Nike Air Max 270,2,126.21,28.0,181.74,43.8,79.6
ORD-000548,2024-06-28,CUST-00915,Susan Wright,42,Female,Middle East,Qatar,Home & Kitchen,Dyson V15 Vacuum,3,638.78,12.0,1686.38,29.5,497.48
ORD-000549,2024-06-28,CUST-00322,Ava Adams,32,Male,Latin America,Colombia,Beauty & Personal Care,The Ordinary Serum Set,4,20.58,0.0,82.32,54.4,44.78
ORD-000550,2024-06-28,CUST-00885,Ava Kim,27,Male,Asia Pacific,India,Home & Kitchen,Weighted Blanket 15lbs,1,73.43,3.0,71.23,32.6,23.22
ORD-000551,2024-06-28,CUST-01287,Patricia Hill,18,Female,North America,Canada,Electronics,"LG OLED 55"" TV",2,1600.33,22.0,2496.51,15.1,376.97
ORD-000552,2024-07-01,CUST-01560,Amelia Martinez,42,Male,Middle East,UAE,Clothing,Nike Air Max 270,4,113.63,0.0,454.52,36.1,164.08
ORD-000553,2024-07-01,CUST-01357,Zara Adams,18,Female,North America,Mexico,Clothing,Under Armour Sports Bra,3,50.38,0.0,151.14,40.6,61.36
ORD-000554,2024-07-01,CUST-00357,William Fernandez,38,Female,Middle East,Saudi Arabia,Home & Kitchen,Roomba i7+ Robot Vacuum,3,730.62,23.0,1687.73,30.3,511.38
ORD-000555,2024-07-01,CUST-00052,Laila Hall,28,Male,Europe,UK,Home & Kitchen,Roomba i7+ Robot Vacuum,2,645.73,0.0,1291.46,21.9,282.83
ORD-000556,2024-07-01,CUST-00002,Zara Hill,33,Male,North America,Mexico,Beauty & Personal Care,Charlotte Tilbury Lipstick,4,31.8,0.0,127.2,41.8,53.17
ORD-000557,2024-07-02,CUST-01232,Chen Wang,60,Male,Latin America,Colombia,Clothing,Uniqlo Down Jacket,3,126.04,12.0,332.75,51.2,170.37
ORD-000558,2024-07-02,CUST-01309,Noah Green,30,Female,North America,USA,Sports & Outdoors,Wilson Tennis Racket Pro,2,135.01,0.0,270.02,18.5,49.95
ORD-000559,2024-07-02,CUST-00260,Patricia Anderson,34,Male,Latin America,Colombia,Beauty & Personal Care,Foreo LUNA Face Massager,1,86.12,16.0,72.34,58.5,42.32
ORD-000560,2024-07-02,CUST-01241,Michael Williams,29,Female,North America,Canada,Electronics,GoPro Hero 12,2,449.98,7.0,836.96,18.1,151.49
ORD-000561,2024-07-02,CUST-01448,Barbara Miller,35,Male,Europe,Italy,Sports & Outdoors,Fitbit Charge 6,1,175.97,9.0,160.13,22.2,35.55
ORD-000562,2024-07-02,CUST-01645,Robert Khan,43,Male,Latin America,Colombia,Home & Kitchen,IKEA KALLAX Shelf Unit,1,192.86,4.0,185.15,24.0,44.44
ORD-000563,2024-07-03,CUST-00123,Lisa Patel,35,Male,North America,Mexico,Electronics,iPad Pro 11-inch,2,850.17,18.0,1394.28,12.3,171.5
ORD-000564,2024-07-03,CUST-01182,Harry Flores,42,Male,Middle East,Saudi Arabia,Electronics,Samsung Galaxy S24,1,1097.97,0.0,1097.97,12.2,133.95
ORD-000565,2024-07-03,CUST-00862,Hana Roberts,42,Female,North America,Mexico,Clothing,Under Armour Sports Bra,3,34.63,0.0,103.89,34.5,35.84
ORD-000566,2024-07-03,CUST-00719,Sarah Wright,18,Male,North America,Mexico,Home & Kitchen,Bamboo Cutting Board Set,1,42.83,7.0,39.83,35.4,14.1
ORD-000567,2024-07-03,CUST-01088,Susan Hall,36,Male,Asia Pacific,Japan,Electronics,Bose SoundLink Speaker,2,209.47,11.0,372.86,19.9,74.2
ORD-000568,2024-07-03,CUST-00016,Amelia Fernandez,36,Female,Europe,Netherlands,Clothing,Zara Wool Coat,3,188.35,34.0,372.93,52.4,195.42
ORD-000569,2024-07-03,CUST-00105,Joseph Scott,34,Male,North America,USA,Sports & Outdoors,Foam Roller Set,3,31.66,33.0,63.64,29.0,18.46
ORD-000570,2024-07-03,CUST-01206,Liam Mitchell,43,Male,Latin America,Argentina,Home & Kitchen,Ninja Air Fryer XL,1,115.78,0.0,115.78,22.0,25.47
ORD-000571,2024-07-04,CUST-00689,Jennifer Adams,18,Female,Europe,Germany,Electronics,Apple MacBook Air M2,1,1074.16,23.0,827.1,17.8,147.22
ORD-000572,2024-07-04,CUST-01252,William Williams,40,Male,Middle East,Qatar,Sports & Outdoors,Yoga Mat Premium Non-Slip,3,43.87,0.0,131.61,18.1,23.82
ORD-000573,2024-07-04,CUST-01241,Michael Williams,29,Female,North America,Canada,Electronics,Ring Video Doorbell,2,124.43,0.0,248.86,10.7,26.63
ORD-000574,2024-07-04,CUST-00528,Ali Kim,60,Male,Asia Pacific,Australia,Beauty & Personal Care,La Mer Moisturizing Cream,1,322.02,25.0,241.51,45.1,108.92
ORD-000575,2024-07-04,CUST-00416,Susan Nguyen,39,Male,Latin America,Colombia,Clothing,Levi's 501 Jeans,2,80.53,35.0,104.69,31.5,32.98
ORD-000576,2024-07-04,CUST-00463,Jennifer Mitchell,46,Female,North America,Canada,Electronics,GoPro Hero 12,1,378.59,16.0,318.02,18.9,60.11
ORD-000577,2024-07-04,CUST-01700,Richard Flores,18,Male,North America,USA,Electronics,USB-C Hub 7-in-1,2,39.19,14.0,67.41,9.3,6.27
ORD-000578,2024-07-06,CUST-01612,Susan Thompson,37,Male,Europe,France,Beauty & Personal Care,CeraVe Moisturizing Cream,2,17.83,10.0,32.09,57.0,18.29
ORD-000579,2024-07-06,CUST-00546,Sarah Walker,45,Male,Europe,France,Electronics,Ring Video Doorbell,2,140.55,7.0,261.42,12.4,32.42
ORD-000580,2024-07-06,CUST-01305,Ava Müller,40,Male,North America,Mexico,Home & Kitchen,Ninja Air Fryer XL,1,114.27,22.0,89.13,39.5,35.21
ORD-000581,2024-07-06,CUST-00099,Linda Green,23,Male,Middle East,UAE,Clothing,Gucci Belt,2,443.12,13.0,771.03,48.0,370.09
ORD-000582,2024-07-06,CUST-00714,Lucas Lopez,22,Male,Latin America,Argentina,Home & Kitchen,Bamboo Cutting Board Set,1,38.64,11.0,34.39,22.1,7.6
ORD-000583,2024-07-07,CUST-01279,David Singh,18,Male,Middle East,Saudi Arabia,Beauty & Personal Care,Moroccanoil Hair Oil,4,27.89,24.0,84.79,48.6,41.21
ORD-000584,2024-07-07,CUST-01201,Muhammad Patel,63,Female,Latin America,Argentina,Clothing,North Face Fleece Jacket,4,119.4,1.0,472.82,39.2,185.35
ORD-000585,2024-07-07,CUST-01486,Liam Green,51,Female,Europe,Spain,Home & Kitchen,LED Desk Lamp with USB,1,54.03,16.0,45.39,30.1,13.66
ORD-000586,2024-07-07,CUST-00271,Charles Davis,58,Female,Latin America,Argentina,Electronics,Samsung Galaxy S24,2,1027.61,2.0,2014.12,17.1,344.41
ORD-000587,2024-07-08,CUST-01112,Fatima Scott,51,Female,Latin America,Brazil,Clothing,Calvin Klein Underwear Set,3,31.3,36.0,60.1,39.4,23.68
ORD-000588,2024-07-08,CUST-00189,Ethan Kim,38,Male,North America,Mexico,Home & Kitchen,Air Purifier HEPA,1,170.34,0.0,170.34,32.5,55.36
ORD-000589,2024-07-08,CUST-00460,Lisa Schmidt,47,Male,Middle East,UAE,Beauty & Personal Care,CeraVe Moisturizing Cream,1,17.47,10.0,15.72,57.0,8.96
ORD-000590,2024-07-08,CUST-00282,Olivia Baker,38,Male,Asia Pacific,South Korea,Clothing,Tommy Hilfiger Polo Shirt,2,77.87,21.0,123.03,30.2,37.16
ORD-000591,2024-07-08,CUST-00210,Laila Nguyen,33,Female,North America,Canada,Home & Kitchen,LED Desk Lamp with USB,3,32.55,27.0,71.28,29.3,20.89
ORD-000592,2024-07-08,CUST-01151,Linda Wright,18,Male,Latin America,Argentina,Clothing,Converse Chuck Taylor All Star,2,69.3,28.0,99.79,52.7,52.59
ORD-000593,2024-07-09,CUST-00338,Olivia Flores,18,Female,Europe,Netherlands,Clothing,Timberland Boots,4,176.19,32.0,479.24,53.8,257.83
ORD-000594,2024-07-09,CUST-00301,Barbara Taylor,35,Female,Europe,Spain,Beauty & Personal Care,Foreo LUNA Face Massager,5,108.6,30.0,380.1,46.7,177.51
ORD-000595,2024-07-09,CUST-01682,Mary Roberts,36,Female,North America,USA,Sports & Outdoors,Garmin GPS Running Watch,3,367.6,0.0,1102.8,37.8,416.86
ORD-000596,2024-07-10,CUST-01749,Mia Jones,26,Female,Asia Pacific,Singapore,Electronics,Samsung Galaxy S24,2,1002.15,0.0,2004.3,17.5,350.75
ORD-000597,2024-07-10,CUST-00372,Sarah Green,18,Female,Latin America,Brazil,Beauty & Personal Care,Bioderma Micellar Water 500ml,5,19.15,0.0,95.75,58.5,56.01
ORD-000598,2024-07-10,CUST-00202,Mia Walker,28,Female,Middle East,Qatar,Beauty & Personal Care,Neutrogena SPF 50 Sunscreen,5,13.49,0.0,67.45,53.3,35.95
ORD-000599,2024-07-10,CUST-00173,Yuki Flores,38,Female,Latin America,Argentina,Beauty & Personal Care,Oral-B Electric Toothbrush Pro,1,76.22,18.0,62.5,43.0,26.88
ORD-000600,2024-07-10,CUST-01616,Harry Davis,40,Female,Asia Pacific,India,Beauty & Personal Care,Bioderma Micellar Water 500ml,3,18.87,2.0,55.48,40.8,22.64
ORD-000601,2024-07-11,CUST-01792,Robert Allen,41,Female,Middle East,Qatar,Clothing,Nike Air Max 270,2,113.68,8.0,209.17,46.7,97.68
ORD-000602,2024-07-11,CUST-00126,Muhammad Hill,47,Female,Latin America,Brazil,Beauty & Personal Care,Dyson Airwrap Styler,5,527.02,11.0,2345.24,37.5,879.46
ORD-000603,2024-07-11,CUST-00803,Ana Allen,22,Male,Europe,Italy,Sports & Outdoors,Resistance Bands Set,1,30.49,0.0,30.49,21.0,6.4
ORD-000604,2024-07-11,CUST-01003,Layla Singh,18,Male,Middle East,Qatar,Sports & Outdoors,Coleman 4-Person Camping Tent,3,102.92,18.0,253.18,25.7,65.07
ORD-000605,2024-07-11,CUST-00945,Wei Smith,49,Female,North America,USA,Beauty & Personal Care,Olaplex No.3 Hair Perfector,5,31.62,28.0,113.83,39.4,44.85
ORD-000606,2024-07-12,CUST-01692,Yuki Martin,35,Female,Asia Pacific,India,Electronics,Sony WH-1000XM5 Headphones,1,335.59,21.0,265.12,15.7,41.62
ORD-000607,2024-07-12,CUST-00709,Karen Wright,25,Female,Europe,UK,Clothing,Timberland Boots,2,187.23,0.0,374.46,35.1,131.44
ORD-000608,2024-07-12,CUST-00774,Mia Brown,32,Female,Middle East,Saudi Arabia,Electronics,Bose SoundLink Speaker,2,164.58,0.0,329.16,12.7,41.8
ORD-000609,2024-07-12,CUST-00002,Zara Hill,33,Male,North America,Mexico,Beauty & Personal Care,Philips Norelco Shaver,2,129.35,12.0,227.66,50.2,114.29
ORD-000610,2024-07-12,CUST-01403,Wei Chen,18,Female,Asia Pacific,Australia,Home & Kitchen,LED Desk Lamp with USB,2,37.79,0.0,75.58,21.6,16.33
ORD-000611,2024-07-13,CUST-00072,Olivia White,38,Male,Asia Pacific,India,Electronics,Canon EOS R50 Camera,1,827.88,18.0,678.86,10.7,72.64
ORD-000612,2024-07-13,CUST-01652,Richard Allen,37,Female,Asia Pacific,Japan,Electronics,Sony PlayStation 5,2,570.19,0.0,1140.38,12.5,142.55
ORD-000613,2024-07-13,CUST-00044,Ahmed Allen,27,Female,North America,USA,Electronics,Canon EOS R50 Camera,2,845.26,8.0,1555.28,11.5,178.86
ORD-000614,2024-07-13,CUST-01631,Liam White,36,Female,Asia Pacific,Australia,Electronics,Apple Watch Series 9,2,437.11,0.0,874.22,18.7,163.48
ORD-000615,2024-07-14,CUST-00150,Linda Roberts,27,Male,Asia Pacific,Japan,Clothing,Gucci Belt,3,431.16,3.0,1254.68,39.6,496.85
ORD-000616,2024-07-15,CUST-00535,Lisa Williams,36,Male,Middle East,Saudi Arabia,Beauty & Personal Care,Neutrogena SPF 50 Sunscreen,1,19.94,0.0,19.94,44.7,8.91
ORD-000617,2024-07-15,CUST-00823,James Rossi,45,Male,Asia Pacific,South Korea,Electronics,"LG OLED 55"" TV",2,1616.44,0.0,3232.88,15.9,514.03
ORD-000618,2024-07-15,CUST-00114,William Green,43,Female,North America,USA,Electronics,USB-C Hub 7-in-1,2,61.83,3.0,119.95,11.7,14.03
ORD-000619,2024-07-15,CUST-00279,Mia Santos,18,Female,North America,USA,Electronics,iPhone 15 Pro,2,1036.88,12.0,1824.91,19.2,350.38
ORD-000620,2024-07-16,CUST-00032,Ali Garcia,30,Male,Europe,UK,Sports & Outdoors,Yoga Mat Premium Non-Slip,1,64.91,31.0,44.79,23.5,10.53
ORD-000621,2024-07-16,CUST-00359,Lisa Taylor,36,Male,North America,Mexico,Beauty & Personal Care,Charlotte Tilbury Lipstick,3,33.2,25.0,74.7,35.3,26.37
ORD-000622,2024-07-16,CUST-01244,Sophia Patel,40,Female,Asia Pacific,Australia,Electronics,Samsung Galaxy S24,2,943.61,16.0,1585.26,12.5,198.16
ORD-000623,2024-07-16,CUST-00391,Liam Ali,49,Female,Middle East,UAE,Electronics,Apple Watch Series 9,1,487.68,11.0,434.04,9.1,39.5
ORD-000624,2024-07-16,CUST-00951,Emma Müller,50,Female,Middle East,UAE,Home & Kitchen,Nespresso Vertuo Coffee Machine,1,226.92,2.0,222.38,29.1,64.71
ORD-000625,2024-07-17,CUST-00869,Karen Wright,34,Female,Europe,Netherlands,Sports & Outdoors,Coleman 4-Person Camping Tent,1,123.14,27.0,89.89,29.0,26.07
ORD-000626,2024-07-17,CUST-00944,Barbara Fernandez,40,Female,Europe,Germany,Electronics,Canon EOS R50 Camera,1,774.89,5.0,736.15,19.5,143.55
ORD-000627,2024-07-17,CUST-00769,Charles Taylor,36,Female,Europe,France,Beauty & Personal Care,La Mer Moisturizing Cream,1,256.72,26.0,189.97,52.0,98.78
ORD-000628,2024-07-18,CUST-00208,Yuki Kim,32,Male,Asia Pacific,Australia,Electronics,USB-C Hub 7-in-1,1,56.01,0.0,56.01,17.8,9.97
ORD-000629,2024-07-18,CUST-00045,Muhammad Flores,34,Male,Europe,Germany,Clothing,Calvin Klein Underwear Set,3,33.83,19.0,82.21,35.7,29.35
ORD-000630,2024-07-18,CUST-01674,Olivia Jackson,21,Female,Latin America,Brazil,Sports & Outdoors,Hydro Flask 32oz Water Bottle,1,51.51,10.0,46.36,19.1,8.85
ORD-000631,2024-07-18,CUST-01228,Sofia Smith,19,Male,Europe,France,Sports & Outdoors,TRX Suspension Trainer,3,184.01,17.0,458.18,30.0,137.45
ORD-000632,2024-07-18,CUST-01063,Priya Walker,50,Male,Latin America,Colombia,Sports & Outdoors,Garmin GPS Running Watch,3,397.39,10.0,1072.95,33.2,356.22
ORD-000633,2024-07-18,CUST-00739,Ahmed Martinez,18,Female,Europe,Netherlands,Beauty & Personal Care,Foreo LUNA Face Massager,4,137.53,6.0,517.11,49.6,256.49
ORD-000634,2024-07-19,CUST-01335,Aiden Lee,47,Female,Latin America,Argentina,Electronics,USB-C Hub 7-in-1,1,70.01,0.0,70.01,19.8,13.86
ORD-000635,2024-07-19,CUST-00349,Robert Flores,31,Male,Europe,UK,Home & Kitchen,French Press Coffee Maker,3,28.88,7.0,80.58,22.6,18.21
ORD-000636,2024-07-19,CUST-00298,Richard Harris,41,Female,Europe,France,Home & Kitchen,Roomba i7+ Robot Vacuum,1,631.07,8.0,580.58,33.4,193.91
ORD-000637,2024-07-19,CUST-00035,Ana Walker,47,Male,Europe,Spain,Beauty & Personal Care,Foreo LUNA Face Massager,3,87.14,0.0,261.42,38.1,99.6
ORD-000638,2024-07-19,CUST-00164,Chen Thompson,18,Female,North America,Canada,Electronics,GoPro Hero 12,1,349.91,8.0,321.92,13.6,43.78
ORD-000639,2024-07-20,CUST-00661,Riley Williams,31,Male,Latin America,Argentina,Home & Kitchen,Bamboo Cutting Board Set,1,29.81,8.0,27.43,34.3,9.41
ORD-000640,2024-07-20,CUST-00962,Aiden Wang,34,Female,North America,USA,Electronics,Sony PlayStation 5,2,519.08,14.0,892.82,12.0,107.14
ORD-000641,2024-07-20,CUST-00364,Harry Johnson,28,Male,Latin America,Argentina,Beauty & Personal Care,Charlotte Tilbury Lipstick,3,30.44,12.0,80.36,58.6,47.09
ORD-000642,2024-07-20,CUST-00137,Hana Schmidt,29,Female,Latin America,Brazil,Clothing,Adidas Ultraboost Shoes,3,158.3,32.0,322.93,36.6,118.19
ORD-000643,2024-07-20,CUST-00799,Amelia Wang,30,Female,North America,Canada,Electronics,Bose SoundLink Speaker,2,149.6,5.0,284.24,15.7,44.63
ORD-000644,2024-07-20,CUST-01411,Aiden Roberts,29,Female,Latin America,Colombia,Clothing,Puma Running Shorts,3,27.75,0.0,83.25,35.4,29.47
ORD-000645,2024-07-20,CUST-00046,Mia Martin,53,Female,Middle East,UAE,Electronics,Dell XPS 15 Laptop,2,1090.58,18.0,1788.55,13.8,246.82
ORD-000646,2024-07-20,CUST-00869,Karen Wright,34,Female,Europe,Netherlands,Clothing,Zara Wool Coat,3,176.06,37.0,332.75,35.4,117.79
ORD-000647,2024-07-20,CUST-01285,Emma Harris,49,Male,Asia Pacific,Australia,Sports & Outdoors,Wilson Tennis Racket Pro,1,142.31,5.0,135.19,34.7,46.91
ORD-000648,2024-07-20,CUST-00460,Lisa Schmidt,47,Male,Middle East,UAE,Home & Kitchen,Nespresso Vertuo Coffee Machine,2,175.84,0.0,351.68,36.6,128.71
ORD-000649,2024-07-20,CUST-01345,Olivia Walker,28,Female,North America,Canada,Beauty & Personal Care,Olaplex No.3 Hair Perfector,2,35.54,23.0,54.73,43.9,24.03
ORD-000650,2024-07-21,CUST-01252,William Williams,40,Male,Middle East,Qatar,Home & Kitchen,KitchenAid Stand Mixer,2,439.23,0.0,878.46,33.1,290.77
ORD-000651,2024-07-21,CUST-00826,Sofia Jones,38,Male,Asia Pacific,Singapore,Beauty & Personal Care,Olaplex No.3 Hair Perfector,4,31.75,9.0,115.57,56.6,65.41
ORD-000652,2024-07-21,CUST-00246,Robert Garcia,50,Female,Europe,Netherlands,Electronics,iPad Pro 11-inch,2,994.91,9.0,1810.74,16.7,302.39
ORD-000653,2024-07-21,CUST-00264,John Harris,23,Female,Latin America,Argentina,Electronics,USB-C Hub 7-in-1,1,67.49,0.0,67.49,15.1,10.19
ORD-000654,2024-07-21,CUST-00105,Joseph Scott,34,Male,North America,USA,Home & Kitchen,Bamboo Cutting Board Set,1,48.46,11.0,43.13,35.8,15.44
ORD-000655,2024-07-22,CUST-01473,Ana Carter,18,Male,Latin America,Brazil,Beauty & Personal Care,Oral-B Electric Toothbrush Pro,2,90.09,3.0,174.77,58.2,101.72
ORD-000656,2024-07-22,CUST-00683,Chen Hill,46,Male,North America,Canada,Home & Kitchen,LED Desk Lamp with USB,2,44.62,0.0,89.24,37.9,33.82
ORD-000657,2024-07-22,CUST-00730,Lisa Ali,31,Female,Asia Pacific,South Korea,Home & Kitchen,Air Purifier HEPA,1,212.98,22.0,166.12,25.9,43.03
ORD-000658,2024-07-22,CUST-01490,David Hall,40,Female,Latin America,Argentina,Electronics,Apple Watch Series 9,2,465.91,7.0,866.59,10.6,91.86
ORD-000659,2024-07-23,CUST-00578,Hana Walker,26,Male,Middle East,UAE,Clothing,Under Armour Sports Bra,4,59.56,32.0,162.0,46.9,75.98
ORD-000660,2024-07-23,CUST-01537,Riley Torres,42,Male,Latin America,Argentina,Clothing,Timberland Boots,3,170.71,7.0,476.28,40.3,191.94
ORD-000661,2024-07-24,CUST-00689,Jennifer Adams,18,Female,Europe,Germany,Clothing,Levi's 501 Jeans,3,61.08,22.0,142.93,47.8,68.32
ORD-000662,2024-07-24,CUST-01574,Layla Allen,40,Female,Europe,UK,Clothing,Timberland Boots,3,149.04,28.0,321.93,43.7,140.68
ORD-000663,2024-07-24,CUST-00250,Olivia Miller,56,Female,North America,Canada,Electronics,Sony WH-1000XM5 Headphones,1,335.99,0.0,335.99,13.9,46.7
ORD-000664,2024-07-24,CUST-00964,Olivia Johnson,49,Female,Latin America,Colombia,Home & Kitchen,French Press Coffee Maker,3,41.99,0.0,125.97,31.5,39.68
ORD-000665,2024-07-24,CUST-00240,Wei Wang,35,Female,North America,USA,Home & Kitchen,Dyson V15 Vacuum,3,686.05,3.0,1996.41,33.9,676.78
ORD-000666,2024-07-24,CUST-01071,Thomas Taylor,18,Male,North America,Canada,Home & Kitchen,Roomba i7+ Robot Vacuum,1,783.03,7.0,728.22,34.1,248.32
ORD-000667,2024-07-24,CUST-00355,Layla Nguyen,18,Female,Asia Pacific,Singapore,Electronics,GoPro Hero 12,2,425.89,10.0,766.6,13.9,106.56
ORD-000668,2024-07-24,CUST-01241,Michael Williams,29,Female,North America,Canada,Clothing,Levi's 501 Jeans,3,72.94,0.0,218.82,47.7,104.38
ORD-000669,2024-07-25,CUST-00545,Wei Khan,19,Female,Latin America,Brazil,Sports & Outdoors,Hydro Flask 32oz Water Bottle,1,48.46,9.0,44.1,33.7,14.86
ORD-000670,2024-07-25,CUST-00951,Emma Müller,50,Female,Middle East,UAE,Clothing,Nike Air Max 270,1,109.37,0.0,109.37,40.6,44.4
ORD-000671,2024-07-25,CUST-01591,Fatima Wright,56,Male,Middle East,UAE,Beauty & Personal Care,Dyson Airwrap Styler,4,570.18,0.0,2280.72,45.3,1033.17
ORD-000672,2024-07-25,CUST-01391,Charles Hill,28,Female,Middle East,UAE,Sports & Outdoors,Yoga Mat Premium Non-Slip,2,58.34,10.0,105.01,27.1,28.46
ORD-000673,2024-07-26,CUST-01730,Noah Carter,28,Male,North America,Canada,Electronics,iPad Pro 11-inch,2,884.36,19.0,1432.66,9.8,140.4
ORD-000674,2024-07-26,CUST-00369,Aiden Green,33,Female,Europe,Italy,Beauty & Personal Care,La Mer Moisturizing Cream,5,323.88,6.0,1522.24,45.3,689.57
ORD-000675,2024-07-26,CUST-00172,Ethan Brown,42,Female,North America,Mexico,Home & Kitchen,Weighted Blanket 15lbs,3,70.26,15.0,179.16,36.7,65.75
ORD-000676,2024-07-26,CUST-00503,Jennifer Young,38,Male,Asia Pacific,Australia,Sports & Outdoors,TRX Suspension Trainer,3,201.22,0.0,603.66,31.3,188.95
ORD-000677,2024-07-26,CUST-00222,Ethan Kim,25,Male,Latin America,Argentina,Beauty & Personal Care,Bioderma Micellar Water 500ml,2,12.73,22.0,19.86,38.6,7.67
ORD-000678,2024-07-26,CUST-01591,Fatima Wright,56,Male,Middle East,UAE,Home & Kitchen,Bamboo Cutting Board Set,2,29.89,17.0,49.62,23.9,11.86
ORD-000679,2024-07-26,CUST-01199,Ava King,32,Female,Latin America,Argentina,Clothing,Gucci Belt,2,393.94,10.0,709.09,54.1,383.62
ORD-000680,2024-07-27,CUST-00571,Priya Dupont,23,Male,Middle East,Saudi Arabia,Electronics,"LG OLED 55"" TV",2,1697.7,0.0,3395.4,18.8,638.34
ORD-000681,2024-07-27,CUST-00205,Ali Ali,18,Male,Middle East,Saudi Arabia,Clothing,Calvin Klein Underwear Set,2,45.77,40.0,54.92,40.9,22.46
ORD-000682,2024-07-27,CUST-00373,Barbara Miller,19,Male,Asia Pacific,Singapore,Beauty & Personal Care,Bioderma Micellar Water 500ml,4,16.35,0.0,65.4,45.7,29.89
ORD-000683,2024-07-27,CUST-00164,Chen Thompson,18,Female,North America,Canada,Sports & Outdoors,Coleman 4-Person Camping Tent,2,103.47,0.0,206.94,31.9,66.01
ORD-000684,2024-07-27,CUST-01041,Mason Torres,33,Female,Asia Pacific,India,Electronics,Sony PlayStation 5,2,533.08,0.0,1066.16,14.6,155.66
ORD-000685,2024-07-27,CUST-01097,Susan Flores,48,Male,Europe,Germany,Electronics,Ring Video Doorbell,1,170.28,4.0,163.47,18.6,30.41
ORD-000686,2024-07-28,CUST-01429,Olivia Lopez,40,Male,Middle East,Saudi Arabia,Electronics,Sony PlayStation 5,1,520.25,26.0,384.99,10.8,41.58
ORD-000687,2024-07-28,CUST-01239,Susan Kim,18,Female,Europe,Spain,Electronics,Bose SoundLink Speaker,2,172.35,0.0,344.7,13.0,44.81
ORD-000688,2024-07-28,CUST-01300,Carlos Dupont,40,Male,North America,Mexico,Sports & Outdoors,Wilson Tennis Racket Pro,3,194.55,0.0,583.65,31.1,181.52
ORD-000689,2024-07-28,CUST-00980,William Müller,33,Female,Latin America,Argentina,Home & Kitchen,Philips Hue Smart Bulb Set,1,73.01,24.0,55.49,27.0,14.98
ORD-000690,2024-07-28,CUST-00941,Jessica Patel,35,Female,Middle East,Saudi Arabia,Home & Kitchen,KitchenAid Stand Mixer,2,371.38,0.0,742.76,32.5,241.4
ORD-000691,2024-07-28,CUST-00394,Zara Adams,25,Male,Latin America,Brazil,Beauty & Personal Care,Olaplex No.3 Hair Perfector,1,28.84,21.0,22.78,44.6,10.16
ORD-000692,2024-07-28,CUST-01749,Mia Jones,26,Female,Asia Pacific,Singapore,Clothing,North Face Fleece Jacket,2,107.71,7.0,200.34,33.9,67.92
ORD-000693,2024-07-28,CUST-00337,Mason Ahmed,44,Female,Asia Pacific,India,Beauty & Personal Care,La Mer Moisturizing Cream,5,300.76,0.0,1503.8,43.4,652.65
ORD-000694,2024-07-28,CUST-00032,Ali Garcia,30,Male,Europe,UK,Sports & Outdoors,Resistance Bands Set,2,35.31,0.0,70.62,29.1,20.55
ORD-000695,2024-08-01,CUST-01666,Zara Jackson,21,Female,North America,Canada,Electronics,Bose SoundLink Speaker,1,149.03,0.0,149.03,10.7,15.95
ORD-000696,2024-08-01,CUST-00764,Aiden Müller,52,Female,North America,Mexico,Sports & Outdoors,Spalding NBA Basketball,3,47.33,7.0,132.05,24.6,32.48
ORD-000697,2024-08-01,CUST-00683,Chen Hill,46,Male,North America,Canada,Clothing,Calvin Klein Underwear Set,4,30.02,0.0,120.08,48.4,58.12
ORD-000698,2024-08-01,CUST-00811,Ana Rossi,40,Female,Latin America,Argentina,Home & Kitchen,Cuisinart 12-Piece Cookware Set,1,188.18,7.0,175.01,31.2,54.6
ORD-000699,2024-08-01,CUST-00937,Ava Wang,30,Male,North America,Canada,Home & Kitchen,Weighted Blanket 15lbs,1,89.0,7.0,82.77,33.5,27.73
ORD-000700,2024-08-02,CUST-00626,Ethan Nelson,19,Male,North America,USA,Home & Kitchen,Air Purifier HEPA,2,246.87,19.0,399.93,26.4,105.58
ORD-000701,2024-08-02,CUST-01206,Liam Mitchell,43,Male,Latin America,Argentina,Clothing,Zara Wool Coat,4,185.38,0.0,741.52,39.6,293.64
ORD-000702,2024-08-02,CUST-00108,Ravi Patel,52,Male,Latin America,Colombia,Electronics,Apple Watch Series 9,2,427.78,15.0,727.23,18.5,134.54
ORD-000703,2024-08-02,CUST-01614,Mary Schmidt,32,Male,Latin America,Argentina,Clothing,North Face Fleece Jacket,4,103.65,8.0,381.43,38.4,146.47
ORD-000704,2024-08-02,CUST-01369,Ethan Green,21,Male,Latin America,Colombia,Electronics,Sony WH-1000XM5 Headphones,2,285.54,5.0,542.53,15.8,85.72
ORD-000705,2024-08-02,CUST-00509,Ethan Scott,28,Female,Middle East,UAE,Home & Kitchen,Bamboo Cutting Board Set,1,48.5,0.0,48.5,38.8,18.82
ORD-000706,2024-08-03,CUST-01424,Noah Hill,38,Female,Asia Pacific,Australia,Clothing,Levi's 501 Jeans,1,72.2,28.0,51.98,50.1,26.04
ORD-000707,2024-08-03,CUST-00460,Lisa Schmidt,47,Male,Middle East,UAE,Clothing,North Face Fleece Jacket,2,114.89,24.0,174.63,52.6,91.86
ORD-000708,2024-08-03,CUST-01690,Ana Jones,42,Female,Europe,Spain,Sports & Outdoors,Peloton Bike+,1,2432.81,0.0,2432.81,28.6,695.78
ORD-000709,2024-08-04,CUST-00648,John Chen,40,Male,Asia Pacific,Singapore,Electronics,Kindle Paperwhite,2,129.25,0.0,258.5,18.1,46.79
ORD-000710,2024-08-04,CUST-00271,Charles Davis,58,Female,Latin America,Argentina,Home & Kitchen,French Press Coffee Maker,2,29.86,15.0,50.76,37.3,18.93
ORD-000711,2024-08-05,CUST-00942,Riley Rossi,51,Male,Europe,Netherlands,Sports & Outdoors,TRX Suspension Trainer,2,199.06,12.0,350.35,36.5,127.88
ORD-000712,2024-08-05,CUST-00128,Yuki Green,41,Female,North America,Canada,Electronics,Sony PlayStation 5,2,518.02,13.0,901.35,15.3,137.91
ORD-000713,2024-08-05,CUST-01718,Fatima Johnson,32,Female,Europe,Italy,Electronics,USB-C Hub 7-in-1,1,68.36,4.0,65.63,10.3,6.76
ORD-000714,2024-08-05,CUST-01191,Linda Lee,39,Female,North America,Mexico,Clothing,Puma Running Shorts,1,26.76,27.0,19.53,38.5,7.52
ORD-000715,2024-08-05,CUST-00602,Charlotte Anderson,18,Male,North America,Mexico,Beauty & Personal Care,Tatcha Rice Wash Cleanser,5,42.98,13.0,186.96,55.3,103.39
ORD-000716,2024-08-05,CUST-00490,Carlos Taylor,40,Male,Middle East,UAE,Home & Kitchen,Instant Pot Duo 7-in-1,1,109.21,2.0,107.03,34.0,36.39
ORD-000717,2024-08-05,CUST-00961,Sophia Miller,39,Male,Asia Pacific,South Korea,Home & Kitchen,Philips Hue Smart Bulb Set,3,48.07,0.0,144.21,38.3,55.23
ORD-000718,2024-08-05,CUST-00553,Riley Taylor,19,Female,Middle East,Qatar,Beauty & Personal Care,Bioderma Micellar Water 500ml,4,15.36,3.0,59.6,37.9,22.59
ORD-000719,2024-08-05,CUST-01594,Riley Johnson,18,Female,Asia Pacific,India,Sports & Outdoors,TRX Suspension Trainer,1,186.58,4.0,179.12,27.1,48.54
ORD-000720,2024-08-05,CUST-01776,Laila Allen,24,Female,North America,USA,Sports & Outdoors,Trek FX3 Bicycle,2,805.65,17.0,1337.38,24.4,326.32
ORD-000721,2024-08-06,CUST-01198,Wei Thomas,22,Female,Middle East,Saudi Arabia,Electronics,Sony WH-1000XM5 Headphones,1,298.3,0.0,298.3,10.7,31.92
ORD-000722,2024-08-06,CUST-00698,Linda Santos,26,Male,Latin America,Colombia,Sports & Outdoors,Hydro Flask 32oz Water Bottle,3,50.26,17.0,125.15,35.4,44.3
ORD-000723,2024-08-06,CUST-00628,Mia Rossi,29,Female,Latin America,Argentina,Sports & Outdoors,Wilson Tennis Racket Pro,3,159.2,5.0,453.72,23.7,107.53
ORD-000724,2024-08-06,CUST-00293,Zara Singh,22,Male,Europe,France,Home & Kitchen,IKEA KALLAX Shelf Unit,3,184.75,15.0,471.11,25.8,121.55
ORD-000725,2024-08-06,CUST-00604,Jennifer Hill,53,Male,Europe,UK,Electronics,iPad Pro 11-inch,1,907.08,11.0,807.3,14.8,119.48
ORD-000726,2024-08-06,CUST-00397,Ethan Müller,43,Male,Asia Pacific,Singapore,Clothing,Gucci Belt,2,444.68,0.0,889.36,54.9,488.26
ORD-000727,2024-08-06,CUST-00494,Susan Hall,49,Male,Latin America,Colombia,Beauty & Personal Care,Bioderma Micellar Water 500ml,4,18.68,2.0,73.23,39.7,29.07
ORD-000728,2024-08-07,CUST-00578,Hana Walker,26,Male,Middle East,UAE,Electronics,Apple MacBook Air M2,2,1208.07,5.0,2295.33,12.8,293.8
ORD-000729,2024-08-07,CUST-01745,David Thompson,33,Female,Asia Pacific,Singapore,Home & Kitchen,Instant Pot Duo 7-in-1,1,110.3,6.0,103.68,39.3,40.75
ORD-000730,2024-08-07,CUST-00717,Patricia Wright,37,Female,Europe,UK,Home & Kitchen,IKEA KALLAX Shelf Unit,2,152.66,14.0,262.58,29.5,77.46
ORD-000731,2024-08-07,CUST-00461,Ethan Roberts,34,Female,Middle East,UAE,Home & Kitchen,Bamboo Cutting Board Set,3,39.95,0.0,119.85,28.7,34.4
ORD-000732,2024-08-07,CUST-00769,Charles Taylor,36,Female,Europe,France,Clothing,Calvin Klein Underwear Set,4,39.93,29.0,113.4,40.9,46.38
ORD-000733,2024-08-07,CUST-00083,Ava Patel,25,Male,Middle East,Qatar,Electronics,Apple MacBook Air M2,1,1093.64,4.0,1049.89,11.1,116.54
ORD-000734,2024-08-08,CUST-01337,Sofia Roberts,49,Male,Middle East,UAE,Home & Kitchen,Bamboo Cutting Board Set,2,44.68,13.0,77.74,29.4,22.86
ORD-000735,2024-08-08,CUST-00083,Ava Patel,25,Male,Middle East,Qatar,Home & Kitchen,Smart Thermostat Google Nest,1,160.11,0.0,160.11,37.2,59.56
ORD-000736,2024-08-08,CUST-00320,Sarah Patel,52,Female,Middle East,UAE,Clothing,Converse Chuck Taylor All Star,3,78.7,27.0,172.35,33.3,57.39
ORD-000737,2024-08-08,CUST-00958,Ava Jackson,23,Female,Europe,Spain,Clothing,Gucci Belt,2,376.32,20.0,602.11,36.9,222.18
ORD-000738,2024-08-08,CUST-01250,Rafael Jackson,32,Female,Latin America,Brazil,Beauty & Personal Care,Moroccanoil Hair Oil,5,38.59,0.0,192.95,53.6,103.42
ORD-000739,2024-08-08,CUST-00621,Laila Chen,19,Female,Asia Pacific,South Korea,Electronics,Apple MacBook Air M2,2,1173.89,12.0,2066.05,19.6,404.95
ORD-000740,2024-08-08,CUST-01367,Liam Taylor,44,Female,Asia Pacific,Singapore,Beauty & Personal Care,Foreo LUNA Face Massager,4,81.87,5.0,311.11,47.1,146.53
ORD-000741,2024-08-08,CUST-00511,Karen Nelson,65,Female,Europe,France,Home & Kitchen,LED Desk Lamp with USB,1,31.64,1.0,31.32,20.0,6.26
ORD-000742,2024-08-09,CUST-00153,Wei Rossi,60,Male,Latin America,Colombia,Electronics,iPad Pro 11-inch,1,870.3,13.0,757.16,15.7,118.87
ORD-000743,2024-08-09,CUST-00517,Chen Müller,44,Female,Europe,France,Clothing,Under Armour Sports Bra,3,47.46,6.0,133.84,53.3,71.34
ORD-000744,2024-08-09,CUST-00153,Wei Rossi,60,Male,Latin America,Colombia,Beauty & Personal Care,CeraVe Moisturizing Cream,2,15.86,3.0,30.77,41.6,12.8
ORD-000745,2024-08-09,CUST-01597,Ethan Adams,34,Male,Asia Pacific,Japan,Clothing,Gucci Belt,2,371.54,8.0,683.63,41.1,280.97
ORD-000746,2024-08-09,CUST-01440,Isabella Kim,40,Female,Middle East,Saudi Arabia,Clothing,Zara Wool Coat,3,201.8,0.0,605.4,32.5,196.75
ORD-000747,2024-08-09,CUST-00493,Sofia Young,27,Male,Asia Pacific,Japan,Beauty & Personal Care,Philips Norelco Shaver,2,105.61,4.0,202.77,40.8,82.73
ORD-000748,2024-08-10,CUST-01318,Michael Taylor,21,Male,Europe,France,Sports & Outdoors,TRX Suspension Trainer,3,187.09,4.0,538.82,33.7,181.58
ORD-000749,2024-08-10,CUST-00215,Mia Wright,33,Male,North America,Canada,Sports & Outdoors,Garmin GPS Running Watch,3,347.75,21.0,824.17,33.4,275.27
ORD-000750,2024-08-10,CUST-00626,Ethan Nelson,19,Male,North America,USA,Electronics,Apple Watch Series 9,2,453.52,1.0,897.97,12.6,113.14
ORD-000751,2024-08-10,CUST-01520,Susan Lopez,42,Female,North America,USA,Sports & Outdoors,TRX Suspension Trainer,1,193.95,6.0,182.31,30.9,56.33
ORD-000752,2024-08-11,CUST-00220,Lisa Nelson,40,Male,Europe,UK,Electronics,Ring Video Doorbell,2,129.51,11.0,230.53,13.7,31.58
ORD-000753,2024-08-11,CUST-01737,Ali Williams,44,Female,Middle East,Saudi Arabia,Beauty & Personal Care,Neutrogena SPF 50 Sunscreen,4,19.35,16.0,65.02,48.0,31.21
ORD-000754,2024-08-11,CUST-01656,Amelia Thompson,46,Female,Latin America,Colombia,Sports & Outdoors,Resistance Bands Set,2,33.76,2.0,66.17,22.5,14.89
ORD-000755,2024-08-11,CUST-00679,Robert Martinez,25,Female,Europe,Germany,Home & Kitchen,Bamboo Cutting Board Set,2,44.59,12.0,78.48,34.1,26.76
ORD-000756,2024-08-11,CUST-01135,Laila White,33,Male,North America,Canada,Electronics,Sony PlayStation 5,1,568.81,0.0,568.81,15.6,88.73
ORD-000757,2024-08-11,CUST-00912,Ethan Wright,18,Female,Europe,Netherlands,Beauty & Personal Care,Dyson Airwrap Styler,2,496.61,11.0,883.97,38.4,339.44
ORD-000758,2024-08-11,CUST-00792,Mason Hall,29,Female,Middle East,UAE,Home & Kitchen,Roomba i7+ Robot Vacuum,2,788.58,0.0,1577.16,39.2,618.25
ORD-000759,2024-08-11,CUST-00730,Lisa Ali,31,Female,Asia Pacific,South Korea,Beauty & Personal Care,Bioderma Micellar Water 500ml,1,15.89,11.0,14.14,50.8,7.18
ORD-000760,2024-08-12,CUST-00701,Emma Dupont,24,Female,Europe,Spain,Sports & Outdoors,Garmin GPS Running Watch,3,256.99,1.0,763.26,18.6,141.97
ORD-000761,2024-08-12,CUST-00092,Oliver Lopez,38,Female,Europe,Spain,Sports & Outdoors,Yoga Mat Premium Non-Slip,2,48.73,9.0,88.69,24.4,21.64
ORD-000762,2024-08-12,CUST-00294,William Ahmed,32,Female,Asia Pacific,India,Clothing,North Face Fleece Jacket,1,123.27,12.0,108.48,32.5,35.26
ORD-000763,2024-08-12,CUST-00514,Mia Miller,57,Male,Middle East,Qatar,Home & Kitchen,French Press Coffee Maker,3,42.64,0.0,127.92,34.3,43.88
ORD-000764,2024-08-13,CUST-01028,Joseph Ahmed,25,Female,Asia Pacific,Japan,Home & Kitchen,IKEA KALLAX Shelf Unit,1,164.77,0.0,164.77,33.2,54.7
ORD-000765,2024-08-13,CUST-00261,Karen Flores,18,Male,Latin America,Brazil,Clothing,Converse Chuck Taylor All Star,4,75.89,21.0,239.81,33.2,79.62
ORD-000766,2024-08-13,CUST-00205,Ali Ali,18,Male,Middle East,Saudi Arabia,Clothing,Uniqlo Down Jacket,3,84.87,0.0,254.61,33.1,84.28
ORD-000767,2024-08-14,CUST-00358,Isabella Baker,21,Male,Latin America,Brazil,Clothing,Under Armour Sports Bra,2,41.91,8.0,77.11,49.0,37.78
ORD-000768,2024-08-14,CUST-01032,Michael Dupont,18,Male,North America,USA,Electronics,Apple MacBook Air M2,2,1277.66,8.0,2350.89,10.6,249.19
ORD-000769,2024-08-14,CUST-00532,Jennifer Davis,37,Female,North America,Canada,Beauty & Personal Care,Charlotte Tilbury Lipstick,3,36.79,10.0,99.33,36.2,35.96
ORD-000770,2024-08-14,CUST-00664,Mary Anderson,35,Male,Europe,France,Home & Kitchen,Instant Pot Duo 7-in-1,2,92.32,5.0,175.41,29.4,51.57
ORD-000771,2024-08-14,CUST-01480,Sofia White,21,Female,Europe,France,Clothing,Converse Chuck Taylor All Star,1,78.37,12.0,68.97,53.5,36.9
ORD-000772,2024-08-14,CUST-01163,Ali Martin,31,Female,Europe,Netherlands,Beauty & Personal Care,Bath & Body Works Candle Set,4,30.72,14.0,105.68,45.3,47.87
ORD-000773,2024-08-14,CUST-01702,Fatima Garcia,50,Female,Europe,France,Sports & Outdoors,Foam Roller Set,3,38.27,0.0,114.81,20.4,23.42
ORD-000774,2024-08-15,CUST-00418,Ali Ahmed,36,Female,North America,USA,Beauty & Personal Care,Fenty Beauty Foundation,4,45.91,16.0,154.26,54.6,84.23
ORD-000775,2024-08-15,CUST-01088,Susan Hall,36,Male,Asia Pacific,Japan,Sports & Outdoors,Fitbit Charge 6,2,157.56,20.0,252.1,29.5,74.37
ORD-000776,2024-08-15,CUST-01200,Ali Nelson,23,Male,Europe,Italy,Sports & Outdoors,Camping Sleeping Bag -10°C,3,91.03,9.0,248.51,22.1,54.92
ORD-000777,2024-08-15,CUST-00244,Sophia Nguyen,41,Female,Middle East,Saudi Arabia,Sports & Outdoors,Spalding NBA Basketball,3,49.65,0.0,148.95,28.0,41.71
ORD-000778,2024-08-15,CUST-01606,Linda Singh,18,Male,Middle East,Qatar,Home & Kitchen,Nespresso Vertuo Coffee Machine,2,197.12,5.0,374.53,34.5,129.21
ORD-000779,2024-08-16,CUST-00235,Lucas Khan,18,Female,Middle East,Saudi Arabia,Sports & Outdoors,Bowflex SelectTech Dumbbells,2,313.5,15.0,532.95,30.1,160.42
ORD-000780,2024-08-16,CUST-01628,Jennifer Torres,29,Female,Latin America,Brazil,Home & Kitchen,French Press Coffee Maker,3,41.93,17.0,104.41,38.3,39.99
ORD-000781,2024-08-16,CUST-01002,Laila Williams,41,Male,Middle East,Saudi Arabia,Clothing,Under Armour Sports Bra,1,41.28,2.0,40.45,45.1,18.24
ORD-000782,2024-08-16,CUST-01087,Hana Patel,20,Male,Europe,Italy,Clothing,Timberland Boots,1,193.0,0.0,193.0,39.8,76.81
ORD-000783,2024-08-16,CUST-01285,Emma Harris,49,Male,Asia Pacific,Australia,Clothing,Under Armour Sports Bra,1,59.84,2.0,58.64,36.5,21.4
ORD-000784,2024-08-16,CUST-00682,Chen Chen,21,Female,Latin America,Brazil,Clothing,Tommy Hilfiger Polo Shirt,1,78.6,25.0,58.95,42.5,25.05
ORD-000785,2024-08-17,CUST-00703,Oliver Müller,42,Male,Latin America,Argentina,Electronics,Sony PlayStation 5,1,579.37,11.0,515.64,13.7,70.64
ORD-000786,2024-08-17,CUST-01013,Charlotte Flores,35,Female,Asia Pacific,South Korea,Home & Kitchen,French Press Coffee Maker,2,38.01,10.0,68.42,32.6,22.3
ORD-000787,2024-08-17,CUST-01199,Ava King,32,Female,Latin America,Argentina,Electronics,Canon EOS R50 Camera,2,774.34,8.0,1424.79,8.7,123.96
ORD-000788,2024-08-17,CUST-00506,William Garcia,25,Male,Asia Pacific,India,Clothing,Uniqlo Down Jacket,1,110.96,30.0,77.67,47.3,36.74
ORD-000789,2024-08-18,CUST-00513,Thomas Martin,43,Female,Middle East,UAE,Beauty & Personal Care,Neutrogena SPF 50 Sunscreen,1,18.27,14.0,15.71,39.6,6.22
ORD-000790,2024-08-18,CUST-01472,Jennifer Wright,37,Male,Latin America,Argentina,Sports & Outdoors,Spalding NBA Basketball,3,29.65,0.0,88.95,33.5,29.8
ORD-000791,2024-08-18,CUST-01464,Linda Taylor,32,Male,Asia Pacific,South Korea,Sports & Outdoors,Fitbit Charge 6,3,176.48,0.0,529.44,34.3,181.6
ORD-000792,2024-08-18,CUST-00500,Mary Wang,56,Female,Latin America,Argentina,Clothing,Zara Wool Coat,3,132.63,0.0,397.89,42.5,169.1
ORD-000793,2024-08-18,CUST-01366,William Carter,44,Male,Asia Pacific,Australia,Electronics,Sony WH-1000XM5 Headphones,2,339.05,0.0,678.1,15.5,105.11
ORD-000794,2024-08-19,CUST-00360,Layla Lee,43,Female,Asia Pacific,Australia,Clothing,Under Armour Sports Bra,1,51.24,20.0,40.99,52.7,21.6
ORD-000795,2024-08-19,CUST-01380,Laila Young,32,Male,North America,USA,Clothing,Ray-Ban Aviator Sunglasses,3,133.0,4.0,383.04,43.7,167.39
ORD-000796,2024-08-19,CUST-00141,Joseph Davis,35,Female,Asia Pacific,India,Home & Kitchen,French Press Coffee Maker,2,26.76,0.0,53.52,35.7,19.11
ORD-000797,2024-08-19,CUST-00978,William Carter,33,Male,Asia Pacific,Singapore,Electronics,Sony WH-1000XM5 Headphones,1,314.92,4.0,302.32,10.8,32.65
ORD-000798,2024-08-19,CUST-00943,Thomas White,22,Male,Europe,Netherlands,Beauty & Personal Care,Philips Norelco Shaver,4,139.15,0.0,556.6,53.2,296.11
ORD-000799,2024-08-19,CUST-00222,Ethan Kim,25,Male,Latin America,Argentina,Electronics,Canon EOS R50 Camera,2,842.45,3.0,1634.35,14.3,233.71
ORD-000800,2024-08-20,CUST-00944,Barbara Fernandez,40,Female,Europe,Germany,Clothing,Under Armour Sports Bra,3,47.05,14.0,121.39,33.8,41.03
ORD-000801,2024-08-20,CUST-00208,Yuki Kim,32,Male,Asia Pacific,Australia,Home & Kitchen,Dyson V15 Vacuum,1,742.9,19.0,601.75,34.5,207.6
ORD-000802,2024-08-20,CUST-01644,Rafael Rossi,39,Male,Europe,Spain,Electronics,Bose SoundLink Speaker,2,153.54,5.0,291.73,19.2,56.01
ORD-000803,2024-08-20,CUST-01378,Ravi Miller,30,Male,North America,Canada,Clothing,Nike Air Max 270,1,134.16,10.0,120.74,30.3,36.58
ORD-000804,2024-08-20,CUST-00991,Charles Kim,22,Female,Latin America,Colombia,Electronics,Ring Video Doorbell,2,169.53,8.0,311.94,19.6,61.14
ORD-000805,2024-08-20,CUST-01317,Jennifer Garcia,28,Female,North America,USA,Electronics,"LG OLED 55"" TV",2,1300.15,13.0,2262.26,17.4,393.63
ORD-000806,2024-08-20,CUST-01063,Priya Walker,50,Male,Latin America,Colombia,Clothing,Gucci Belt,2,364.12,13.0,633.57,36.9,233.79
ORD-000807,2024-08-20,CUST-01548,Riley Walker,39,Female,Middle East,UAE,Home & Kitchen,Nespresso Vertuo Coffee Machine,1,164.55,0.0,164.55,37.3,61.38
ORD-000808,2024-08-20,CUST-01109,Emma Müller,18,Female,Middle East,UAE,Home & Kitchen,Weighted Blanket 15lbs,3,94.72,7.0,264.27,23.6,62.37
ORD-000809,2024-08-20,CUST-01614,Mary Schmidt,32,Male,Latin America,Argentina,Clothing,Adidas Ultraboost Shoes,2,163.21,0.0,326.42,37.8,123.39
ORD-000810,2024-08-20,CUST-00202,Mia Walker,28,Female,Middle East,Qatar,Clothing,Zara Wool Coat,3,134.19,0.0,402.57,41.8,168.27
ORD-000811,2024-08-21,CUST-00680,Thomas Miller,31,Female,Asia Pacific,Japan,Sports & Outdoors,Peloton Bike+,3,2488.55,4.0,7167.02,19.5,1397.57
ORD-000812,2024-08-21,CUST-00235,Lucas Khan,18,Female,Middle East,Saudi Arabia,Clothing,Ray-Ban Aviator Sunglasses,4,149.3,17.0,495.68,48.8,241.89
ORD-000813,2024-08-21,CUST-01533,Riley Adams,40,Female,Europe,Netherlands,Beauty & Personal Care,Bath & Body Works Candle Set,4,31.47,10.0,113.29,53.0,60.04
ORD-000814,2024-08-21,CUST-01311,William Allen,42,Male,North America,Mexico,Clothing,North Face Fleece Jacket,3,108.61,24.0,247.63,42.6,105.49
ORD-000815,2024-08-21,CUST-00585,Michael Hall,35,Male,Middle East,UAE,Home & Kitchen,French Press Coffee Maker,2,32.42,5.0,61.6,36.0,22.18
ORD-000816,2024-08-21,CUST-01013,Charlotte Flores,35,Female,Asia Pacific,South Korea,Home & Kitchen,Ninja Air Fryer XL,3,143.49,8.0,396.03,38.4,152.08
ORD-000817,2024-08-21,CUST-01776,Laila Allen,24,Female,North America,USA,Electronics,Kindle Paperwhite,2,113.15,8.0,208.2,10.8,22.49
ORD-000818,2024-08-21,CUST-00630,Isabella Singh,30,Male,Latin America,Colombia,Home & Kitchen,Dyson V15 Vacuum,3,620.71,7.0,1731.78,38.0,658.08
ORD-000819,2024-08-22,CUST-01400,Riley Nelson,63,Female,North America,USA,Electronics,USB-C Hub 7-in-1,2,72.53,8.0,133.46,18.4,24.56
ORD-000820,2024-08-22,CUST-00402,Richard Martin,30,Female,Asia Pacific,South Korea,Home & Kitchen,Nespresso Vertuo Coffee Machine,3,154.17,0.0,462.51,35.6,164.65
ORD-000821,2024-08-22,CUST-00950,Sofia Fernandez,50,Female,Latin America,Argentina,Beauty & Personal Care,Oral-B Electric Toothbrush Pro,3,85.11,9.0,232.35,44.5,103.4
ORD-000822,2024-08-22,CUST-01404,Oliver Green,43,Female,North America,Mexico,Home & Kitchen,Ninja Air Fryer XL,1,102.93,6.0,96.75,38.5,37.25
ORD-000823,2024-08-22,CUST-01472,Jennifer Wright,37,Male,Latin America,Argentina,Clothing,Zara Wool Coat,4,193.71,0.0,774.84,33.4,258.8
ORD-000824,2024-08-23,CUST-00655,Priya Khan,34,Female,North America,Canada,Home & Kitchen,Nespresso Vertuo Coffee Machine,2,233.21,4.0,447.76,37.5,167.91
ORD-000825,2024-08-23,CUST-01243,John Singh,18,Male,Middle East,UAE,Electronics,Sony PlayStation 5,2,559.68,13.0,973.84,16.0,155.81
ORD-000826,2024-08-23,CUST-01236,Thomas Taylor,30,Female,Middle East,Qatar,Electronics,"LG OLED 55"" TV",1,1736.0,2.0,1701.28,12.8,217.76
ORD-000827,2024-08-23,CUST-00231,Linda Singh,19,Male,Latin America,Argentina,Electronics,GoPro Hero 12,2,415.7,8.0,764.89,18.3,139.97
ORD-000828,2024-08-23,CUST-01053,Emma Baker,36,Male,North America,Canada,Electronics,Sony PlayStation 5,2,605.65,7.0,1126.51,8.6,96.88
ORD-000829,2024-08-23,CUST-00074,Sarah Taylor,44,Male,Middle East,Qatar,Beauty & Personal Care,The Ordinary Serum Set,5,22.83,17.0,94.74,56.1,53.15
ORD-000830,2024-08-24,CUST-00709,Karen Wright,25,Female,Europe,UK,Clothing,Ray-Ban Aviator Sunglasses,4,155.04,10.0,558.14,38.4,214.33
ORD-000831,2024-08-24,CUST-00716,Richard Jackson,25,Male,Latin America,Brazil,Electronics,Ring Video Doorbell,2,177.65,0.0,355.3,12.4,44.06
ORD-000832,2024-08-24,CUST-01542,Ahmed Jackson,35,Female,North America,USA,Electronics,Sony PlayStation 5,1,507.91,0.0,507.91,13.3,67.55
ORD-000833,2024-08-24,CUST-01351,Ana Patel,30,Female,Europe,Spain,Electronics,Sony WH-1000XM5 Headphones,2,306.77,0.0,613.54,14.2,87.12
ORD-000834,2024-08-24,CUST-00313,John Lee,42,Male,Asia Pacific,Australia,Clothing,Calvin Klein Underwear Set,3,33.19,22.0,77.66,40.6,31.53
ORD-000835,2024-08-25,CUST-01236,Thomas Taylor,30,Female,Middle East,Qatar,Electronics,GoPro Hero 12,2,381.54,0.0,763.08,17.6,134.3
ORD-000836,2024-08-25,CUST-00369,Aiden Green,33,Female,Europe,Italy,Clothing,Levi's 501 Jeans,4,81.23,29.0,230.69,46.8,107.96
ORD-000837,2024-08-25,CUST-00257,Laila Wang,54,Male,Middle East,UAE,Clothing,Tommy Hilfiger Polo Shirt,2,57.79,24.0,87.84,39.1,34.35
ORD-000838,2024-08-25,CUST-00128,Yuki Green,41,Female,North America,Canada,Sports & Outdoors,Coleman 4-Person Camping Tent,2,148.15,21.0,234.08,36.9,86.38
ORD-000839,2024-08-25,CUST-00629,Yuki Torres,30,Male,Latin America,Brazil,Electronics,GoPro Hero 12,2,443.12,0.0,886.24,10.3,91.28
ORD-000840,2024-08-25,CUST-01030,Harry Wright,35,Female,North America,Canada,Electronics,Kindle Paperwhite,1,115.96,5.0,110.16,14.6,16.08
ORD-000841,2024-08-26,CUST-01727,John Müller,20,Male,Europe,UK,Home & Kitchen,LED Desk Lamp with USB,2,31.01,10.0,55.82,26.7,14.9
ORD-000842,2024-08-26,CUST-01547,Richard Taylor,30,Male,Middle East,UAE,Clothing,Timberland Boots,1,194.85,0.0,194.85,54.0,105.22
ORD-000843,2024-08-26,CUST-01716,Liam Lopez,40,Female,Middle East,Qatar,Home & Kitchen,Ninja Air Fryer XL,2,102.95,0.0,205.9,37.4,77.01
ORD-000844,2024-08-26,CUST-01597,Ethan Adams,34,Male,Asia Pacific,Japan,Clothing,Adidas Ultraboost Shoes,3,166.97,1.0,495.9,44.0,218.2
ORD-000845,2024-08-27,CUST-01285,Emma Harris,49,Male,Asia Pacific,Australia,Home & Kitchen,Roomba i7+ Robot Vacuum,3,662.89,8.0,1829.58,23.2,424.46
ORD-000846,2024-08-27,CUST-01758,Sarah Jackson,38,Female,Europe,Germany,Home & Kitchen,Philips Hue Smart Bulb Set,2,61.9,7.0,115.13,38.7,44.56
ORD-000847,2024-08-27,CUST-01667,Zara Lopez,36,Male,North America,USA,Home & Kitchen,Cuisinart 12-Piece Cookware Set,2,263.52,0.0,527.04,36.2,190.79
ORD-000848,2024-08-27,CUST-00719,Sarah Wright,18,Male,North America,Mexico,Clothing,Under Armour Sports Bra,4,54.84,20.0,175.49,38.8,68.09
ORD-000849,2024-08-28,CUST-01730,Noah Carter,28,Male,North America,Canada,Electronics,iPhone 15 Pro,1,970.6,0.0,970.6,14.5,140.74
ORD-000850,2024-08-28,CUST-01731,Sophia Taylor,18,Female,Europe,France,Clothing,North Face Fleece Jacket,3,121.06,9.0,330.49,39.0,128.89
ORD-000851,2024-08-28,CUST-01708,Oliver Young,29,Male,North America,Canada,Clothing,Zara Wool Coat,3,125.92,0.0,377.76,37.2,140.53
ORD-000852,2024-08-28,CUST-01363,Priya Wang,28,Male,North America,Mexico,Clothing,Gucci Belt,3,386.13,4.0,1112.05,39.5,439.26
ORD-000853,2024-08-28,CUST-00748,Karen White,25,Female,North America,USA,Home & Kitchen,Dyson V15 Vacuum,1,675.19,0.0,675.19,32.7,220.79
ORD-000854,2024-08-28,CUST-00689,Jennifer Adams,18,Female,Europe,Germany,Home & Kitchen,Philips Hue Smart Bulb Set,1,53.35,9.0,48.55,33.1,16.07
ORD-000855,2024-09-01,CUST-01597,Ethan Adams,34,Male,Asia Pacific,Japan,Electronics,iPhone 15 Pro,2,1138.67,0.0,2277.34,15.7,357.54
ORD-000856,2024-09-01,CUST-00521,Ahmed Green,32,Male,Latin America,Brazil,Home & Kitchen,KitchenAid Stand Mixer,3,391.99,1.0,1164.21,33.0,384.19
ORD-000857,2024-09-01,CUST-00054,Susan Jones,38,Male,North America,Mexico,Clothing,Gucci Belt,4,336.56,22.0,1050.07,51.3,538.69
ORD-000858,2024-09-01,CUST-01447,Liam Khan,18,Female,Latin America,Brazil,Home & Kitchen,Roomba i7+ Robot Vacuum,1,821.21,8.0,755.51,31.2,235.72
ORD-000859,2024-09-01,CUST-00507,Michael Johnson,34,Female,Middle East,Saudi Arabia,Clothing,Tommy Hilfiger Polo Shirt,3,51.42,15.0,131.12,48.6,63.72
ORD-000860,2024-09-01,CUST-01693,Muhammad Lee,39,Male,Latin America,Colombia,Clothing,Uniqlo Down Jacket,1,112.43,23.0,86.57,51.8,44.84
ORD-000861,2024-09-02,CUST-01591,Fatima Wright,56,Male,Middle East,UAE,Home & Kitchen,Ninja Air Fryer XL,3,114.14,14.0,294.48,28.0,82.45
ORD-000862,2024-09-02,CUST-00817,Rafael Brown,30,Male,Middle East,UAE,Electronics,Kindle Paperwhite,1,96.13,0.0,96.13,10.5,10.09
ORD-000863,2024-09-02,CUST-00895,Patricia Taylor,18,Male,North America,Mexico,Beauty & Personal Care,Tatcha Rice Wash Cleanser,5,44.65,11.0,198.69,53.4,106.1
ORD-000864,2024-09-02,CUST-00213,Barbara Santos,38,Male,North America,Canada,Clothing,Zara Wool Coat,1,180.52,11.0,160.66,48.5,77.92
ORD-000865,2024-09-02,CUST-00550,Emma Flores,26,Male,Asia Pacific,Australia,Electronics,Kindle Paperwhite,1,123.45,0.0,123.45,15.1,18.64
ORD-000866,2024-09-02,CUST-01351,Ana Patel,30,Female,Europe,Spain,Beauty & Personal Care,Bioderma Micellar Water 500ml,5,15.04,2.0,73.7,57.3,42.23
ORD-000867,2024-09-02,CUST-01605,Ali Carter,38,Male,Europe,Spain,Electronics,Apple Watch Series 9,1,448.1,9.0,407.77,12.4,50.56
ORD-000868,2024-09-03,CUST-01793,Richard Smith,21,Male,Middle East,UAE,Electronics,iPad Pro 11-inch,2,934.98,6.0,1757.76,10.8,189.84
ORD-000869,2024-09-03,CUST-00918,Michael White,51,Male,Middle East,Qatar,Electronics,Dell XPS 15 Laptop,2,1140.1,8.0,2097.78,12.7,266.42
ORD-000870,2024-09-03,CUST-00204,Carlos Lee,37,Female,Asia Pacific,South Korea,Sports & Outdoors,Yoga Mat Premium Non-Slip,3,63.15,12.0,166.72,32.9,54.85
ORD-000871,2024-09-03,CUST-01666,Zara Jackson,21,Female,North America,Canada,Home & Kitchen,Ninja Air Fryer XL,3,121.73,0.0,365.19,31.3,114.3
ORD-000872,2024-09-03,CUST-01613,Sofia Taylor,26,Female,Europe,France,Home & Kitchen,LED Desk Lamp with USB,1,40.6,2.0,39.79,26.7,10.62
ORD-000873,2024-09-03,CUST-01378,Ravi Miller,30,Male,North America,Canada,Clothing,Timberland Boots,2,176.92,28.0,254.76,32.1,81.78
ORD-000874,2024-09-04,CUST-01748,Thomas Davis,42,Male,Middle East,UAE,Sports & Outdoors,Garmin GPS Running Watch,2,275.04,20.0,440.06,23.2,102.09
ORD-000875,2024-09-04,CUST-00066,Lucas Nelson,34,Female,Europe,Netherlands,Electronics,Sony WH-1000XM5 Headphones,2,285.7,8.0,525.69,15.6,82.01
ORD-000876,2024-09-04,CUST-01137,Carlos Lee,25,Male,Europe,UK,Home & Kitchen,LED Desk Lamp with USB,3,40.15,5.0,114.43,33.2,37.99
ORD-000877,2024-09-04,CUST-01641,Riley Wright,30,Male,Asia Pacific,Australia,Sports & Outdoors,Garmin GPS Running Watch,3,394.31,13.0,1029.15,23.1,237.73
ORD-000878,2024-09-04,CUST-00061,Olivia Jones,18,Male,Latin America,Argentina,Home & Kitchen,Air Purifier HEPA,1,182.67,16.0,153.44,28.9,44.34
ORD-000879,2024-09-05,CUST-01046,Charlotte Walker,35,Female,Europe,Germany,Home & Kitchen,Weighted Blanket 15lbs,1,69.6,13.0,60.55,20.0,12.11
ORD-000880,2024-09-05,CUST-00817,Rafael Brown,30,Male,Middle East,UAE,Sports & Outdoors,Hydro Flask 32oz Water Bottle,2,47.68,0.0,95.36,33.3,31.75
ORD-000881,2024-09-05,CUST-00408,Laila Adams,19,Female,Middle East,Qatar,Electronics,Canon EOS R50 Camera,1,696.31,5.0,661.49,11.9,78.72
ORD-000882,2024-09-05,CUST-01092,Joseph Ali,27,Male,Europe,Spain,Clothing,Levi's 501 Jeans,4,73.01,25.0,219.03,35.2,77.1
ORD-000883,2024-09-05,CUST-01028,Joseph Ahmed,25,Female,Asia Pacific,Japan,Electronics,Samsung Galaxy S24,1,1043.12,9.0,949.24,12.2,115.81
ORD-000884,2024-09-05,CUST-01751,David Johnson,54,Male,Middle East,Saudi Arabia,Beauty & Personal Care,Moroccanoil Hair Oil,2,43.74,7.0,81.36,44.2,35.96
ORD-000885,2024-09-05,CUST-01369,Ethan Green,21,Male,Latin America,Colombia,Beauty & Personal Care,Philips Norelco Shaver,3,123.83,11.0,330.63,39.3,129.94
ORD-000886,2024-09-06,CUST-00731,Karen Wang,49,Female,Middle East,UAE,Electronics,Sony WH-1000XM5 Headphones,1,285.76,0.0,285.76,8.4,24.0
ORD-000887,2024-09-06,CUST-01509,Olivia Singh,26,Male,Asia Pacific,South Korea,Home & Kitchen,French Press Coffee Maker,1,37.32,5.0,35.45,28.1,9.96
ORD-000888,2024-09-06,CUST-00749,Oliver Santos,35,Female,Latin America,Brazil,Electronics,Apple MacBook Air M2,1,1112.72,15.0,945.81,13.2,124.85
ORD-000889,2024-09-06,CUST-01090,Michael Wilson,41,Male,Asia Pacific,Australia,Clothing,Timberland Boots,1,187.12,25.0,140.34,49.1,68.91
ORD-000890,2024-09-06,CUST-01080,Charlotte Brown,30,Female,Europe,Spain,Home & Kitchen,Cuisinart 12-Piece Cookware Set,2,241.99,3.0,469.46,31.5,147.88
ORD-000891,2024-09-06,CUST-00569,Robert Wang,44,Female,Middle East,Saudi Arabia,Electronics,Kindle Paperwhite,2,104.05,10.0,187.29,13.9,26.03
ORD-000892,2024-09-06,CUST-00759,Ahmed Wilson,35,Male,North America,USA,Beauty & Personal Care,Moroccanoil Hair Oil,4,41.07,14.0,141.28,50.1,70.78
ORD-000893,2024-09-07,CUST-00764,Aiden Müller,52,Female,North America,Mexico,Beauty & Personal Care,Bioderma Micellar Water 500ml,4,17.02,13.0,59.23,40.2,23.81
ORD-000894,2024-09-07,CUST-00172,Ethan Brown,42,Female,North America,Mexico,Electronics,Apple MacBook Air M2,1,983.22,8.0,904.56,15.2,137.49
ORD-000895,2024-09-07,CUST-01141,Hana Wilson,42,Male,Middle East,Saudi Arabia,Clothing,H&M Cotton T-Shirt Pack,2,19.08,0.0,38.16,32.5,12.4
ORD-000896,2024-09-07,CUST-00368,Robert Müller,48,Female,Middle East,Saudi Arabia,Clothing,Converse Chuck Taylor All Star,1,80.33,0.0,80.33,40.1,32.21
ORD-000897,2024-09-07,CUST-00611,Lucas Wright,52,Female,North America,Canada,Home & Kitchen,Instant Pot Duo 7-in-1,3,84.65,0.0,253.95,22.4,56.88
ORD-000898,2024-09-07,CUST-00553,Riley Taylor,19,Female,Middle East,Qatar,Home & Kitchen,Roomba i7+ Robot Vacuum,3,718.31,7.0,2004.08,23.9,478.98
ORD-000899,2024-09-07,CUST-00730,Lisa Ali,31,Female,Asia Pacific,South Korea,Electronics,iPad Pro 11-inch,1,1048.81,9.0,954.42,9.1,86.85
ORD-000900,2024-09-07,CUST-00385,Ravi Anderson,37,Female,Asia Pacific,India,Clothing,H&M Cotton T-Shirt Pack,1,33.1,0.0,33.1,39.4,13.04
ORD-000901,2024-09-08,CUST-00415,Hana Patel,28,Male,Asia Pacific,Japan,Clothing,Uniqlo Down Jacket,4,96.85,9.0,352.53,30.9,108.93
ORD-000902,2024-09-08,CUST-00914,Sofia Torres,45,Female,Latin America,Argentina,Electronics,Ring Video Doorbell,1,191.45,15.0,162.73,14.6,23.76
ORD-000903,2024-09-08,CUST-00081,Susan Khan,23,Female,North America,USA,Home & Kitchen,KitchenAid Stand Mixer,1,462.62,11.0,411.73,33.9,139.58
ORD-000904,2024-09-08,CUST-01340,Oliver Fernandez,36,Male,Europe,Spain,Beauty & Personal Care,Bioderma Micellar Water 500ml,2,15.63,19.0,25.32,38.1,9.65
ORD-000905,2024-09-08,CUST-00128,Yuki Green,41,Female,North America,Canada,Electronics,iPad Pro 11-inch,2,794.64,14.0,1366.78,14.0,191.35
ORD-000906,2024-09-09,CUST-00360,Layla Lee,43,Female,Asia Pacific,Australia,Home & Kitchen,Philips Hue Smart Bulb Set,3,55.06,0.0,165.18,31.3,51.7
ORD-000907,2024-09-09,CUST-00001,Sarah Harris,40,Female,North America,USA,Home & Kitchen,French Press Coffee Maker,2,33.25,8.0,61.18,27.5,16.82
ORD-000908,2024-09-09,CUST-01295,Ahmed Hill,43,Male,Middle East,Saudi Arabia,Beauty & Personal Care,Olaplex No.3 Hair Perfector,4,31.84,16.0,106.98,58.3,62.37
ORD-000909,2024-09-09,CUST-00367,Sarah Martinez,35,Female,Asia Pacific,India,Electronics,iPhone 15 Pro,1,1003.49,0.0,1003.49,16.2,162.57
ORD-000910,2024-09-09,CUST-00001,Sarah Harris,40,Female,North America,USA,Clothing,Timberland Boots,1,158.1,0.0,158.1,30.3,47.9
ORD-000911,2024-09-09,CUST-00006,Liam Young,44,Female,Europe,Netherlands,Beauty & Personal Care,CeraVe Moisturizing Cream,4,14.58,0.0,58.32,54.9,32.02
ORD-000912,2024-09-09,CUST-00122,Priya Taylor,36,Male,Europe,Spain,Clothing,Converse Chuck Taylor All Star,3,60.33,15.0,153.84,38.2,58.77
ORD-000913,2024-09-10,CUST-01456,Thomas Walker,34,Female,Middle East,UAE,Home & Kitchen,Bamboo Cutting Board Set,3,39.6,1.0,117.61,23.4,27.52
ORD-000914,2024-09-10,CUST-01468,Susan Torres,35,Female,North America,Canada,Electronics,Samsung Galaxy S24,1,1112.75,13.0,968.09,10.1,97.78
ORD-000915,2024-09-10,CUST-01558,Ahmed Miller,29,Female,Middle East,Qatar,Home & Kitchen,French Press Coffee Maker,2,40.37,0.0,80.74,22.2,17.92
ORD-000916,2024-09-11,CUST-01528,Jennifer Wilson,48,Female,Asia Pacific,Singapore,Home & Kitchen,Air Purifier HEPA,2,217.69,18.0,357.01,25.8,92.11
ORD-000917,2024-09-11,CUST-00542,Richard Green,18,Female,Europe,France,Home & Kitchen,Roomba i7+ Robot Vacuum,2,726.7,9.0,1322.59,21.0,277.74
ORD-000918,2024-09-11,CUST-00584,Aiden Jones,46,Male,North America,Canada,Clothing,Converse Chuck Taylor All Star,3,76.34,7.0,212.99,40.3,85.83
ORD-000919,2024-09-11,CUST-00074,Sarah Taylor,44,Male,Middle East,Qatar,Home & Kitchen,Roomba i7+ Robot Vacuum,2,669.6,13.0,1165.1,33.0,384.48
ORD-000920,2024-09-11,CUST-00097,Ravi Fernandez,57,Male,Europe,Netherlands,Clothing,Timberland Boots,4,161.56,0.0,646.24,48.5,313.43
ORD-000921,2024-09-11,CUST-00874,Priya Khan,23,Female,North America,Mexico,Sports & Outdoors,Peloton Bike+,1,2292.31,0.0,2292.31,33.8,774.8
ORD-000922,2024-09-11,CUST-01545,Oliver Adams,41,Female,Middle East,Qatar,Electronics,Ring Video Doorbell,2,103.87,11.0,184.89,8.0,14.79
ORD-000923,2024-09-12,CUST-00989,Amelia Scott,34,Female,Europe,Germany,Electronics,Apple MacBook Air M2,2,1058.56,4.0,2032.44,9.4,191.05
ORD-000924,2024-09-12,CUST-00375,Richard Santos,31,Female,Latin America,Colombia,Electronics,"LG OLED 55"" TV",1,1365.32,15.0,1160.52,11.9,138.1
ORD-000925,2024-09-12,CUST-00839,Thomas Mitchell,33,Female,Middle East,UAE,Electronics,Ring Video Doorbell,2,149.41,0.0,298.82,14.8,44.23
ORD-000926,2024-09-12,CUST-00994,Emma Johnson,55,Male,Latin America,Argentina,Electronics,"LG OLED 55"" TV",2,1608.88,15.0,2735.1,10.8,295.39
ORD-000927,2024-09-12,CUST-00415,Hana Patel,28,Male,Asia Pacific,Japan,Clothing,H&M Cotton T-Shirt Pack,2,19.94,0.0,39.88,30.2,12.04
ORD-000928,2024-09-12,CUST-01138,Lucas Roberts,31,Female,North America,Canada,Clothing,Under Armour Sports Bra,3,46.69,28.0,100.85,36.3,36.61
ORD-000929,2024-09-13,CUST-00205,Ali Ali,18,Male,Middle East,Saudi Arabia,Clothing,Levi's 501 Jeans,3,78.17,0.0,234.51,31.8,74.57
ORD-000930,2024-09-13,CUST-01206,Liam Mitchell,43,Male,Latin America,Argentina,Beauty & Personal Care,Dyson Airwrap Styler,3,516.06,9.0,1408.84,55.2,777.68
ORD-000931,2024-09-13,CUST-01496,Charles Thomas,27,Male,Asia Pacific,Japan,Home & Kitchen,KitchenAid Stand Mixer,2,450.62,2.0,883.22,36.0,317.96
ORD-000932,2024-09-14,CUST-00932,Thomas Thomas,47,Male,Middle East,Saudi Arabia,Electronics,Sony WH-1000XM5 Headphones,1,268.21,0.0,268.21,10.2,27.36
ORD-000933,2024-09-14,CUST-01276,Wei Wright,19,Male,Europe,UK,Beauty & Personal Care,Philips Norelco Shaver,1,132.18,0.0,132.18,45.4,60.01
ORD-000934,2024-09-14,CUST-01674,Olivia Jackson,21,Female,Latin America,Brazil,Sports & Outdoors,Peloton Bike+,1,2305.69,11.0,2052.06,26.9,552.0
ORD-000935,2024-09-14,CUST-00128,Yuki Green,41,Female,North America,Canada,Electronics,iPad Pro 11-inch,1,960.07,3.0,931.27,9.5,88.47
ORD-000936,2024-09-14,CUST-00973,Rafael Thompson,42,Male,North America,USA,Clothing,Converse Chuck Taylor All Star,4,71.44,20.0,228.61,38.7,88.47
ORD-000937,2024-09-14,CUST-00654,Mary Martinez,21,Male,North America,Canada,Clothing,Levi's 501 Jeans,1,68.23,22.0,53.22,51.5,27.41
ORD-000938,2024-09-14,CUST-00017,Sophia Young,27,Female,Europe,UK,Electronics,Samsung Galaxy S24,1,935.05,0.0,935.05,9.9,92.57
ORD-000939,2024-09-15,CUST-00352,Linda Jackson,23,Male,Europe,France,Electronics,Sony WH-1000XM5 Headphones,2,286.79,14.0,493.28,19.6,96.68
ORD-000940,2024-09-15,CUST-01637,Amelia Fernandez,34,Male,Asia Pacific,Singapore,Clothing,Levi's 501 Jeans,4,90.22,0.0,360.88,48.5,175.03
ORD-000941,2024-09-15,CUST-00321,Layla Wright,41,Male,Europe,Netherlands,Beauty & Personal Care,Bioderma Micellar Water 500ml,1,16.99,8.0,15.63,43.0,6.72
ORD-000942,2024-09-15,CUST-00607,Layla Carter,47,Female,Europe,Italy,Beauty & Personal Care,Oral-B Electric Toothbrush Pro,4,89.02,0.0,356.08,41.4,147.42
ORD-000943,2024-09-16,CUST-00061,Olivia Jones,18,Male,Latin America,Argentina,Beauty & Personal Care,Foreo LUNA Face Massager,4,141.59,18.0,464.42,46.5,215.96
ORD-000944,2024-09-16,CUST-01759,James Allen,47,Male,North America,Canada,Clothing,Adidas Ultraboost Shoes,1,157.37,14.0,135.34,43.3,58.6
ORD-000945,2024-09-16,CUST-00705,Michael Patel,35,Male,Europe,Spain,Beauty & Personal Care,Foreo LUNA Face Massager,1,147.58,1.0,146.1,41.1,60.05
ORD-000946,2024-09-16,CUST-01660,Emma Müller,32,Female,North America,USA,Clothing,Ray-Ban Aviator Sunglasses,4,154.77,0.0,619.08,30.8,190.68
ORD-000947,2024-09-16,CUST-00598,James Thompson,40,Male,North America,Mexico,Home & Kitchen,French Press Coffee Maker,3,41.1,6.0,115.9,22.6,26.19
ORD-000948,2024-09-17,CUST-01480,Sofia White,21,Female,Europe,France,Clothing,Nike Air Max 270,2,139.5,2.0,273.42,40.5,110.74
ORD-000949,2024-09-17,CUST-00112,Amelia Green,40,Male,Middle East,Qatar,Clothing,H&M Cotton T-Shirt Pack,1,30.18,8.0,27.77,55.0,15.27
ORD-000950,2024-09-17,CUST-00352,Linda Jackson,23,Male,Europe,France,Clothing,H&M Cotton T-Shirt Pack,2,30.85,0.0,61.7,48.8,30.11
ORD-000951,2024-09-18,CUST-01018,Robert Carter,26,Male,Latin America,Colombia,Electronics,Apple MacBook Air M2,2,1228.49,14.0,2113.0,9.5,200.74
ORD-000952,2024-09-18,CUST-01411,Aiden Roberts,29,Female,Latin America,Colombia,Electronics,Samsung Galaxy S24,2,926.86,0.0,1853.72,14.2,263.23
ORD-000953,2024-09-19,CUST-00552,Ethan Ali,39,Female,Middle East,Qatar,Beauty & Personal Care,Bath & Body Works Candle Set,3,43.36,5.0,123.58,58.0,71.68
ORD-000954,2024-09-19,CUST-00680,Thomas Miller,31,Female,Asia Pacific,Japan,Clothing,North Face Fleece Jacket,4,110.02,0.0,440.08,36.4,160.19
ORD-000955,2024-09-19,CUST-00204,Carlos Lee,37,Female,Asia Pacific,South Korea,Electronics,Ring Video Doorbell,2,127.83,5.0,242.88,13.2,32.06
ORD-000956,2024-09-19,CUST-00929,Layla Smith,36,Male,Middle East,Qatar,Sports & Outdoors,Speedo Swim Goggles,3,30.87,11.0,82.42,38.0,31.32
ORD-000957,2024-09-19,CUST-01697,Layla Green,30,Female,Latin America,Argentina,Home & Kitchen,Weighted Blanket 15lbs,3,69.13,18.0,170.06,24.8,42.17
ORD-000958,2024-09-19,CUST-01150,Amelia Walker,19,Female,Europe,France,Electronics,Apple Watch Series 9,1,400.04,9.0,364.04,14.9,54.24
ORD-000959,2024-09-19,CUST-01476,Chen White,32,Male,Europe,Italy,Home & Kitchen,IKEA KALLAX Shelf Unit,1,158.7,15.0,134.89,24.5,33.05
ORD-000960,2024-09-20,CUST-00621,Laila Chen,19,Female,Asia Pacific,South Korea,Electronics,Samsung Galaxy S24,2,989.79,8.0,1821.21,18.1,329.64
ORD-000961,2024-09-20,CUST-00791,Mia Flores,43,Male,Middle East,UAE,Electronics,iPad Pro 11-inch,2,996.63,0.0,1993.26,17.1,340.85
ORD-000962,2024-09-20,CUST-00254,Chen Singh,18,Male,Latin America,Colombia,Clothing,Levi's 501 Jeans,3,78.96,0.0,236.88,53.8,127.44
ORD-000963,2024-09-20,CUST-01205,Sofia Wang,43,Male,Europe,Italy,Sports & Outdoors,Bowflex SelectTech Dumbbells,2,378.07,8.0,695.65,23.1,160.7
ORD-000964,2024-09-20,CUST-01694,Yuki Lopez,33,Male,Asia Pacific,Australia,Electronics,Kindle Paperwhite,1,104.43,10.0,93.99,14.7,13.82
ORD-000965,2024-09-20,CUST-01065,Sofia Wright,21,Male,North America,USA,Home & Kitchen,Ninja Air Fryer XL,2,134.33,0.0,268.66,20.4,54.81
ORD-000966,2024-09-21,CUST-01583,Layla Khan,30,Female,Europe,UK,Sports & Outdoors,Speedo Swim Goggles,2,32.42,14.0,55.76,28.0,15.61
ORD-000967,2024-09-22,CUST-01020,Ahmed Thomas,34,Female,North America,Mexico,Home & Kitchen,Cuisinart 12-Piece Cookware Set,3,249.23,0.0,747.69,38.9,290.85
ORD-000968,2024-09-22,CUST-00120,Aiden Singh,20,Male,Europe,Germany,Sports & Outdoors,Trek FX3 Bicycle,2,852.25,0.0,1704.5,36.8,627.26
ORD-000969,2024-09-22,CUST-00294,William Ahmed,32,Female,Asia Pacific,India,Electronics,Kindle Paperwhite,2,113.63,0.0,227.26,13.9,31.59
ORD-000970,2024-09-22,CUST-00368,Robert Müller,48,Female,Middle East,Saudi Arabia,Home & Kitchen,Weighted Blanket 15lbs,3,83.54,15.0,213.03,21.1,44.95
ORD-000971,2024-09-22,CUST-01562,Barbara Santos,25,Male,Middle East,Saudi Arabia,Home & Kitchen,Nespresso Vertuo Coffee Machine,3,150.23,9.0,410.13,31.7,130.01
ORD-000972,2024-09-22,CUST-01372,Mary Rossi,39,Female,Europe,Netherlands,Home & Kitchen,Weighted Blanket 15lbs,1,83.44,0.0,83.44,39.1,32.63
ORD-000973,2024-09-22,CUST-01071,Thomas Taylor,18,Male,North America,Canada,Electronics,"LG OLED 55"" TV",1,1486.05,11.0,1322.58,10.6,140.19
ORD-000974,2024-09-22,CUST-00428,Mia Walker,40,Male,Europe,UK,Beauty & Personal Care,Charlotte Tilbury Lipstick,2,36.49,14.0,62.76,58.9,36.97
ORD-000975,2024-09-23,CUST-01676,Zara Patel,22,Female,Middle East,Qatar,Electronics,Apple MacBook Air M2,2,1047.53,0.0,2095.06,10.4,217.89
ORD-000976,2024-09-23,CUST-00929,Layla Smith,36,Male,Middle East,Qatar,Home & Kitchen,Nespresso Vertuo Coffee Machine,1,212.4,2.0,208.15,37.9,78.89
ORD-000977,2024-09-23,CUST-01648,James Hill,50,Female,Latin America,Argentina,Sports & Outdoors,Peloton Bike+,2,2321.82,22.0,3622.04,23.2,840.31
ORD-000978,2024-09-24,CUST-00935,Ali Adams,27,Female,Asia Pacific,Singapore,Clothing,Uniqlo Down Jacket,3,102.96,0.0,308.88,31.3,96.68
ORD-000979,2024-09-24,CUST-00825,Priya Dupont,32,Male,Asia Pacific,South Korea,Beauty & Personal Care,Oral-B Electric Toothbrush Pro,3,95.29,0.0,285.87,56.7,162.09
ORD-000980,2024-09-24,CUST-01536,Laila Khan,18,Female,Middle East,Saudi Arabia,Home & Kitchen,Weighted Blanket 15lbs,2,60.66,17.0,100.7,33.7,33.94
ORD-000981,2024-09-24,CUST-01330,Thomas Wright,40,Female,Latin America,Brazil,Clothing,Ray-Ban Aviator Sunglasses,2,172.52,20.0,276.03,34.6,95.51
ORD-000982,2024-09-25,CUST-00514,Mia Miller,57,Male,Middle East,Qatar,Electronics,Kindle Paperwhite,1,112.33,11.0,99.97,18.9,18.89
ORD-000983,2024-09-25,CUST-01219,Patricia Kim,35,Female,Europe,Germany,Electronics,Sony WH-1000XM5 Headphones,1,252.89,10.0,227.6,10.9,24.81
ORD-000984,2024-09-25,CUST-01782,Jessica Wilson,40,Male,Europe,UK,Electronics,Samsung Galaxy S24,2,793.93,11.0,1413.2,10.1,142.73
ORD-000985,2024-09-25,CUST-01173,Mary Jones,18,Female,Asia Pacific,Singapore,Electronics,Kindle Paperwhite,2,113.23,14.0,194.76,10.0,19.48
ORD-000986,2024-09-25,CUST-01625,Patricia Adams,18,Male,Asia Pacific,Australia,Electronics,Sony PlayStation 5,1,497.7,9.0,452.91,17.4,78.81
ORD-000987,2024-09-26,CUST-00958,Ava Jackson,23,Female,Europe,Spain,Home & Kitchen,IKEA KALLAX Shelf Unit,2,197.93,0.0,395.86,35.4,140.13
ORD-000988,2024-09-26,CUST-00482,Mary Smith,25,Female,Latin America,Argentina,Sports & Outdoors,Trek FX3 Bicycle,1,766.32,0.0,766.32,18.2,139.47
ORD-000989,2024-09-26,CUST-01424,Noah Hill,38,Female,Asia Pacific,Australia,Home & Kitchen,IKEA KALLAX Shelf Unit,3,167.31,0.0,501.93,32.4,162.63
ORD-000990,2024-09-26,CUST-00206,Amelia Lee,18,Female,Latin America,Colombia,Electronics,Samsung Galaxy S24,1,967.62,0.0,967.62,15.8,152.88
ORD-000991,2024-09-26,CUST-00445,Layla Wilson,34,Female,Europe,Spain,Home & Kitchen,Bamboo Cutting Board Set,2,49.38,0.0,98.76,22.1,21.83
ORD-000992,2024-09-26,CUST-01136,Liam King,26,Male,Middle East,Saudi Arabia,Electronics,Ring Video Doorbell,2,144.54,9.0,263.06,17.4,45.77
ORD-000993,2024-09-26,CUST-00562,Oliver White,56,Male,Middle East,UAE,Sports & Outdoors,Resistance Bands Set,2,18.96,11.0,33.75,32.8,11.07
ORD-000994,2024-09-26,CUST-01788,Lucas Chen,44,Female,Middle East,Saudi Arabia,Electronics,Samsung Galaxy S24,2,851.97,0.0,1703.94,11.0,187.43
ORD-000995,2024-09-27,CUST-00373,Barbara Miller,19,Male,Asia Pacific,Singapore,Electronics,Sony WH-1000XM5 Headphones,2,275.88,0.0,551.76,18.3,100.97
ORD-000996,2024-09-27,CUST-00922,Sophia Chen,54,Female,Latin America,Brazil,Beauty & Personal Care,Dyson Airwrap Styler,3,521.26,19.0,1266.66,48.0,608.0
ORD-000997,2024-09-27,CUST-00707,John Thomas,28,Female,Middle East,Qatar,Beauty & Personal Care,Bioderma Micellar Water 500ml,1,14.43,1.0,14.29,48.9,6.99
ORD-000998,2024-09-27,CUST-00095,Mia Nguyen,38,Male,Europe,Italy,Electronics,Apple Watch Series 9,2,474.43,0.0,948.86,19.2,182.18
ORD-000999,2024-09-27,CUST-01528,Jennifer Wilson,48,Female,Asia Pacific,Singapore,Sports & Outdoors,Resistance Bands Set,3,24.56,23.0,56.73,28.3,16.05
ORD-001000,2024-09-27,CUST-01403,Wei Chen,18,Female,Asia Pacific,Australia,Sports & Outdoors,Fitbit Charge 6,2,170.95,2.0,335.06,35.7,119.62
ORD-001001,2024-09-27,CUST-00045,Muhammad Flores,34,Male,Europe,Germany,Sports & Outdoors,Fitbit Charge 6,1,148.23,10.0,133.41,35.8,47.76
ORD-001002,2024-09-28,CUST-00826,Sofia Jones,38,Male,Asia Pacific,Singapore,Electronics,Ring Video Doorbell,1,163.62,0.0,163.62,14.9,24.38
ORD-001003,2024-09-28,CUST-00514,Mia Miller,57,Male,Middle East,Qatar,Beauty & Personal Care,Tatcha Rice Wash Cleanser,1,42.24,12.0,37.17,43.4,16.13
ORD-001004,2024-09-28,CUST-00879,Mason Taylor,29,Male,Europe,Spain,Electronics,Kindle Paperwhite,1,107.97,4.0,103.65,8.7,9.02
ORD-001005,2024-09-28,CUST-01329,Linda Williams,43,Male,Europe,Germany,Clothing,Ray-Ban Aviator Sunglasses,2,132.41,19.0,214.5,35.3,75.72
ORD-001006,2024-09-28,CUST-01225,Karen Martinez,40,Female,Asia Pacific,India,Clothing,Gucci Belt,1,366.51,9.0,333.52,53.0,176.77
ORD-001007,2024-09-28,CUST-01703,Layla King,27,Female,North America,Canada,Home & Kitchen,Instant Pot Duo 7-in-1,2,101.08,0.0,202.16,25.4,51.35
ORD-001008,2024-09-28,CUST-00730,Lisa Ali,31,Female,Asia Pacific,South Korea,Beauty & Personal Care,Fenty Beauty Foundation,3,36.65,5.0,104.45,44.0,45.96
ORD-001009,2024-09-28,CUST-00081,Susan Khan,23,Female,North America,USA,Sports & Outdoors,Coleman 4-Person Camping Tent,2,103.07,14.0,177.28,30.1,53.36
ORD-001010,2024-09-28,CUST-00076,Oliver Müller,18,Male,Europe,France,Clothing,Timberland Boots,4,164.85,4.0,633.02,30.6,193.7
ORD-001011,2024-09-28,CUST-00706,Ethan Thompson,33,Female,Asia Pacific,South Korea,Clothing,Zara Wool Coat,1,197.23,14.0,169.62,50.3,85.32
ORD-001012,2024-10-01,CUST-01649,Ethan Young,32,Female,North America,Canada,Beauty & Personal Care,Dyson Airwrap Styler,3,572.84,0.0,1718.52,59.5,1022.52
ORD-001013,2024-10-01,CUST-00524,Oliver Scott,30,Female,Europe,Netherlands,Electronics,Kindle Paperwhite,2,140.63,13.0,244.7,19.2,46.98
ORD-001014,2024-10-02,CUST-01724,Ava White,26,Female,Latin America,Colombia,Electronics,Dell XPS 15 Laptop,2,1330.65,12.0,2341.94,16.6,388.76
ORD-001015,2024-10-02,CUST-00530,Mason Wright,53,Male,Asia Pacific,Australia,Sports & Outdoors,Foam Roller Set,1,38.65,0.0,38.65,24.3,9.39
ORD-001016,2024-10-02,CUST-01242,Priya Flores,42,Female,North America,Mexico,Electronics,Apple Watch Series 9,2,417.09,11.0,742.42,13.0,96.51
ORD-001017,2024-10-03,CUST-00040,Rafael Nelson,32,Female,Latin America,Brazil,Sports & Outdoors,Hydro Flask 32oz Water Bottle,1,40.28,0.0,40.28,25.9,10.43
ORD-001018,2024-10-03,CUST-00227,Oliver Allen,39,Male,Latin America,Brazil,Clothing,North Face Fleece Jacket,2,130.32,0.0,260.64,54.5,142.05
ORD-001019,2024-10-03,CUST-00176,Jennifer Harris,45,Female,Latin America,Brazil,Electronics,Ring Video Doorbell,2,126.34,6.0,237.52,15.5,36.82
ORD-001020,2024-10-03,CUST-00294,William Ahmed,32,Female,Asia Pacific,India,Electronics,Apple Watch Series 9,2,450.04,4.0,864.08,13.2,114.06
ORD-001021,2024-10-03,CUST-01738,Carlos Schmidt,41,Female,Asia Pacific,Singapore,Clothing,H&M Cotton T-Shirt Pack,1,18.23,1.0,18.05,37.3,6.73
ORD-001022,2024-10-03,CUST-00716,Richard Jackson,25,Male,Latin America,Brazil,Clothing,Puma Running Shorts,4,32.57,6.0,122.46,48.3,59.15
ORD-001023,2024-10-03,CUST-00612,Noah Taylor,51,Male,Middle East,Qatar,Home & Kitchen,Cuisinart 12-Piece Cookware Set,1,211.13,0.0,211.13,37.9,80.02
ORD-001024,2024-10-03,CUST-00081,Susan Khan,23,Female,North America,USA,Home & Kitchen,KitchenAid Stand Mixer,1,430.46,8.0,396.02,21.7,85.94
ORD-001025,2024-10-04,CUST-01299,Mason Nelson,29,Male,Middle East,Qatar,Electronics,iPhone 15 Pro,1,1119.35,0.0,1119.35,14.1,157.83
ORD-001026,2024-10-04,CUST-01443,Emma Ahmed,47,Male,North America,USA,Electronics,Ring Video Doorbell,2,113.13,0.0,226.26,15.9,35.98
ORD-001027,2024-10-04,CUST-00372,Sarah Green,18,Female,Latin America,Brazil,Electronics,Apple Watch Series 9,1,413.47,2.0,405.2,19.3,78.2
ORD-001028,2024-10-04,CUST-01151,Linda Wright,18,Male,Latin America,Argentina,Clothing,Puma Running Shorts,4,41.72,0.0,166.88,45.8,76.43
ORD-001029,2024-10-04,CUST-01756,Ava Müller,31,Male,Latin America,Colombia,Home & Kitchen,Cuisinart 12-Piece Cookware Set,3,273.51,18.0,672.83,36.4,244.91
ORD-001030,2024-10-04,CUST-00408,Laila Adams,19,Female,Middle East,Qatar,Sports & Outdoors,Bowflex SelectTech Dumbbells,1,368.48,4.0,353.74,23.0,81.36
ORD-001031,2024-10-05,CUST-00143,Michael Jackson,18,Female,Asia Pacific,South Korea,Home & Kitchen,Philips Hue Smart Bulb Set,2,65.58,2.0,128.54,30.2,38.82
ORD-001032,2024-10-05,CUST-00079,Karen Jones,18,Female,Europe,Italy,Beauty & Personal Care,Fenty Beauty Foundation,3,40.37,13.0,105.37,50.2,52.9
ORD-001033,2024-10-05,CUST-00425,Sarah Smith,37,Female,Europe,Italy,Sports & Outdoors,Hydro Flask 32oz Water Bottle,3,47.85,4.0,137.81,35.9,49.47
ORD-001034,2024-10-05,CUST-00181,Harry Smith,34,Female,Asia Pacific,South Korea,Electronics,Samsung Galaxy S24,2,1087.02,4.0,2087.08,17.0,354.8
ORD-001035,2024-10-05,CUST-01016,Richard Patel,19,Female,Asia Pacific,South Korea,Home & Kitchen,LED Desk Lamp with USB,3,42.71,0.0,128.13,31.6,40.49
ORD-001036,2024-10-05,CUST-00202,Mia Walker,28,Female,Middle East,Qatar,Sports & Outdoors,Coleman 4-Person Camping Tent,2,170.1,7.0,316.39,28.6,90.49
ORD-001037,2024-10-05,CUST-00675,Olivia Thompson,51,Male,Europe,Germany,Beauty & Personal Care,Fenty Beauty Foundation,3,33.55,17.0,83.54,56.6,47.28
ORD-001038,2024-10-05,CUST-01027,Layla Chen,37,Female,Middle East,Qatar,Electronics,"LG OLED 55"" TV",1,1482.95,5.0,1408.8,16.9,238.09
ORD-001039,2024-10-06,CUST-01745,David Thompson,33,Female,Asia Pacific,Singapore,Sports & Outdoors,Spalding NBA Basketball,2,40.78,11.0,72.59,31.3,22.72
ORD-001040,2024-10-06,CUST-01302,Rafael Walker,52,Female,North America,USA,Home & Kitchen,Cuisinart 12-Piece Cookware Set,3,215.39,4.0,620.32,30.6,189.82
ORD-001041,2024-10-06,CUST-00179,Ava Jackson,25,Male,Europe,Italy,Clothing,H&M Cotton T-Shirt Pack,1,32.21,14.0,27.7,40.6,11.25
ORD-001042,2024-10-06,CUST-00606,Ana Wilson,47,Male,Europe,UK,Sports & Outdoors,Trek FX3 Bicycle,2,783.67,17.0,1300.89,26.0,338.23
ORD-001043,2024-10-07,CUST-00593,Laila Torres,27,Male,Asia Pacific,Australia,Electronics,Kindle Paperwhite,1,99.17,3.0,96.19,18.1,17.41
ORD-001044,2024-10-08,CUST-01700,Richard Flores,18,Male,North America,USA,Electronics,Kindle Paperwhite,1,133.36,14.0,114.69,14.0,16.06
ORD-001045,2024-10-08,CUST-01295,Ahmed Hill,43,Male,Middle East,Saudi Arabia,Beauty & Personal Care,Dyson Airwrap Styler,4,544.09,2.0,2132.83,50.7,1081.34
ORD-001046,2024-10-08,CUST-00177,Riley Schmidt,45,Male,Middle East,UAE,Sports & Outdoors,Wilson Tennis Racket Pro,3,175.17,16.0,441.43,37.6,165.98
ORD-001047,2024-10-08,CUST-00609,Charlotte Hill,42,Female,North America,USA,Clothing,Converse Chuck Taylor All Star,4,61.18,14.0,210.46,50.6,106.49
ORD-001048,2024-10-08,CUST-00795,Lucas Roberts,50,Female,Latin America,Colombia,Electronics,iPhone 15 Pro,2,1000.63,1.0,1981.25,19.6,388.32
ORD-001049,2024-10-08,CUST-00039,John Allen,29,Male,North America,USA,Beauty & Personal Care,Tatcha Rice Wash Cleanser,3,36.67,5.0,104.51,42.1,44.0
ORD-001050,2024-10-08,CUST-00232,Oliver Lopez,56,Female,Europe,UK,Home & Kitchen,LED Desk Lamp with USB,3,45.7,16.0,115.16,22.6,26.03
ORD-001051,2024-10-08,CUST-01150,Amelia Walker,19,Female,Europe,France,Clothing,Converse Chuck Taylor All Star,3,58.95,16.0,148.55,38.9,57.79
ORD-001052,2024-10-09,CUST-00026,Isabella Taylor,37,Female,Asia Pacific,Japan,Sports & Outdoors,TRX Suspension Trainer,3,181.97,6.0,513.16,24.8,127.26
ORD-001053,2024-10-09,CUST-00494,Susan Hall,49,Male,Latin America,Colombia,Electronics,Sony WH-1000XM5 Headphones,2,259.41,0.0,518.82,14.8,76.79
ORD-001054,2024-10-09,CUST-00912,Ethan Wright,18,Female,Europe,Netherlands,Clothing,Adidas Ultraboost Shoes,2,173.38,22.0,270.47,33.3,90.07
ORD-001055,2024-10-09,CUST-00654,Mary Martinez,21,Male,North America,Canada,Home & Kitchen,Smart Thermostat Google Nest,3,167.31,10.0,451.74,31.1,140.49
ORD-001056,2024-10-09,CUST-00094,Barbara Johnson,37,Male,Asia Pacific,Australia,Electronics,Sony PlayStation 5,1,581.76,10.0,523.58,13.1,68.59
ORD-001057,2024-10-09,CUST-01220,Mia Torres,37,Male,North America,USA,Clothing,Adidas Ultraboost Shoes,1,154.2,6.0,144.95,41.6,60.3
ORD-001058,2024-10-10,CUST-01444,Rafael Singh,60,Female,North America,Canada,Home & Kitchen,Ninja Air Fryer XL,3,108.54,16.0,273.52,25.7,70.29
ORD-001059,2024-10-10,CUST-01007,Emma Smith,54,Female,North America,USA,Home & Kitchen,Instant Pot Duo 7-in-1,2,81.12,9.0,147.64,24.5,36.17
ORD-001060,2024-10-10,CUST-01032,Michael Dupont,18,Male,North America,USA,Clothing,Gucci Belt,2,370.46,0.0,740.92,32.7,242.28
ORD-001061,2024-10-10,CUST-00635,Lisa Green,34,Female,Asia Pacific,Australia,Beauty & Personal Care,Bath & Body Works Candle Set,4,49.32,0.0,197.28,52.0,102.59
ORD-001062,2024-10-10,CUST-01520,Susan Lopez,42,Female,North America,USA,Home & Kitchen,Instant Pot Duo 7-in-1,1,115.29,4.0,110.68,20.7,22.91
ORD-001063,2024-10-10,CUST-00131,Amelia Garcia,46,Male,Asia Pacific,India,Clothing,Levi's 501 Jeans,1,70.25,15.0,59.71,35.2,21.02
ORD-001064,2024-10-10,CUST-00518,Sophia Hall,41,Male,Middle East,Saudi Arabia,Clothing,Nike Air Max 270,2,95.69,22.0,149.28,50.6,75.54
ORD-001065,2024-10-11,CUST-00497,Ava Santos,28,Female,Middle East,Qatar,Home & Kitchen,KitchenAid Stand Mixer,2,379.87,0.0,759.74,36.6,278.06
ORD-001066,2024-10-11,CUST-00977,Lisa Harris,48,Female,North America,Mexico,Clothing,Puma Running Shorts,3,40.34,3.0,117.39,30.1,35.33
ORD-001067,2024-10-11,CUST-01113,David Anderson,47,Male,Europe,France,Home & Kitchen,French Press Coffee Maker,3,36.01,2.0,105.87,33.9,35.89
ORD-001068,2024-10-11,CUST-01714,Sophia Harris,27,Male,North America,Canada,Home & Kitchen,Ninja Air Fryer XL,1,117.18,0.0,117.18,22.1,25.9
ORD-001069,2024-10-11,CUST-00835,Liam Wright,37,Female,Europe,Netherlands,Electronics,GoPro Hero 12,2,466.54,6.0,877.1,12.2,107.01
ORD-001070,2024-10-11,CUST-01351,Ana Patel,30,Female,Europe,Spain,Beauty & Personal Care,Foreo LUNA Face Massager,2,91.92,18.0,150.75,59.5,89.7
ORD-001071,2024-10-11,CUST-01722,Ali Lopez,30,Male,Asia Pacific,India,Beauty & Personal Care,Bath & Body Works Candle Set,4,50.37,5.0,191.41,40.4,77.33
ORD-001072,2024-10-11,CUST-00992,Robert Thomas,22,Male,Asia Pacific,Singapore,Beauty & Personal Care,Fenty Beauty Foundation,2,47.68,7.0,88.68,56.5,50.1
ORD-001073,2024-10-11,CUST-00235,Lucas Khan,18,Female,Middle East,Saudi Arabia,Sports & Outdoors,Hydro Flask 32oz Water Bottle,2,53.34,11.0,94.95,27.6,26.21
ORD-001074,2024-10-11,CUST-00564,Ana Lee,26,Female,Latin America,Brazil,Clothing,Uniqlo Down Jacket,2,108.56,0.0,217.12,54.5,118.33
ORD-001075,2024-10-12,CUST-00346,Linda Johnson,29,Male,Asia Pacific,India,Electronics,GoPro Hero 12,1,382.08,9.0,347.69,17.8,61.89
ORD-001076,2024-10-12,CUST-01275,James Roberts,24,Female,Asia Pacific,India,Clothing,North Face Fleece Jacket,3,104.79,0.0,314.37,40.6,127.63
ORD-001077,2024-10-12,CUST-01791,Lisa Green,46,Female,Asia Pacific,Singapore,Home & Kitchen,KitchenAid Stand Mixer,3,389.67,15.0,993.66,30.2,300.09
ORD-001078,2024-10-12,CUST-00621,Laila Chen,19,Female,Asia Pacific,South Korea,Home & Kitchen,KitchenAid Stand Mixer,2,390.72,10.0,703.3,37.7,265.14
ORD-001079,2024-10-12,CUST-00281,Mason Wang,41,Female,Middle East,UAE,Sports & Outdoors,Camping Sleeping Bag -10°C,2,109.72,2.0,215.05,21.4,46.02
ORD-001080,2024-10-12,CUST-00592,Priya Müller,37,Female,Latin America,Colombia,Home & Kitchen,Philips Hue Smart Bulb Set,2,66.74,0.0,133.48,35.8,47.79
ORD-001081,2024-10-12,CUST-01550,Harry Baker,45,Male,Asia Pacific,Australia,Clothing,Ray-Ban Aviator Sunglasses,4,130.44,26.0,386.1,49.6,191.51
ORD-001082,2024-10-12,CUST-01275,James Roberts,24,Female,Asia Pacific,India,Home & Kitchen,Air Purifier HEPA,2,217.26,0.0,434.52,35.0,152.08
ORD-001083,2024-10-12,CUST-00060,Robert Mitchell,38,Male,Middle East,Qatar,Electronics,Dell XPS 15 Laptop,1,1238.37,0.0,1238.37,11.4,141.17
ORD-001084,2024-10-13,CUST-01439,Sarah Martinez,64,Male,Europe,Germany,Electronics,Sony PlayStation 5,1,586.24,2.0,574.52,17.3,99.39
ORD-001085,2024-10-13,CUST-01225,Karen Martinez,40,Female,Asia Pacific,India,Electronics,Canon EOS R50 Camera,1,783.26,7.0,728.43,19.1,139.13
ORD-001086,2024-10-13,CUST-01191,Linda Lee,39,Female,North America,Mexico,Clothing,Calvin Klein Underwear Set,1,32.96,0.0,32.96,35.2,11.6
ORD-001087,2024-10-13,CUST-00767,Charles Davis,27,Male,Middle East,UAE,Electronics,Samsung Galaxy S24,1,950.67,8.0,874.62,12.4,108.45
ORD-001088,2024-10-13,CUST-01538,Joseph Schmidt,45,Female,Latin America,Colombia,Clothing,Adidas Ultraboost Shoes,2,169.94,21.0,268.51,48.1,129.15
ORD-001089,2024-10-13,CUST-00141,Joseph Davis,35,Female,Asia Pacific,India,Sports & Outdoors,Speedo Swim Goggles,1,29.41,0.0,29.41,37.0,10.88
ORD-001090,2024-10-14,CUST-01694,Yuki Lopez,33,Male,Asia Pacific,Australia,Clothing,Nike Air Max 270,1,146.04,0.0,146.04,32.6,47.61
ORD-001091,2024-10-14,CUST-00538,Joseph Martinez,39,Female,Latin America,Argentina,Beauty & Personal Care,Moroccanoil Hair Oil,2,43.23,0.0,86.46,49.9,43.14
ORD-001092,2024-10-14,CUST-00088,Ethan Singh,37,Male,Latin America,Brazil,Sports & Outdoors,Speedo Swim Goggles,1,20.38,0.0,20.38,35.6,7.26
ORD-001093,2024-10-14,CUST-00415,Hana Patel,28,Male,Asia Pacific,Japan,Clothing,Zara Wool Coat,2,151.28,5.0,287.43,48.1,138.25
ORD-001094,2024-10-14,CUST-01345,Olivia Walker,28,Female,North America,Canada,Beauty & Personal Care,Dyson Airwrap Styler,2,592.26,7.0,1101.6,56.2,619.1
ORD-001095,2024-10-14,CUST-00421,Hana Thompson,37,Female,Asia Pacific,Australia,Home & Kitchen,Weighted Blanket 15lbs,3,72.64,2.0,213.56,39.0,83.29
ORD-001096,2024-10-15,CUST-00135,Fatima Smith,62,Female,Asia Pacific,South Korea,Electronics,Bose SoundLink Speaker,2,213.67,0.0,427.34,18.0,76.92
ORD-001097,2024-10-15,CUST-01745,David Thompson,33,Female,Asia Pacific,Singapore,Sports & Outdoors,Peloton Bike+,2,2376.92,2.0,4658.76,24.3,1132.08
ORD-001098,2024-10-15,CUST-00558,Muhammad White,50,Female,Latin America,Brazil,Electronics,Samsung Galaxy S24,2,1018.62,15.0,1731.65,19.5,337.67
ORD-001099,2024-10-15,CUST-00965,Ali Patel,38,Male,North America,Canada,Sports & Outdoors,Wilson Tennis Racket Pro,2,139.24,19.0,225.57,34.0,76.69
ORD-001100,2024-10-15,CUST-00039,John Allen,29,Male,North America,USA,Sports & Outdoors,Hydro Flask 32oz Water Bottle,2,54.24,15.0,92.21,26.3,24.25
ORD-001101,2024-10-15,CUST-00415,Hana Patel,28,Male,Asia Pacific,Japan,Sports & Outdoors,Hydro Flask 32oz Water Bottle,2,55.44,8.0,102.01,25.0,25.5
ORD-001102,2024-10-16,CUST-00417,Susan Rossi,36,Female,North America,Canada,Sports & Outdoors,Yoga Mat Premium Non-Slip,2,35.82,9.0,65.19,35.5,23.14
ORD-001103,2024-10-16,CUST-00120,Aiden Singh,20,Male,Europe,Germany,Home & Kitchen,Smart Thermostat Google Nest,3,157.97,7.0,440.74,25.2,111.07
ORD-001104,2024-10-16,CUST-01400,Riley Nelson,63,Female,North America,USA,Electronics,Bose SoundLink Speaker,1,166.23,5.0,157.92,14.7,23.21
ORD-001105,2024-10-16,CUST-01050,Priya Allen,36,Male,Middle East,UAE,Sports & Outdoors,Wilson Tennis Racket Pro,1,139.06,14.0,119.59,31.4,37.55
ORD-001106,2024-10-16,CUST-00157,Charles Schmidt,40,Male,Asia Pacific,Japan,Beauty & Personal Care,Oral-B Electric Toothbrush Pro,2,91.9,15.0,156.23,44.5,69.52
ORD-001107,2024-10-17,CUST-00290,Sofia Ahmed,45,Female,Middle East,Saudi Arabia,Beauty & Personal Care,Bioderma Micellar Water 500ml,3,12.09,0.0,36.27,42.5,15.41
ORD-001108,2024-10-17,CUST-01069,Muhammad Carter,50,Male,Latin America,Brazil,Beauty & Personal Care,Tatcha Rice Wash Cleanser,3,41.81,15.0,106.62,47.3,50.43
ORD-001109,2024-10-17,CUST-00874,Priya Khan,23,Female,North America,Mexico,Home & Kitchen,Roomba i7+ Robot Vacuum,1,720.9,0.0,720.9,36.4,262.41
ORD-001110,2024-10-17,CUST-01017,Ahmed Green,29,Female,Latin America,Argentina,Electronics,Apple Watch Series 9,1,446.36,4.0,428.51,15.4,65.99
ORD-001111,2024-10-17,CUST-00974,Michael Miller,48,Female,Europe,Germany,Beauty & Personal Care,Dyson Airwrap Styler,4,515.38,13.0,1793.52,37.9,679.74
ORD-001112,2024-10-18,CUST-00415,Hana Patel,28,Male,Asia Pacific,Japan,Electronics,Ring Video Doorbell,2,190.64,1.0,377.47,15.8,59.64
ORD-001113,2024-10-18,CUST-00717,Patricia Wright,37,Female,Europe,UK,Electronics,Bose SoundLink Speaker,2,151.57,8.0,278.89,16.1,44.9
ORD-001114,2024-10-18,CUST-00175,Ana Taylor,27,Male,North America,USA,Electronics,Sony PlayStation 5,2,562.22,11.0,1000.75,11.8,118.09
ORD-001115,2024-10-18,CUST-00716,Richard Jackson,25,Male,Latin America,Brazil,Electronics,GoPro Hero 12,1,419.76,7.0,390.38,9.0,35.13
ORD-001116,2024-10-18,CUST-01785,Chen Martin,33,Male,Europe,Italy,Sports & Outdoors,Spalding NBA Basketball,3,37.62,21.0,89.16,18.1,16.14
ORD-001117,2024-10-18,CUST-00162,Mia Müller,18,Male,Asia Pacific,Singapore,Clothing,Tommy Hilfiger Polo Shirt,3,63.5,11.0,169.55,40.9,69.35
ORD-001118,2024-10-18,CUST-00998,Noah Green,48,Female,Middle East,Saudi Arabia,Home & Kitchen,Philips Hue Smart Bulb Set,1,85.69,10.0,77.12,33.8,26.07
ORD-001119,2024-10-18,CUST-00152,Zara Hill,46,Female,Middle East,Saudi Arabia,Home & Kitchen,KitchenAid Stand Mixer,1,414.98,0.0,414.98,37.3,154.79
ORD-001120,2024-10-18,CUST-00377,Lucas Green,18,Female,North America,USA,Electronics,iPhone 15 Pro,1,1195.08,0.0,1195.08,9.9,118.31
ORD-001121,2024-10-18,CUST-00172,Ethan Brown,42,Female,North America,Mexico,Beauty & Personal Care,Tatcha Rice Wash Cleanser,2,43.03,0.0,86.06,58.8,50.6
ORD-001122,2024-10-19,CUST-00105,Joseph Scott,34,Male,North America,USA,Clothing,H&M Cotton T-Shirt Pack,1,30.16,0.0,30.16,49.3,14.87
ORD-001123,2024-10-19,CUST-01238,Mason Jones,53,Male,Asia Pacific,India,Clothing,Ray-Ban Aviator Sunglasses,4,174.64,23.0,537.89,44.8,240.97
ORD-001124,2024-10-19,CUST-00364,Harry Johnson,28,Male,Latin America,Argentina,Sports & Outdoors,Foam Roller Set,3,34.32,8.0,94.72,26.1,24.72
ORD-001125,2024-10-19,CUST-00753,Yuki Dupont,35,Male,Europe,UK,Electronics,Bose SoundLink Speaker,1,159.58,9.0,145.22,9.8,14.23
ORD-001126,2024-10-19,CUST-00211,Layla Baker,34,Female,Europe,Germany,Clothing,Converse Chuck Taylor All Star,4,53.55,5.0,203.49,31.2,63.49
ORD-001127,2024-10-19,CUST-01025,John Jackson,18,Male,North America,USA,Home & Kitchen,Smart Thermostat Google Nest,2,134.87,12.0,237.37,37.7,89.49
ORD-001128,2024-10-19,CUST-00232,Oliver Lopez,56,Female,Europe,UK,Home & Kitchen,IKEA KALLAX Shelf Unit,2,136.78,9.0,248.94,28.3,70.45
ORD-001129,2024-10-19,CUST-01325,Oliver Thompson,18,Male,Europe,France,Beauty & Personal Care,Neutrogena SPF 50 Sunscreen,5,21.73,18.0,89.09,53.7,47.84
ORD-001130,2024-10-19,CUST-01362,Charles Carter,35,Female,Asia Pacific,Japan,Clothing,Nike Air Max 270,4,104.16,6.0,391.64,33.6,131.59
ORD-001131,2024-10-19,CUST-00206,Amelia Lee,18,Female,Latin America,Colombia,Electronics,Sony WH-1000XM5 Headphones,2,276.73,0.0,553.46,14.6,80.81
ORD-001132,2024-10-19,CUST-00730,Lisa Ali,31,Female,Asia Pacific,South Korea,Beauty & Personal Care,Dyson Airwrap Styler,5,525.26,16.0,2206.09,46.6,1028.04
ORD-001133,2024-10-20,CUST-01649,Ethan Young,32,Female,North America,Canada,Electronics,Ring Video Doorbell,1,164.91,9.0,150.07,10.4,15.61
ORD-001134,2024-10-20,CUST-00625,Laila Dupont,35,Female,Asia Pacific,Japan,Beauty & Personal Care,Bioderma Micellar Water 500ml,1,12.36,9.0,11.25,43.1,4.85
ORD-001135,2024-10-20,CUST-00655,Priya Khan,34,Female,North America,Canada,Clothing,H&M Cotton T-Shirt Pack,2,36.51,23.0,56.23,49.8,28.0
ORD-001136,2024-10-20,CUST-00409,Fatima Müller,28,Female,Europe,Spain,Electronics,iPhone 15 Pro,1,1100.79,0.0,1100.79,17.7,194.84
ORD-001137,2024-10-20,CUST-00222,Ethan Kim,25,Male,Latin America,Argentina,Sports & Outdoors,TRX Suspension Trainer,3,173.25,23.0,400.21,27.9,111.66
ORD-001138,2024-10-20,CUST-00455,Lisa Young,45,Female,Latin America,Brazil,Electronics,iPad Pro 11-inch,1,1002.38,10.0,902.14,8.1,73.07
ORD-001139,2024-10-20,CUST-00879,Mason Taylor,29,Male,Europe,Spain,Clothing,Timberland Boots,3,171.47,25.0,385.81,31.4,121.14
ORD-001140,2024-10-20,CUST-01607,Oliver White,37,Female,Europe,UK,Clothing,Zara Wool Coat,1,163.69,0.0,163.69,41.4,67.77
ORD-001141,2024-10-21,CUST-00870,Mason King,33,Female,Asia Pacific,Singapore,Electronics,Samsung Galaxy S24,1,1043.9,10.0,939.51,8.6,80.8
ORD-001142,2024-10-21,CUST-01432,Mary Wang,23,Male,Latin America,Argentina,Beauty & Personal Care,Bioderma Micellar Water 500ml,3,17.71,7.0,49.41,47.1,23.27
ORD-001143,2024-10-21,CUST-00265,Jessica Walker,34,Male,Latin America,Brazil,Beauty & Personal Care,Philips Norelco Shaver,2,133.79,0.0,267.58,39.0,104.36
ORD-001144,2024-10-21,CUST-01020,Ahmed Thomas,34,Female,North America,Mexico,Electronics,Dell XPS 15 Laptop,2,1404.77,3.0,2725.25,12.4,337.93
ORD-001145,2024-10-21,CUST-00645,Mia Brown,27,Male,Asia Pacific,Japan,Electronics,Bose SoundLink Speaker,2,174.65,2.0,342.31,12.0,41.08
ORD-001146,2024-10-22,CUST-01383,Charles Taylor,55,Male,Latin America,Brazil,Electronics,Samsung Galaxy S24,2,821.41,16.0,1379.97,12.1,166.98
ORD-001147,2024-10-22,CUST-00797,Ana Singh,40,Female,Middle East,Saudi Arabia,Sports & Outdoors,Bowflex SelectTech Dumbbells,3,331.51,21.0,785.68,30.7,241.2
ORD-001148,2024-10-22,CUST-00083,Ava Patel,25,Male,Middle East,Qatar,Electronics,iPhone 15 Pro,2,965.64,0.0,1931.28,8.3,160.3
ORD-001149,2024-10-22,CUST-01261,Amelia Khan,43,Male,North America,Canada,Sports & Outdoors,Foam Roller Set,1,24.46,18.0,20.06,25.5,5.12
ORD-001150,2024-10-22,CUST-01311,William Allen,42,Male,North America,Mexico,Clothing,Ray-Ban Aviator Sunglasses,2,164.56,5.0,312.66,40.2,125.69
ORD-001151,2024-10-22,CUST-00594,Ava Davis,29,Female,North America,USA,Home & Kitchen,LED Desk Lamp with USB,3,49.44,0.0,148.32,24.5,36.34
ORD-001152,2024-10-22,CUST-01649,Ethan Young,32,Female,North America,Canada,Clothing,Ray-Ban Aviator Sunglasses,2,140.09,5.0,266.17,35.1,93.43
ORD-001153,2024-10-23,CUST-00122,Priya Taylor,36,Male,Europe,Spain,Electronics,iPhone 15 Pro,1,978.69,2.0,959.12,18.0,172.64
ORD-001154,2024-10-23,CUST-01765,Jessica Green,33,Female,Asia Pacific,Japan,Sports & Outdoors,Fitbit Charge 6,2,165.11,3.0,320.31,24.3,77.84
ORD-001155,2024-10-23,CUST-01638,Richard Flores,29,Female,North America,Canada,Beauty & Personal Care,La Mer Moisturizing Cream,4,295.9,17.0,982.39,45.8,449.93
ORD-001156,2024-10-23,CUST-00022,Linda Anderson,20,Male,Middle East,UAE,Electronics,"LG OLED 55"" TV",1,1502.47,14.0,1292.12,19.6,253.26
ORD-001157,2024-10-24,CUST-01583,Layla Khan,30,Female,Europe,UK,Home & Kitchen,Bamboo Cutting Board Set,2,47.43,2.0,92.96,20.6,19.15
ORD-001158,2024-10-24,CUST-00960,Oliver Nelson,53,Female,Europe,Netherlands,Home & Kitchen,IKEA KALLAX Shelf Unit,2,206.72,16.0,347.29,38.6,134.05
ORD-001159,2024-10-24,CUST-00912,Ethan Wright,18,Female,Europe,Netherlands,Electronics,GoPro Hero 12,2,413.98,4.0,794.84,16.1,127.97
ORD-001160,2024-10-24,CUST-00949,Aiden Mitchell,37,Female,North America,Mexico,Electronics,Apple MacBook Air M2,1,966.87,0.0,966.87,10.7,103.46
ORD-001161,2024-10-24,CUST-00679,Robert Martinez,25,Female,Europe,Germany,Home & Kitchen,French Press Coffee Maker,3,38.59,15.0,98.4,26.5,26.08
ORD-001162,2024-10-24,CUST-00645,Mia Brown,27,Male,Asia Pacific,Japan,Home & Kitchen,Smart Thermostat Google Nest,2,161.88,0.0,323.76,35.6,115.26
ORD-001163,2024-10-24,CUST-00753,Yuki Dupont,35,Male,Europe,UK,Electronics,USB-C Hub 7-in-1,2,60.46,5.0,114.87,8.5,9.76
ORD-001164,2024-10-24,CUST-00869,Karen Wright,34,Female,Europe,Netherlands,Clothing,Zara Wool Coat,4,159.93,22.0,498.98,45.1,225.04
ORD-001165,2024-10-25,CUST-01248,Noah Mitchell,35,Male,Middle East,UAE,Beauty & Personal Care,Olaplex No.3 Hair Perfector,2,31.57,10.0,56.83,48.2,27.39
ORD-001166,2024-10-25,CUST-01373,Carlos Harris,47,Male,Europe,Germany,Sports & Outdoors,Garmin GPS Running Watch,1,343.0,0.0,343.0,35.1,120.39
ORD-001167,2024-10-25,CUST-00526,Muhammad Williams,35,Female,Latin America,Colombia,Home & Kitchen,Instant Pot Duo 7-in-1,3,85.19,6.0,240.24,30.0,72.07
ORD-001168,2024-10-25,CUST-01177,Sarah Chen,36,Female,Middle East,Saudi Arabia,Home & Kitchen,Cuisinart 12-Piece Cookware Set,2,215.7,0.0,431.4,20.1,86.71
ORD-001169,2024-10-25,CUST-01641,Riley Wright,30,Male,Asia Pacific,Australia,Home & Kitchen,French Press Coffee Maker,2,43.19,8.0,79.47,30.5,24.24
ORD-001170,2024-10-25,CUST-01373,Carlos Harris,47,Male,Europe,Germany,Beauty & Personal Care,CeraVe Moisturizing Cream,4,20.36,11.0,72.48,35.3,25.59
ORD-001171,2024-10-25,CUST-01373,Carlos Harris,47,Male,Europe,Germany,Clothing,Timberland Boots,1,200.79,5.0,190.75,44.7,85.27
ORD-001172,2024-10-25,CUST-00912,Ethan Wright,18,Female,Europe,Netherlands,Clothing,Puma Running Shorts,3,27.34,15.0,69.72,30.6,21.33
ORD-001173,2024-10-26,CUST-01431,Sophia Thompson,40,Female,Asia Pacific,Australia,Home & Kitchen,Dyson V15 Vacuum,1,707.42,2.0,693.27,32.2,223.23
ORD-001174,2024-10-26,CUST-00402,Richard Martin,30,Female,Asia Pacific,South Korea,Sports & Outdoors,Trek FX3 Bicycle,1,765.28,13.0,665.79,23.3,155.13
ORD-001175,2024-10-26,CUST-01556,Lucas Miller,53,Male,North America,Mexico,Sports & Outdoors,Trek FX3 Bicycle,3,836.52,0.0,2509.56,36.2,908.46
ORD-001176,2024-10-26,CUST-00226,Jennifer Singh,28,Female,Europe,UK,Beauty & Personal Care,Philips Norelco Shaver,3,124.44,11.0,332.25,39.8,132.24
ORD-001177,2024-10-26,CUST-00260,Patricia Anderson,34,Male,Latin America,Colombia,Clothing,Gucci Belt,4,342.8,19.0,1110.67,39.7,440.94
ORD-001178,2024-10-26,CUST-00681,David Dupont,23,Female,Asia Pacific,Australia,Electronics,Apple MacBook Air M2,1,1070.65,7.0,995.7,16.7,166.28
ORD-001179,2024-10-27,CUST-00206,Amelia Lee,18,Female,Latin America,Colombia,Clothing,North Face Fleece Jacket,4,146.63,9.0,533.73,46.0,245.52
ORD-001180,2024-10-27,CUST-00380,Thomas Dupont,48,Male,North America,Canada,Home & Kitchen,Smart Thermostat Google Nest,1,162.15,3.0,157.29,39.5,62.13
ORD-001181,2024-10-27,CUST-00690,Riley Singh,40,Female,Asia Pacific,Singapore,Sports & Outdoors,TRX Suspension Trainer,1,190.05,0.0,190.05,32.7,62.15
ORD-001182,2024-10-27,CUST-00134,Charlotte Thompson,32,Female,Middle East,UAE,Beauty & Personal Care,Philips Norelco Shaver,1,111.34,19.0,90.19,47.2,42.57
ORD-001183,2024-10-27,CUST-00216,Harry Wang,39,Female,Asia Pacific,South Korea,Beauty & Personal Care,La Mer Moisturizing Cream,2,239.96,6.0,451.12,39.2,176.84
ORD-001184,2024-10-27,CUST-00985,Aiden Mitchell,23,Female,Europe,France,Beauty & Personal Care,Moroccanoil Hair Oil,2,34.0,0.0,68.0,49.9,33.93
ORD-001185,2024-10-27,CUST-01370,Aiden King,23,Male,North America,USA,Electronics,Sony PlayStation 5,1,508.29,9.0,462.54,13.4,61.98
ORD-001186,2024-10-27,CUST-01067,Carlos Martinez,31,Female,Asia Pacific,Japan,Sports & Outdoors,Peloton Bike+,2,2417.89,3.0,4690.71,28.6,1341.54
ORD-001187,2024-10-27,CUST-00908,Isabella Wilson,35,Male,Asia Pacific,South Korea,Sports & Outdoors,Camping Sleeping Bag -10°C,3,123.88,6.0,349.34,18.3,63.93
ORD-001188,2024-10-28,CUST-01425,Amelia Mitchell,32,Male,Middle East,Qatar,Electronics,GoPro Hero 12,2,390.21,0.0,780.42,15.2,118.62
ORD-001189,2024-10-28,CUST-00257,Laila Wang,54,Male,Middle East,UAE,Home & Kitchen,Roomba i7+ Robot Vacuum,2,756.49,6.0,1422.2,26.9,382.57
ORD-001190,2024-10-28,CUST-00438,Mia Patel,47,Female,Europe,Spain,Beauty & Personal Care,CeraVe Moisturizing Cream,4,17.74,3.0,68.83,39.5,27.19
ORD-001191,2024-10-28,CUST-01066,Sarah Chen,30,Male,North America,USA,Home & Kitchen,Cuisinart 12-Piece Cookware Set,2,204.62,5.0,388.78,28.7,111.58
ORD-001192,2024-11-01,CUST-00570,Carlos Wright,40,Female,Middle East,Qatar,Electronics,Dell XPS 15 Laptop,1,1458.72,16.0,1225.32,19.1,234.04
ORD-001193,2024-11-01,CUST-00479,William Wang,29,Female,North America,USA,Electronics,"LG OLED 55"" TV",1,1638.65,29.0,1163.44,18.0,209.42
ORD-001194,2024-11-01,CUST-01271,Carlos Martinez,30,Female,Latin America,Argentina,Home & Kitchen,Bamboo Cutting Board Set,2,38.06,10.0,68.51,33.0,22.61
ORD-001195,2024-11-01,CUST-00783,Aiden Nelson,49,Male,North America,Mexico,Sports & Outdoors,Yoga Mat Premium Non-Slip,1,53.55,0.0,53.55,25.2,13.49
ORD-001196,2024-11-01,CUST-00889,Lucas Kim,33,Male,Europe,Germany,Clothing,H&M Cotton T-Shirt Pack,3,27.95,0.0,83.85,46.3,38.82
ORD-001197,2024-11-01,CUST-01780,Layla Hall,36,Female,Europe,Spain,Electronics,iPad Pro 11-inch,2,1057.08,0.0,2114.16,10.8,228.33
ORD-001198,2024-11-01,CUST-01602,Rafael Flores,31,Male,Asia Pacific,South Korea,Clothing,Converse Chuck Taylor All Star,1,62.06,0.0,62.06,40.7,25.26
ORD-001199,2024-11-01,CUST-00995,Susan Miller,33,Male,North America,Mexico,Beauty & Personal Care,Moroccanoil Hair Oil,5,33.88,3.0,164.32,50.1,82.32
ORD-001200,2024-11-02,CUST-00580,Yuki Walker,31,Female,Europe,UK,Electronics,Ring Video Doorbell,1,175.6,13.0,152.77,16.0,24.44
ORD-001201,2024-11-02,CUST-00564,Ana Lee,26,Female,Latin America,Brazil,Beauty & Personal Care,Fenty Beauty Foundation,2,39.34,0.0,78.68,37.4,29.43
ORD-001202,2024-11-02,CUST-00096,Riley Torres,26,Female,Latin America,Brazil,Beauty & Personal Care,Moroccanoil Hair Oil,4,30.07,34.0,79.38,51.3,40.72
ORD-001203,2024-11-02,CUST-01096,Ethan Harris,23,Female,Middle East,UAE,Electronics,USB-C Hub 7-in-1,1,39.74,5.0,37.75,16.0,6.04
ORD-001204,2024-11-02,CUST-01573,Layla Mitchell,34,Male,Asia Pacific,Singapore,Home & Kitchen,Roomba i7+ Robot Vacuum,1,782.47,0.0,782.47,35.5,277.78
ORD-001205,2024-11-02,CUST-01336,Liam Müller,42,Female,Europe,Spain,Electronics,Samsung Galaxy S24,2,912.98,4.0,1752.92,17.0,298.0
ORD-001206,2024-11-02,CUST-01415,Ava Miller,44,Female,Latin America,Brazil,Electronics,Bose SoundLink Speaker,1,201.35,29.0,142.96,9.1,13.01
ORD-001207,2024-11-02,CUST-01429,Olivia Lopez,40,Male,Middle East,Saudi Arabia,Home & Kitchen,Ninja Air Fryer XL,1,95.55,16.0,80.26,23.5,18.86
ORD-001208,2024-11-02,CUST-00794,Harry Garcia,27,Male,North America,Mexico,Beauty & Personal Care,Neutrogena SPF 50 Sunscreen,3,20.57,26.0,45.67,54.1,24.71
ORD-001209,2024-11-02,CUST-01549,Mary King,53,Male,Europe,Spain,Clothing,Zara Wool Coat,3,196.59,0.0,589.77,38.0,224.11
ORD-001210,2024-11-03,CUST-00761,Priya Mitchell,20,Female,North America,Canada,Electronics,GoPro Hero 12,2,445.4,0.0,890.8,20.0,178.16
ORD-001211,2024-11-03,CUST-01738,Carlos Schmidt,41,Female,Asia Pacific,Singapore,Electronics,Bose SoundLink Speaker,2,180.23,0.0,360.46,18.1,65.24
ORD-001212,2024-11-03,CUST-00017,Sophia Young,27,Female,Europe,UK,Beauty & Personal Care,Philips Norelco Shaver,3,116.61,36.0,223.89,47.3,105.9
ORD-001213,2024-11-03,CUST-00978,William Carter,33,Male,Asia Pacific,Singapore,Clothing,Timberland Boots,1,177.75,44.0,99.54,34.1,33.94
ORD-001214,2024-11-03,CUST-01391,Charles Hill,28,Female,Middle East,UAE,Sports & Outdoors,Resistance Bands Set,1,34.9,2.0,34.2,35.2,12.04
ORD-001215,2024-11-03,CUST-00016,Amelia Fernandez,36,Female,Europe,Netherlands,Clothing,H&M Cotton T-Shirt Pack,2,29.19,50.0,29.19,45.1,13.16
ORD-001216,2024-11-03,CUST-01174,Mia Taylor,33,Female,North America,Canada,Clothing,Under Armour Sports Bra,3,42.58,0.0,127.74,49.4,63.1
ORD-001217,2024-11-03,CUST-00645,Mia Brown,27,Male,Asia Pacific,Japan,Beauty & Personal Care,Bath & Body Works Candle Set,4,42.38,38.0,105.1,57.9,60.85
ORD-001218,2024-11-03,CUST-00740,Hana Garcia,41,Female,Europe,Netherlands,Home & Kitchen,Smart Thermostat Google Nest,2,146.09,36.0,187.0,38.9,72.74
ORD-001219,2024-11-03,CUST-00009,Jennifer Roberts,37,Female,Latin America,Brazil,Electronics,Apple Watch Series 9,2,457.71,17.0,759.8,17.4,132.21
ORD-001220,2024-11-04,CUST-00532,Jennifer Davis,37,Female,North America,Canada,Sports & Outdoors,Garmin GPS Running Watch,2,330.75,0.0,661.5,33.9,224.25
ORD-001221,2024-11-04,CUST-00122,Priya Taylor,36,Male,Europe,Spain,Clothing,Converse Chuck Taylor All Star,1,78.68,0.0,78.68,44.9,35.33
ORD-001222,2024-11-04,CUST-00857,Linda Williams,28,Male,Asia Pacific,Japan,Clothing,H&M Cotton T-Shirt Pack,2,22.89,12.0,40.29,39.5,15.91
ORD-001223,2024-11-04,CUST-00184,Richard Müller,32,Female,Middle East,Saudi Arabia,Electronics,Samsung Galaxy S24,2,806.33,35.0,1048.23,13.6,142.56
ORD-001224,2024-11-04,CUST-00496,Ali Martin,28,Male,North America,Canada,Sports & Outdoors,Camping Sleeping Bag -10°C,3,117.13,0.0,351.39,30.9,108.58
ORD-001225,2024-11-05,CUST-00356,Emma Kim,52,Male,Latin America,Brazil,Clothing,Ray-Ban Aviator Sunglasses,3,155.22,0.0,465.66,47.0,218.86
ORD-001226,2024-11-05,CUST-00479,William Wang,29,Female,North America,USA,Clothing,Calvin Klein Underwear Set,2,34.63,11.0,61.64,35.1,21.64
ORD-001227,2024-11-05,CUST-01334,James Rossi,24,Male,Middle East,Saudi Arabia,Electronics,iPhone 15 Pro,1,1110.38,1.0,1099.28,18.2,200.07
ORD-001228,2024-11-05,CUST-00993,Wei Flores,46,Female,Asia Pacific,Japan,Electronics,Sony PlayStation 5,2,513.98,0.0,1027.96,19.2,197.37
ORD-001229,2024-11-05,CUST-01607,Oliver White,37,Female,Europe,UK,Home & Kitchen,LED Desk Lamp with USB,2,44.99,30.0,62.99,24.2,15.24
ORD-001230,2024-11-05,CUST-00816,Layla Miller,41,Male,Asia Pacific,Singapore,Home & Kitchen,Air Purifier HEPA,1,161.72,32.0,109.97,23.6,25.95
ORD-001231,2024-11-05,CUST-00724,Priya Fernandez,35,Male,Middle East,Qatar,Clothing,Zara Wool Coat,1,137.8,13.0,119.89,42.4,50.83
ORD-001232,2024-11-05,CUST-00419,Hana Mitchell,38,Female,Asia Pacific,India,Home & Kitchen,Bamboo Cutting Board Set,2,33.23,0.0,66.46,21.2,14.09
ORD-001233,2024-11-06,CUST-01594,Riley Johnson,18,Female,Asia Pacific,India,Beauty & Personal Care,The Ordinary Serum Set,1,19.15,37.0,12.06,44.6,5.38
ORD-001234,2024-11-06,CUST-01418,Lisa Davis,27,Male,North America,Mexico,Electronics,GoPro Hero 12,1,406.28,0.0,406.28,12.0,48.75
ORD-001235,2024-11-06,CUST-00551,Riley Wilson,32,Male,North America,Canada,Electronics,Canon EOS R50 Camera,2,750.1,1.0,1485.2,14.2,210.9
ORD-001236,2024-11-06,CUST-00523,Sarah Thompson,39,Female,Middle East,UAE,Beauty & Personal Care,Tatcha Rice Wash Cleanser,5,48.58,20.0,194.32,51.6,100.27
ORD-001237,2024-11-06,CUST-00462,Thomas White,43,Male,Europe,Italy,Electronics,Apple Watch Series 9,2,421.8,7.0,784.55,14.8,116.11
ORD-001238,2024-11-06,CUST-01549,Mary King,53,Male,Europe,Spain,Electronics,Bose SoundLink Speaker,1,169.19,29.0,120.12,14.5,17.42
ORD-001239,2024-11-06,CUST-01295,Ahmed Hill,43,Male,Middle East,Saudi Arabia,Electronics,Bose SoundLink Speaker,1,221.1,14.0,190.15,9.8,18.63
ORD-001240,2024-11-06,CUST-00615,Susan Williams,34,Male,Asia Pacific,Singapore,Home & Kitchen,Dyson V15 Vacuum,1,689.58,29.0,489.6,26.3,128.76
ORD-001241,2024-11-06,CUST-00972,Ethan Taylor,37,Female,Latin America,Colombia,Clothing,H&M Cotton T-Shirt Pack,4,26.93,18.0,88.33,38.3,33.83
ORD-001242,2024-11-07,CUST-00281,Mason Wang,41,Female,Middle East,UAE,Electronics,Apple MacBook Air M2,1,1035.26,0.0,1035.26,16.0,165.64
ORD-001243,2024-11-07,CUST-01328,Susan Schmidt,35,Male,Latin America,Argentina,Home & Kitchen,Air Purifier HEPA,1,206.39,17.0,171.3,21.9,37.51
ORD-001244,2024-11-07,CUST-00538,Joseph Martinez,39,Female,Latin America,Argentina,Clothing,North Face Fleece Jacket,1,125.86,39.0,76.77,34.3,26.33
ORD-001245,2024-11-07,CUST-00219,Hana Nguyen,35,Female,Middle East,Qatar,Home & Kitchen,Ninja Air Fryer XL,2,135.73,33.0,181.88,33.4,60.75
ORD-001246,2024-11-07,CUST-00347,Fatima Davis,47,Female,Middle East,Qatar,Sports & Outdoors,Camping Sleeping Bag -10°C,2,99.44,0.0,198.88,20.5,40.77
ORD-001247,2024-11-07,CUST-01137,Carlos Lee,25,Male,Europe,UK,Clothing,Uniqlo Down Jacket,4,118.34,0.0,473.36,45.4,214.91
ORD-001248,2024-11-07,CUST-00985,Aiden Mitchell,23,Female,Europe,France,Electronics,Ring Video Doorbell,2,120.53,7.0,224.19,16.8,37.66
ORD-001249,2024-11-07,CUST-00266,Emma Davis,46,Female,Europe,France,Clothing,Ray-Ban Aviator Sunglasses,4,177.55,0.0,710.2,51.1,362.91
ORD-001250,2024-11-07,CUST-01010,David Nelson,18,Male,Asia Pacific,Japan,Clothing,Zara Wool Coat,4,147.34,4.0,565.79,48.7,275.54
ORD-001251,2024-11-07,CUST-00736,Liam Dupont,46,Male,Latin America,Colombia,Clothing,Converse Chuck Taylor All Star,4,63.31,0.0,253.24,46.4,117.5
ORD-001252,2024-11-07,CUST-01129,Ali Dupont,43,Male,Latin America,Brazil,Clothing,Tommy Hilfiger Polo Shirt,3,68.64,15.0,175.03,46.4,81.21
ORD-001253,2024-11-08,CUST-00358,Isabella Baker,21,Male,Latin America,Brazil,Electronics,Canon EOS R50 Camera,2,816.44,11.0,1453.26,16.1,233.97
ORD-001254,2024-11-08,CUST-01609,Riley Johnson,27,Male,Asia Pacific,Singapore,Beauty & Personal Care,Charlotte Tilbury Lipstick,3,36.21,22.0,84.73,35.2,29.82
ORD-001255,2024-11-08,CUST-01171,Barbara Chen,39,Male,Middle East,UAE,Home & Kitchen,Weighted Blanket 15lbs,2,84.52,27.0,123.4,36.9,45.53
ORD-001256,2024-11-08,CUST-01058,Priya Müller,46,Female,North America,Canada,Clothing,Timberland Boots,3,162.61,0.0,487.83,41.1,200.5
ORD-001257,2024-11-08,CUST-00683,Chen Hill,46,Male,North America,Canada,Clothing,Levi's 501 Jeans,1,82.92,6.0,77.94,30.8,24.01
ORD-001258,2024-11-08,CUST-01219,Patricia Kim,35,Female,Europe,Germany,Electronics,Apple Watch Series 9,1,450.0,21.0,355.5,11.3,40.17
ORD-001259,2024-11-08,CUST-01780,Layla Hall,36,Female,Europe,Spain,Sports & Outdoors,Coleman 4-Person Camping Tent,1,138.1,35.0,89.77,32.6,29.27
ORD-001260,2024-11-09,CUST-00473,Fatima Khan,35,Female,Europe,UK,Home & Kitchen,LED Desk Lamp with USB,2,28.06,0.0,56.12,25.4,14.25
ORD-001261,2024-11-09,CUST-00786,Isabella Singh,24,Male,Latin America,Colombia,Electronics,iPhone 15 Pro,1,1073.24,13.0,933.72,13.4,125.12
ORD-001262,2024-11-09,CUST-00385,Ravi Anderson,37,Female,Asia Pacific,India,Home & Kitchen,Cuisinart 12-Piece Cookware Set,2,223.45,18.0,366.46,23.9,87.58
ORD-001263,2024-11-09,CUST-01761,Lucas Miller,40,Female,Europe,UK,Electronics,Apple Watch Series 9,1,467.84,12.0,411.7,13.2,54.34
ORD-001264,2024-11-09,CUST-01249,Hana Jackson,56,Female,North America,Canada,Clothing,Nike Air Max 270,2,142.8,0.0,285.6,31.4,89.68
ORD-001265,2024-11-09,CUST-00164,Chen Thompson,18,Female,North America,Canada,Sports & Outdoors,Camping Sleeping Bag -10°C,1,124.51,0.0,124.51,32.1,39.97
ORD-001266,2024-11-10,CUST-00284,Wei Ahmed,23,Male,Asia Pacific,Japan,Home & Kitchen,Air Purifier HEPA,2,183.14,13.0,318.66,37.0,117.9
ORD-001267,2024-11-10,CUST-01786,Yuki Jackson,30,Female,Asia Pacific,South Korea,Beauty & Personal Care,Olaplex No.3 Hair Perfector,3,38.45,0.0,115.35,56.9,65.63
ORD-001268,2024-11-10,CUST-00940,Robert Roberts,40,Female,Middle East,Qatar,Clothing,Uniqlo Down Jacket,1,113.73,42.0,65.96,33.7,22.23
ORD-001269,2024-11-10,CUST-00083,Ava Patel,25,Male,Middle East,Qatar,Electronics,Ring Video Doorbell,1,158.89,2.0,155.71,9.3,14.48
ORD-001270,2024-11-10,CUST-00369,Aiden Green,33,Female,Europe,Italy,Sports & Outdoors,Wilson Tennis Racket Pro,1,155.25,0.0,155.25,34.9,54.18
ORD-001271,2024-11-10,CUST-00360,Layla Lee,43,Female,Asia Pacific,Australia,Clothing,North Face Fleece Jacket,1,124.86,42.0,72.42,46.0,33.31
ORD-001272,2024-11-10,CUST-01271,Carlos Martinez,30,Female,Latin America,Argentina,Home & Kitchen,Cuisinart 12-Piece Cookware Set,1,244.07,39.0,148.88,28.2,41.98
ORD-001273,2024-11-11,CUST-01791,Lisa Green,46,Female,Asia Pacific,Singapore,Electronics,Ring Video Doorbell,2,163.98,0.0,327.96,13.0,42.63
ORD-001274,2024-11-11,CUST-00414,Ravi Lee,55,Male,Middle East,Qatar,Electronics,Sony WH-1000XM5 Headphones,1,273.53,0.0,273.53,16.0,43.76
ORD-001275,2024-11-11,CUST-01387,Ravi Hall,25,Male,Europe,Italy,Clothing,Uniqlo Down Jacket,2,94.26,0.0,188.52,35.4,66.74
ORD-001276,2024-11-11,CUST-00858,Muhammad Roberts,65,Female,Latin America,Colombia,Clothing,Calvin Klein Underwear Set,4,49.9,22.0,155.69,36.3,56.52
ORD-001277,2024-11-11,CUST-00460,Lisa Schmidt,47,Male,Middle East,UAE,Home & Kitchen,Smart Thermostat Google Nest,1,145.96,18.0,119.69,38.0,45.48
ORD-001278,2024-11-11,CUST-00402,Richard Martin,30,Female,Asia Pacific,South Korea,Electronics,USB-C Hub 7-in-1,1,54.87,0.0,54.87,19.9,10.92
ORD-001279,2024-11-11,CUST-01139,Liam Torres,18,Female,North America,USA,Beauty & Personal Care,Charlotte Tilbury Lipstick,2,37.97,4.0,72.9,55.9,40.75
ORD-001280,2024-11-11,CUST-00606,Ana Wilson,47,Male,Europe,UK,Clothing,Gucci Belt,3,428.64,0.0,1285.92,34.0,437.21
ORD-001281,2024-11-11,CUST-00847,Susan Lopez,25,Male,North America,USA,Home & Kitchen,Ninja Air Fryer XL,3,135.33,33.0,272.01,36.2,98.47
ORD-001282,2024-11-11,CUST-00008,Charlotte Williams,41,Female,Asia Pacific,India,Electronics,Apple MacBook Air M2,2,1124.76,0.0,2249.52,11.3,254.2
ORD-001283,2024-11-11,CUST-01762,Wei White,30,Male,Asia Pacific,South Korea,Home & Kitchen,French Press Coffee Maker,1,40.04,23.0,30.83,32.8,10.11
ORD-001284,2024-11-12,CUST-01002,Laila Williams,41,Male,Middle East,Saudi Arabia,Clothing,Uniqlo Down Jacket,1,80.98,26.0,59.93,31.9,19.12
ORD-001285,2024-11-12,CUST-00553,Riley Taylor,19,Female,Middle East,Qatar,Electronics,Canon EOS R50 Camera,2,728.58,21.0,1151.16,11.6,133.53
ORD-001286,2024-11-12,CUST-00229,Harry Harris,24,Male,Europe,Spain,Sports & Outdoors,Hydro Flask 32oz Water Bottle,2,46.44,24.0,70.59,24.6,17.37
ORD-001287,2024-11-12,CUST-01435,Noah Green,46,Male,North America,Mexico,Home & Kitchen,Nespresso Vertuo Coffee Machine,2,206.38,35.0,268.29,40.0,107.32
ORD-001288,2024-11-12,CUST-00654,Mary Martinez,21,Male,North America,Canada,Sports & Outdoors,Bowflex SelectTech Dumbbells,2,367.93,24.0,559.25,19.1,106.82
ORD-001289,2024-11-13,CUST-01067,Carlos Martinez,31,Female,Asia Pacific,Japan,Home & Kitchen,Air Purifier HEPA,1,259.7,33.0,174.0,30.5,53.07
ORD-001290,2024-11-13,CUST-00778,Noah Allen,18,Male,Latin America,Argentina,Beauty & Personal Care,Moroccanoil Hair Oil,4,31.94,17.0,106.04,53.1,56.31
ORD-001291,2024-11-13,CUST-00077,Joseph Jackson,23,Female,Middle East,UAE,Electronics,GoPro Hero 12,2,432.78,0.0,865.56,8.0,69.24
ORD-001292,2024-11-13,CUST-01652,Richard Allen,37,Female,Asia Pacific,Japan,Beauty & Personal Care,The Ordinary Serum Set,3,20.73,30.0,43.53,43.6,18.98
ORD-001293,2024-11-13,CUST-00189,Ethan Kim,38,Male,North America,Mexico,Electronics,Apple Watch Series 9,2,405.09,25.0,607.63,19.7,119.7
ORD-001294,2024-11-13,CUST-00362,Lucas Kim,40,Male,Latin America,Colombia,Clothing,Tommy Hilfiger Polo Shirt,1,57.01,0.0,57.01,34.9,19.9
ORD-001295,2024-11-13,CUST-01328,Susan Schmidt,35,Male,Latin America,Argentina,Clothing,Under Armour Sports Bra,1,56.65,29.0,40.22,45.2,18.18
ORD-001296,2024-11-13,CUST-01023,Emma Nguyen,31,Female,Latin America,Brazil,Electronics,Sony WH-1000XM5 Headphones,2,321.14,23.0,494.56,9.2,45.5
ORD-001297,2024-11-13,CUST-01414,William Wright,31,Male,North America,USA,Electronics,USB-C Hub 7-in-1,1,52.88,0.0,52.88,12.4,6.56
ORD-001298,2024-11-13,CUST-00234,Layla Davis,29,Female,Europe,Netherlands,Home & Kitchen,Instant Pot Duo 7-in-1,2,79.32,0.0,158.64,25.2,39.98
ORD-001299,2024-11-14,CUST-00628,Mia Rossi,29,Female,Latin America,Argentina,Home & Kitchen,KitchenAid Stand Mixer,2,444.78,19.0,720.54,30.6,220.49
ORD-001300,2024-11-14,CUST-01081,Fatima Young,31,Male,Asia Pacific,Singapore,Home & Kitchen,Air Purifier HEPA,1,215.22,0.0,215.22,33.2,71.45
ORD-001301,2024-11-14,CUST-00527,Michael Fernandez,42,Male,Latin America,Colombia,Clothing,North Face Fleece Jacket,3,114.37,9.0,312.23,36.0,112.4
ORD-001302,2024-11-14,CUST-01640,Harry Chen,38,Male,Asia Pacific,Australia,Home & Kitchen,Dyson V15 Vacuum,2,626.24,24.0,951.88,35.6,338.87
ORD-001303,2024-11-14,CUST-01370,Aiden King,23,Male,North America,USA,Home & Kitchen,IKEA KALLAX Shelf Unit,3,182.36,36.0,350.13,39.7,139.0
ORD-001304,2024-11-14,CUST-01323,Ethan Khan,43,Female,Latin America,Colombia,Sports & Outdoors,Fitbit Charge 6,2,160.4,22.0,250.22,22.3,55.8
ORD-001305,2024-11-14,CUST-01694,Yuki Lopez,33,Male,Asia Pacific,Australia,Clothing,Levi's 501 Jeans,3,75.78,0.0,227.34,54.5,123.9
ORD-001306,2024-11-15,CUST-01404,Oliver Green,43,Female,North America,Mexico,Electronics,iPad Pro 11-inch,1,886.69,20.0,709.35,17.6,124.85
ORD-001307,2024-11-15,CUST-00331,Priya Brown,45,Female,Europe,France,Clothing,Ray-Ban Aviator Sunglasses,4,170.28,0.0,681.12,30.2,205.7
ORD-001308,2024-11-15,CUST-00234,Layla Davis,29,Female,Europe,Netherlands,Electronics,Apple MacBook Air M2,2,1056.95,12.0,1860.23,11.9,221.37
ORD-001309,2024-11-15,CUST-01577,Amelia Wright,25,Male,North America,Mexico,Home & Kitchen,Weighted Blanket 15lbs,3,71.32,2.0,209.68,37.2,78.0
ORD-001310,2024-11-15,CUST-01235,Yuki Green,32,Male,Asia Pacific,Singapore,Home & Kitchen,Roomba i7+ Robot Vacuum,2,665.72,30.0,932.01,31.5,293.58
ORD-001311,2024-11-15,CUST-01489,Wei Santos,38,Female,Middle East,Saudi Arabia,Beauty & Personal Care,Tatcha Rice Wash Cleanser,2,45.51,14.0,78.28,47.7,37.34
ORD-001312,2024-11-15,CUST-00392,Oliver Dupont,18,Female,Middle East,Qatar,Clothing,Adidas Ultraboost Shoes,3,154.58,7.0,431.28,46.9,202.27
ORD-001313,2024-11-15,CUST-01043,Jessica Hall,37,Male,North America,Canada,Clothing,Gucci Belt,1,336.45,50.0,168.22,39.3,66.11
ORD-001314,2024-11-15,CUST-01323,Ethan Khan,43,Female,Latin America,Colombia,Electronics,Samsung Galaxy S24,2,941.89,36.0,1205.62,10.6,127.8
ORD-001315,2024-11-15,CUST-00773,Thomas Kim,18,Male,North America,Mexico,Clothing,Levi's 501 Jeans,4,87.02,17.0,288.91,39.5,114.12
ORD-001316,2024-11-16,CUST-01303,Mia Green,36,Male,Middle East,Qatar,Home & Kitchen,Roomba i7+ Robot Vacuum,3,732.52,9.0,1999.78,28.8,575.94
ORD-001317,2024-11-16,CUST-00255,Carlos Santos,31,Female,North America,USA,Home & Kitchen,Roomba i7+ Robot Vacuum,3,695.24,13.0,1814.58,30.1,546.19
ORD-001318,2024-11-16,CUST-00436,Ana Khan,18,Male,Middle East,UAE,Home & Kitchen,Bamboo Cutting Board Set,1,42.0,26.0,31.08,35.5,11.03
ORD-001319,2024-11-16,CUST-01275,James Roberts,24,Female,Asia Pacific,India,Beauty & Personal Care,Moroccanoil Hair Oil,3,38.36,30.0,80.56,56.1,45.19
ORD-001320,2024-11-16,CUST-00278,Ravi Santos,28,Male,Europe,Spain,Sports & Outdoors,Spalding NBA Basketball,2,44.34,7.0,82.47,24.6,20.29
ORD-001321,2024-11-16,CUST-00889,Lucas Kim,33,Male,Europe,Germany,Clothing,Zara Wool Coat,2,140.31,39.0,171.18,50.8,86.96
ORD-001322,2024-11-16,CUST-01017,Ahmed Green,29,Female,Latin America,Argentina,Home & Kitchen,LED Desk Lamp with USB,3,55.03,5.0,156.84,30.4,47.68
ORD-001323,2024-11-16,CUST-01211,Charlotte Rossi,36,Female,North America,Mexico,Clothing,Uniqlo Down Jacket,1,117.89,22.0,91.95,44.8,41.19
ORD-001324,2024-11-16,CUST-01342,Richard Nelson,18,Female,North America,Mexico,Home & Kitchen,Bamboo Cutting Board Set,1,40.32,26.0,29.84,30.6,9.13
ORD-001325,2024-11-16,CUST-00881,Ravi Nelson,41,Male,Asia Pacific,Japan,Home & Kitchen,KitchenAid Stand Mixer,1,393.0,21.0,310.47,34.6,107.42
ORD-001326,2024-11-16,CUST-01329,Linda Williams,43,Male,Europe,Germany,Electronics,Sony PlayStation 5,2,517.91,4.0,994.39,8.7,86.51
ORD-001327,2024-11-16,CUST-00172,Ethan Brown,42,Female,North America,Mexico,Clothing,Adidas Ultraboost Shoes,3,162.06,33.0,325.74,40.4,131.6
ORD-001328,2024-11-17,CUST-01645,Robert Khan,43,Male,Latin America,Colombia,Electronics,Apple Watch Series 9,2,405.73,0.0,811.46,10.6,86.01
ORD-001329,2024-11-17,CUST-00265,Jessica Walker,34,Male,Latin America,Brazil,Electronics,Bose SoundLink Speaker,1,194.29,34.0,128.23,18.7,23.98
ORD-001330,2024-11-17,CUST-01765,Jessica Green,33,Female,Asia Pacific,Japan,Sports & Outdoors,Resistance Bands Set,3,38.71,0.0,116.13,35.7,41.46
ORD-001331,2024-11-17,CUST-00943,Thomas White,22,Male,Europe,Netherlands,Electronics,Samsung Galaxy S24,1,905.31,1.0,896.26,17.4,155.95
ORD-001332,2024-11-17,CUST-01748,Thomas Davis,42,Male,Middle East,UAE,Clothing,Nike Air Max 270,3,122.31,0.0,366.93,49.2,180.53
ORD-001333,2024-11-17,CUST-00601,Karen Garcia,31,Male,Latin America,Colombia,Electronics,USB-C Hub 7-in-1,1,60.15,0.0,60.15,18.3,11.01
ORD-001334,2024-11-17,CUST-00969,Robert Garcia,22,Female,Middle East,Qatar,Sports & Outdoors,Spalding NBA Basketball,1,50.6,34.0,33.4,22.5,7.51
ORD-001335,2024-11-18,CUST-00251,Rafael Adams,42,Male,Latin America,Brazil,Beauty & Personal Care,Tatcha Rice Wash Cleanser,5,47.07,0.0,235.35,42.6,100.26
ORD-001336,2024-11-18,CUST-00812,Wei Schmidt,60,Male,Europe,Germany,Home & Kitchen,Ninja Air Fryer XL,3,127.85,23.0,295.33,29.8,88.01
ORD-001337,2024-11-18,CUST-01346,Ahmed Flores,18,Male,Latin America,Brazil,Beauty & Personal Care,Neutrogena SPF 50 Sunscreen,2,17.62,0.0,35.24,38.0,13.39
ORD-001338,2024-11-18,CUST-01674,Olivia Jackson,21,Female,Latin America,Brazil,Sports & Outdoors,Peloton Bike+,3,2267.22,20.0,5441.33,30.0,1632.4
ORD-001339,2024-11-18,CUST-00340,Noah Baker,48,Female,North America,Mexico,Sports & Outdoors,TRX Suspension Trainer,1,185.89,16.0,156.15,31.8,49.66
ORD-001340,2024-11-18,CUST-01403,Wei Chen,18,Female,Asia Pacific,Australia,Clothing,Nike Air Max 270,2,105.81,0.0,211.62,31.8,67.3
ORD-001341,2024-11-18,CUST-01259,Sarah Müller,60,Male,Middle East,Qatar,Home & Kitchen,Cuisinart 12-Piece Cookware Set,1,245.21,35.0,159.39,29.9,47.66
ORD-001342,2024-11-18,CUST-00214,Jennifer Lopez,25,Female,Middle East,Qatar,Clothing,Uniqlo Down Jacket,3,110.54,8.0,305.09,40.4,123.26
ORD-001343,2024-11-19,CUST-00260,Patricia Anderson,34,Male,Latin America,Colombia,Electronics,iPad Pro 11-inch,2,820.9,0.0,1641.8,12.8,210.15
ORD-001344,2024-11-19,CUST-00094,Barbara Johnson,37,Male,Asia Pacific,Australia,Home & Kitchen,Bamboo Cutting Board Set,1,31.29,0.0,31.29,20.9,6.54
ORD-001345,2024-11-19,CUST-01135,Laila White,33,Male,North America,Canada,Beauty & Personal Care,Moroccanoil Hair Oil,2,26.66,3.0,51.72,44.9,23.22
ORD-001346,2024-11-19,CUST-00377,Lucas Green,18,Female,North America,USA,Home & Kitchen,KitchenAid Stand Mixer,1,374.11,0.0,374.11,29.0,108.49
ORD-001347,2024-11-19,CUST-00449,Wei Fernandez,42,Female,North America,Mexico,Electronics,iPhone 15 Pro,1,1171.79,11.0,1042.89,8.9,92.82
ORD-001348,2024-11-19,CUST-01242,Priya Flores,42,Female,North America,Mexico,Beauty & Personal Care,Fenty Beauty Foundation,2,40.36,1.0,79.91,46.6,37.24
ORD-001349,2024-11-19,CUST-01614,Mary Schmidt,32,Male,Latin America,Argentina,Electronics,GoPro Hero 12,2,369.51,25.0,554.26,14.9,82.58
ORD-001350,2024-11-19,CUST-01135,Laila White,33,Male,North America,Canada,Home & Kitchen,Philips Hue Smart Bulb Set,3,81.54,35.0,159.0,24.6,39.11
ORD-001351,2024-11-19,CUST-01318,Michael Taylor,21,Male,Europe,France,Beauty & Personal Care,Oral-B Electric Toothbrush Pro,2,72.99,13.0,127.0,36.7,46.61
ORD-001352,2024-11-19,CUST-01311,William Allen,42,Male,North America,Mexico,Clothing,Puma Running Shorts,1,36.08,2.0,35.36,52.4,18.53
ORD-001353,2024-11-20,CUST-00509,Ethan Scott,28,Female,Middle East,UAE,Home & Kitchen,LED Desk Lamp with USB,1,47.18,0.0,47.18,22.5,10.62
ORD-001354,2024-11-20,CUST-00333,Ava Allen,18,Female,Middle East,Qatar,Home & Kitchen,Cuisinart 12-Piece Cookware Set,3,206.57,33.0,415.21,23.0,95.5
ORD-001355,2024-11-20,CUST-00280,Yuki Hall,51,Female,Latin America,Argentina,Beauty & Personal Care,The Ordinary Serum Set,2,24.28,25.0,36.42,45.5,16.57
ORD-001356,2024-11-20,CUST-00481,Wei Wang,22,Male,Middle East,Saudi Arabia,Clothing,Adidas Ultraboost Shoes,4,157.05,0.0,628.2,54.5,342.37
ORD-001357,2024-11-21,CUST-01266,Linda Young,47,Male,Europe,France,Beauty & Personal Care,Oral-B Electric Toothbrush Pro,5,80.92,0.0,404.6,43.0,173.98
ORD-001358,2024-11-21,CUST-01038,Emma Roberts,45,Female,Latin America,Argentina,Home & Kitchen,Smart Thermostat Google Nest,2,133.41,0.0,266.82,22.8,60.83
ORD-001359,2024-11-21,CUST-00832,Oliver Schmidt,27,Male,Latin America,Argentina,Clothing,North Face Fleece Jacket,4,103.35,32.0,281.11,36.7,103.17
ORD-001360,2024-11-21,CUST-01708,Oliver Young,29,Male,North America,Canada,Clothing,Puma Running Shorts,3,39.51,45.0,65.19,39.3,25.62
ORD-001361,2024-11-21,CUST-01016,Richard Patel,19,Female,Asia Pacific,South Korea,Sports & Outdoors,Resistance Bands Set,2,34.09,33.0,45.68,30.9,14.12
ORD-001362,2024-11-22,CUST-01492,John Adams,47,Male,North America,USA,Electronics,Bose SoundLink Speaker,1,159.74,0.0,159.74,10.0,15.97
ORD-001363,2024-11-22,CUST-01370,Aiden King,23,Male,North America,USA,Electronics,Dell XPS 15 Laptop,1,1143.61,1.0,1132.17,15.1,170.96
ORD-001364,2024-11-22,CUST-01792,Robert Allen,41,Female,Middle East,Qatar,Beauty & Personal Care,Charlotte Tilbury Lipstick,3,32.35,0.0,97.05,59.6,57.84
ORD-001365,2024-11-22,CUST-01159,Karen Mitchell,26,Female,Europe,Germany,Home & Kitchen,KitchenAid Stand Mixer,2,403.65,32.0,548.96,25.6,140.53
ORD-001366,2024-11-22,CUST-00239,Emma Ahmed,35,Male,Middle East,UAE,Electronics,"LG OLED 55"" TV",2,1649.02,26.0,2440.55,16.1,392.93
ORD-001367,2024-11-22,CUST-00390,Ana Patel,53,Female,Latin America,Colombia,Clothing,Uniqlo Down Jacket,4,127.54,8.0,469.35,33.6,157.7
ORD-001368,2024-11-22,CUST-00037,Zara Roberts,24,Male,North America,Canada,Electronics,USB-C Hub 7-in-1,2,78.23,0.0,156.46,8.4,13.14
ORD-001369,2024-11-22,CUST-00155,Fatima Jones,50,Male,Europe,Germany,Electronics,Canon EOS R50 Camera,2,762.37,11.0,1357.02,11.0,149.27
ORD-001370,2024-11-22,CUST-01392,Susan Smith,37,Female,North America,Canada,Sports & Outdoors,TRX Suspension Trainer,2,204.3,0.0,408.6,36.1,147.5
ORD-001371,2024-11-23,CUST-00714,Lucas Lopez,22,Male,Latin America,Argentina,Beauty & Personal Care,Fenty Beauty Foundation,3,38.31,15.0,97.69,35.4,34.58
ORD-001372,2024-11-23,CUST-01682,Mary Roberts,36,Female,North America,USA,Home & Kitchen,Instant Pot Duo 7-in-1,1,82.03,29.0,58.24,27.0,15.72
ORD-001373,2024-11-23,CUST-00322,Ava Adams,32,Male,Latin America,Colombia,Clothing,North Face Fleece Jacket,2,125.25,34.0,165.33,44.8,74.07
ORD-001374,2024-11-23,CUST-00457,Olivia Kim,40,Male,Latin America,Argentina,Electronics,Apple Watch Series 9,1,426.82,34.0,281.7,11.1,31.27
ORD-001375,2024-11-23,CUST-01167,Wei King,18,Female,Latin America,Colombia,Electronics,Bose SoundLink Speaker,2,161.64,5.0,307.12,10.4,31.94
ORD-001376,2024-11-24,CUST-00006,Liam Young,44,Female,Europe,Netherlands,Electronics,iPad Pro 11-inch,2,796.0,0.0,1592.0,10.1,160.79
ORD-001377,2024-11-24,CUST-00839,Thomas Mitchell,33,Female,Middle East,UAE,Electronics,Dell XPS 15 Laptop,1,1418.67,0.0,1418.67,16.9,239.76
ORD-001378,2024-11-24,CUST-01399,Barbara Fernandez,47,Female,Middle East,Qatar,Clothing,Zara Wool Coat,3,199.49,0.0,598.47,31.7,189.71
ORD-001379,2024-11-24,CUST-01745,David Thompson,33,Female,Asia Pacific,Singapore,Clothing,Converse Chuck Taylor All Star,4,55.17,18.0,180.96,43.7,79.08
ORD-001380,2024-11-24,CUST-00862,Hana Roberts,42,Female,North America,Mexico,Home & Kitchen,Roomba i7+ Robot Vacuum,1,602.32,0.0,602.32,37.0,222.86
ORD-001381,2024-11-24,CUST-00010,Ana Jones,18,Male,Latin America,Argentina,Sports & Outdoors,Trek FX3 Bicycle,3,792.39,0.0,2377.17,29.7,706.02
ORD-001382,2024-11-24,CUST-01522,Ravi Singh,32,Female,Asia Pacific,South Korea,Home & Kitchen,IKEA KALLAX Shelf Unit,1,153.15,38.0,94.95,25.7,24.4
ORD-001383,2024-11-24,CUST-01291,Linda Green,26,Male,North America,Canada,Electronics,"LG OLED 55"" TV",2,1803.22,0.0,3606.44,14.7,530.15
ORD-001384,2024-11-25,CUST-00741,Ethan Lopez,39,Female,Asia Pacific,Australia,Clothing,Zara Wool Coat,3,145.28,3.0,422.76,47.0,198.7
ORD-001385,2024-11-25,CUST-00908,Isabella Wilson,35,Male,Asia Pacific,South Korea,Home & Kitchen,Weighted Blanket 15lbs,3,94.27,6.0,265.84,29.4,78.16
ORD-001386,2024-11-25,CUST-01422,Charlotte Nelson,41,Male,Asia Pacific,South Korea,Electronics,Kindle Paperwhite,2,123.73,0.0,247.46,9.7,24.0
ORD-001387,2024-11-25,CUST-00883,Ava Adams,34,Female,Europe,Spain,Clothing,North Face Fleece Jacket,2,131.84,43.0,150.3,38.1,57.26
ORD-001388,2024-11-25,CUST-00512,Karen Nguyen,28,Female,North America,USA,Clothing,Nike Air Max 270,4,116.19,28.0,334.63,43.4,145.23
ORD-001389,2024-11-25,CUST-00448,Karen Jackson,28,Male,Middle East,Saudi Arabia,Beauty & Personal Care,Moroccanoil Hair Oil,5,43.0,0.0,215.0,43.7,93.95
ORD-001390,2024-11-25,CUST-00764,Aiden Müller,52,Female,North America,Mexico,Home & Kitchen,Nespresso Vertuo Coffee Machine,1,219.55,14.0,188.81,20.3,38.33
ORD-001391,2024-11-25,CUST-01616,Harry Davis,40,Female,Asia Pacific,India,Clothing,Adidas Ultraboost Shoes,2,178.67,11.0,318.03,52.5,166.97
ORD-001392,2024-11-25,CUST-00919,David Scott,27,Male,Middle East,Saudi Arabia,Clothing,Levi's 501 Jeans,4,82.24,30.0,230.27,47.4,109.15
ORD-001393,2024-11-25,CUST-01256,Charlotte Kim,42,Male,Middle East,UAE,Beauty & Personal Care,Bath & Body Works Candle Set,1,44.56,34.0,29.41,57.0,16.76
ORD-001394,2024-11-25,CUST-00650,Karen Scott,34,Male,Middle East,UAE,Home & Kitchen,Instant Pot Duo 7-in-1,2,108.0,30.0,151.2,27.0,40.82
ORD-001395,2024-11-25,CUST-00823,James Rossi,45,Male,Asia Pacific,South Korea,Sports & Outdoors,Peloton Bike+,1,2479.8,11.0,2207.02,27.1,598.1
ORD-001396,2024-11-25,CUST-00868,James Hall,32,Male,Asia Pacific,Singapore,Clothing,Adidas Ultraboost Shoes,1,157.95,46.0,85.29,37.9,32.32
ORD-001397,2024-11-25,CUST-01586,Robert Wright,22,Female,Middle East,UAE,Sports & Outdoors,Wilson Tennis Racket Pro,3,165.45,27.0,362.34,29.3,106.17
ORD-001398,2024-11-26,CUST-00370,Emma Schmidt,29,Male,Asia Pacific,South Korea,Electronics,"LG OLED 55"" TV",1,1442.8,0.0,1442.8,11.2,161.59
ORD-001399,2024-11-26,CUST-00957,Harry Miller,30,Male,Europe,Spain,Electronics,Canon EOS R50 Camera,1,669.18,36.0,428.28,11.9,50.97
ORD-001400,2024-11-26,CUST-01209,Ahmed Lopez,36,Female,Latin America,Colombia,Clothing,North Face Fleece Jacket,3,139.5,0.0,418.5,35.8,149.82
ORD-001401,2024-11-26,CUST-01592,Linda Wright,44,Male,Latin America,Argentina,Electronics,Ring Video Doorbell,1,144.1,0.0,144.1,14.9,21.47
ORD-001402,2024-11-26,CUST-01588,Ahmed Nguyen,25,Female,Middle East,Saudi Arabia,Home & Kitchen,Philips Hue Smart Bulb Set,3,81.81,17.0,203.71,38.7,78.84
ORD-001403,2024-11-27,CUST-01466,Laila Wilson,34,Female,Asia Pacific,Singapore,Sports & Outdoors,Speedo Swim Goggles,1,19.58,0.0,19.58,23.4,4.58
ORD-001404,2024-11-27,CUST-00586,Priya Santos,27,Female,Asia Pacific,Australia,Beauty & Personal Care,Neutrogena SPF 50 Sunscreen,2,19.38,21.0,30.62,36.7,11.24
ORD-001405,2024-11-27,CUST-01234,Carlos Thomas,37,Male,Latin America,Brazil,Beauty & Personal Care,Philips Norelco Shaver,1,144.1,0.0,144.1,56.5,81.42
ORD-001406,2024-11-27,CUST-01056,Liam Garcia,40,Male,Middle East,UAE,Clothing,Levi's 501 Jeans,2,85.22,3.0,165.33,48.5,80.19
ORD-001407,2024-11-27,CUST-00527,Michael Fernandez,42,Male,Latin America,Colombia,Clothing,Calvin Klein Underwear Set,4,45.94,0.0,183.76,41.5,76.26
ORD-001408,2024-11-27,CUST-01785,Chen Martin,33,Male,Europe,Italy,Clothing,Gucci Belt,3,421.87,0.0,1265.61,50.6,640.4
ORD-001409,2024-11-27,CUST-00974,Michael Miller,48,Female,Europe,Germany,Clothing,North Face Fleece Jacket,3,137.53,47.0,218.67,34.8,76.1
ORD-001410,2024-11-28,CUST-00693,Amelia Young,36,Male,Middle East,Saudi Arabia,Home & Kitchen,LED Desk Lamp with USB,3,39.44,0.0,118.32,28.0,33.13
ORD-001411,2024-11-28,CUST-00946,Wei Hall,66,Female,North America,Canada,Clothing,Under Armour Sports Bra,3,35.63,0.0,106.89,34.9,37.3
ORD-001412,2024-11-28,CUST-01030,Harry Wright,35,Female,North America,Canada,Electronics,Bose SoundLink Speaker,1,201.9,32.0,137.29,8.1,11.12
ORD-001413,2024-11-28,CUST-01248,Noah Mitchell,35,Male,Middle East,UAE,Home & Kitchen,Instant Pot Duo 7-in-1,2,117.95,20.0,188.72,32.4,61.15
ORD-001414,2024-11-28,CUST-00584,Aiden Jones,46,Male,North America,Canada,Sports & Outdoors,Speedo Swim Goggles,2,20.62,8.0,37.94,28.5,10.81
ORD-001415,2024-11-28,CUST-01140,Richard Allen,37,Male,Latin America,Brazil,Electronics,Samsung Galaxy S24,2,916.86,0.0,1833.72,19.3,353.91
ORD-001416,2024-11-28,CUST-00478,Layla Williams,52,Male,Middle East,UAE,Home & Kitchen,Nespresso Vertuo Coffee Machine,1,208.74,0.0,208.74,31.3,65.34
ORD-001417,2024-11-28,CUST-01477,Ethan Lopez,45,Male,Europe,Italy,Home & Kitchen,Roomba i7+ Robot Vacuum,1,613.08,24.0,465.94,24.0,111.83
ORD-001418,2024-11-28,CUST-01284,Ethan Jackson,37,Female,Latin America,Colombia,Sports & Outdoors,Peloton Bike+,1,2206.88,0.0,2206.88,36.0,794.48
ORD-001419,2024-12-01,CUST-00370,Emma Schmidt,29,Male,Asia Pacific,South Korea,Home & Kitchen,Smart Thermostat Google Nest,3,141.44,0.0,424.32,25.7,109.05
ORD-001420,2024-12-01,CUST-00562,Oliver White,56,Male,Middle East,UAE,Clothing,Ray-Ban Aviator Sunglasses,4,137.93,5.0,524.13,51.9,272.02
ORD-001421,2024-12-01,CUST-00456,Yuki Ali,40,Male,Latin America,Colombia,Beauty & Personal Care,The Ordinary Serum Set,2,30.52,32.0,41.51,54.5,22.62
ORD-001422,2024-12-01,CUST-00202,Mia Walker,28,Female,Middle East,Qatar,Electronics,Samsung Galaxy S24,1,944.28,18.0,774.31,11.0,85.17
ORD-001423,2024-12-01,CUST-00356,Emma Kim,52,Male,Latin America,Brazil,Beauty & Personal Care,La Mer Moisturizing Cream,4,228.91,0.0,915.64,41.0,375.41
ORD-001424,2024-12-01,CUST-00636,Charlotte Ali,34,Male,North America,USA,Home & Kitchen,Dyson V15 Vacuum,3,734.13,1.0,2180.37,30.2,658.47
ORD-001425,2024-12-01,CUST-01000,Susan Jackson,37,Female,North America,Mexico,Clothing,Nike Air Max 270,3,121.55,4.0,350.06,38.5,134.77
ORD-001426,2024-12-01,CUST-00581,Ana Miller,28,Male,Middle East,Qatar,Electronics,Kindle Paperwhite,1,103.2,0.0,103.2,14.1,14.55
ORD-001427,2024-12-01,CUST-01593,Linda Wright,39,Male,Asia Pacific,Japan,Electronics,Kindle Paperwhite,2,132.01,20.0,211.22,19.3,40.77
ORD-001428,2024-12-01,CUST-00354,Wei Garcia,57,Male,Asia Pacific,Singapore,Beauty & Personal Care,Charlotte Tilbury Lipstick,2,33.37,26.0,49.39,47.9,23.66
ORD-001429,2024-12-01,CUST-00114,William Green,43,Female,North America,USA,Electronics,Kindle Paperwhite,1,117.51,15.0,99.88,14.2,14.18
ORD-001430,2024-12-02,CUST-01615,Emma Anderson,28,Male,Asia Pacific,Singapore,Electronics,Canon EOS R50 Camera,2,679.67,15.0,1155.44,18.3,211.45
ORD-001431,2024-12-02,CUST-01732,Aiden Rossi,38,Female,Europe,Spain,Electronics,"LG OLED 55"" TV",1,1728.11,0.0,1728.11,8.6,148.62
ORD-001432,2024-12-02,CUST-01660,Emma Müller,32,Female,North America,USA,Home & Kitchen,Cuisinart 12-Piece Cookware Set,3,224.05,0.0,672.15,29.8,200.3
ORD-001433,2024-12-02,CUST-00639,Thomas Thomas,45,Female,North America,Mexico,Beauty & Personal Care,Fenty Beauty Foundation,2,43.63,40.0,52.36,41.4,21.68
ORD-001434,2024-12-02,CUST-00382,Fatima Lee,21,Female,Latin America,Brazil,Clothing,Timberland Boots,2,183.3,6.0,344.6,43.7,150.59
ORD-001435,2024-12-02,CUST-00015,Karen Wang,28,Female,Europe,Italy,Clothing,North Face Fleece Jacket,4,115.73,49.0,236.09,40.6,95.85
ORD-001436,2024-12-02,CUST-01250,Rafael Jackson,32,Female,Latin America,Brazil,Electronics,Ring Video Doorbell,2,124.78,15.0,212.13,16.4,34.79
ORD-001437,2024-12-02,CUST-00166,Aiden Carter,40,Male,Latin America,Brazil,Beauty & Personal Care,Olaplex No.3 Hair Perfector,3,35.64,28.0,76.98,45.2,34.79
ORD-001438,2024-12-02,CUST-01645,Robert Khan,43,Male,Latin America,Colombia,Home & Kitchen,Bamboo Cutting Board Set,2,29.56,0.0,59.12,34.0,20.1
ORD-001439,2024-12-02,CUST-01682,Mary Roberts,36,Female,North America,USA,Home & Kitchen,Ninja Air Fryer XL,2,137.23,28.0,197.61,33.5,66.2
ORD-001440,2024-12-02,CUST-00790,Fatima Kim,47,Male,Asia Pacific,Japan,Clothing,Puma Running Shorts,1,41.31,25.0,30.98,38.8,12.02
ORD-001441,2024-12-02,CUST-00244,Sophia Nguyen,41,Female,Middle East,Saudi Arabia,Clothing,Tommy Hilfiger Polo Shirt,3,63.42,34.0,125.57,36.9,46.34
ORD-001442,2024-12-02,CUST-01366,William Carter,44,Male,Asia Pacific,Australia,Clothing,Adidas Ultraboost Shoes,2,156.12,16.0,262.28,51.9,136.12
ORD-001443,2024-12-02,CUST-00554,Charles Williams,52,Male,Latin America,Brazil,Beauty & Personal Care,Olaplex No.3 Hair Perfector,4,38.0,0.0,152.0,38.3,58.22
ORD-001444,2024-12-03,CUST-00448,Karen Jackson,28,Male,Middle East,Saudi Arabia,Electronics,iPhone 15 Pro,2,985.45,2.0,1931.48,9.4,181.56
ORD-001445,2024-12-03,CUST-00254,Chen Singh,18,Male,Latin America,Colombia,Clothing,Uniqlo Down Jacket,1,86.19,38.0,53.44,48.1,25.7
ORD-001446,2024-12-03,CUST-00524,Oliver Scott,30,Female,Europe,Netherlands,Beauty & Personal Care,The Ordinary Serum Set,2,29.64,0.0,59.28,55.9,33.14
ORD-001447,2024-12-03,CUST-00584,Aiden Jones,46,Male,North America,Canada,Home & Kitchen,Air Purifier HEPA,1,211.23,4.0,202.78,23.1,46.84
ORD-001448,2024-12-03,CUST-00105,Joseph Scott,34,Male,North America,USA,Home & Kitchen,Air Purifier HEPA,3,193.89,13.0,506.05,22.4,113.36
ORD-001449,2024-12-03,CUST-01108,Zara Schmidt,34,Female,North America,USA,Home & Kitchen,LED Desk Lamp with USB,3,51.77,39.0,94.74,37.3,35.34
ORD-001450,2024-12-03,CUST-01472,Jennifer Wright,37,Male,Latin America,Argentina,Sports & Outdoors,TRX Suspension Trainer,1,176.29,10.0,158.66,30.4,48.23
ORD-001451,2024-12-04,CUST-00537,Fatima Taylor,28,Male,Europe,Spain,Electronics,Apple Watch Series 9,2,440.17,0.0,880.34,18.8,165.5
ORD-001452,2024-12-04,CUST-01708,Oliver Young,29,Male,North America,Canada,Electronics,"LG OLED 55"" TV",2,1465.6,19.0,2374.27,10.5,249.3
ORD-001453,2024-12-04,CUST-00120,Aiden Singh,20,Male,Europe,Germany,Electronics,Samsung Galaxy S24,2,1111.0,27.0,1622.06,17.4,282.24
ORD-001454,2024-12-04,CUST-01692,Yuki Martin,35,Female,Asia Pacific,India,Clothing,Puma Running Shorts,4,44.88,0.0,179.52,47.9,85.99
ORD-001455,2024-12-04,CUST-00036,Linda Martin,46,Female,Asia Pacific,Singapore,Sports & Outdoors,Foam Roller Set,2,29.3,0.0,58.6,18.6,10.9
ORD-001456,2024-12-04,CUST-01253,Riley Scott,31,Male,North America,Mexico,Clothing,Calvin Klein Underwear Set,1,45.14,10.0,40.63,32.0,13.0
ORD-001457,2024-12-05,CUST-00274,Sophia Walker,37,Male,Latin America,Argentina,Clothing,Nike Air Max 270,3,134.55,19.0,326.96,41.6,136.02
ORD-001458,2024-12-05,CUST-01683,Richard Wang,41,Female,Europe,France,Home & Kitchen,Roomba i7+ Robot Vacuum,3,598.24,33.0,1202.46,37.3,448.52
ORD-001459,2024-12-05,CUST-00046,Mia Martin,53,Female,Middle East,UAE,Beauty & Personal Care,Oral-B Electric Toothbrush Pro,3,85.62,0.0,256.86,54.6,140.25
ORD-001460,2024-12-05,CUST-00168,Olivia Nguyen,30,Female,Middle East,UAE,Clothing,Adidas Ultraboost Shoes,4,157.21,0.0,628.84,34.9,219.47
ORD-001461,2024-12-05,CUST-00122,Priya Taylor,36,Male,Europe,Spain,Beauty & Personal Care,Philips Norelco Shaver,5,91.19,38.0,282.69,49.7,140.5
ORD-001462,2024-12-05,CUST-01684,Richard Jackson,37,Male,Asia Pacific,Japan,Clothing,Nike Air Max 270,1,129.89,38.0,80.53,42.9,34.55
ORD-001463,2024-12-05,CUST-01275,James Roberts,24,Female,Asia Pacific,India,Electronics,Samsung Galaxy S24,2,843.19,34.0,1113.01,14.3,159.16
ORD-001464,2024-12-05,CUST-00223,Karen Williams,61,Female,Middle East,Qatar,Electronics,Samsung Galaxy S24,1,860.87,32.0,585.39,18.4,107.71
ORD-001465,2024-12-05,CUST-01429,Olivia Lopez,40,Male,Middle East,Saudi Arabia,Home & Kitchen,Air Purifier HEPA,3,168.04,0.0,504.12,20.4,102.84
ORD-001466,2024-12-05,CUST-01138,Lucas Roberts,31,Female,North America,Canada,Home & Kitchen,Ninja Air Fryer XL,1,118.76,3.0,115.2,23.9,27.53
ORD-001467,2024-12-06,CUST-00616,Sarah Nguyen,49,Female,Middle East,UAE,Beauty & Personal Care,Tatcha Rice Wash Cleanser,5,43.94,1.0,217.5,36.0,78.3
ORD-001468,2024-12-06,CUST-01482,Sarah Adams,43,Female,North America,USA,Electronics,"LG OLED 55"" TV",2,1545.22,0.0,3090.44,11.0,339.95
ORD-001469,2024-12-06,CUST-00347,Fatima Davis,47,Female,Middle East,Qatar,Clothing,Adidas Ultraboost Shoes,2,173.97,4.0,334.02,47.0,156.99
ORD-001470,2024-12-06,CUST-00368,Robert Müller,48,Female,Middle East,Saudi Arabia,Electronics,Canon EOS R50 Camera,2,633.08,17.0,1050.91,12.6,132.41
ORD-001471,2024-12-06,CUST-01346,Ahmed Flores,18,Male,Latin America,Brazil,Clothing,North Face Fleece Jacket,2,141.41,36.0,181.0,33.3,60.27
ORD-001472,2024-12-06,CUST-01621,Lisa Patel,18,Male,North America,USA,Beauty & Personal Care,Neutrogena SPF 50 Sunscreen,5,16.74,13.0,72.82,54.5,39.69
ORD-001473,2024-12-06,CUST-00912,Ethan Wright,18,Female,Europe,Netherlands,Home & Kitchen,Dyson V15 Vacuum,3,686.51,11.0,1832.98,20.5,375.76
ORD-001474,2024-12-06,CUST-01231,Wei Garcia,24,Male,Europe,UK,Electronics,Sony PlayStation 5,2,572.0,0.0,1144.0,19.1,218.5
ORD-001475,2024-12-06,CUST-00277,Barbara Thompson,28,Male,Europe,Germany,Home & Kitchen,Philips Hue Smart Bulb Set,3,82.18,0.0,246.54,22.4,55.22
ORD-001476,2024-12-06,CUST-01484,Sophia Singh,52,Female,Latin America,Argentina,Home & Kitchen,Philips Hue Smart Bulb Set,3,70.3,20.0,168.72,39.8,67.15
ORD-001477,2024-12-07,CUST-01030,Harry Wright,35,Female,North America,Canada,Clothing,Puma Running Shorts,4,25.83,0.0,103.32,52.8,54.55
ORD-001478,2024-12-07,CUST-01657,Liam Brown,45,Male,North America,Canada,Beauty & Personal Care,Fenty Beauty Foundation,3,37.54,30.0,78.83,57.5,45.33
ORD-001479,2024-12-07,CUST-00247,Laila Rossi,53,Male,North America,Canada,Clothing,Nike Air Max 270,3,137.22,9.0,374.61,31.3,117.25
ORD-001480,2024-12-07,CUST-01679,Mia Chen,18,Male,Europe,Netherlands,Electronics,iPad Pro 11-inch,2,900.74,2.0,1765.45,15.2,268.35
ORD-001481,2024-12-07,CUST-01113,David Anderson,47,Male,Europe,France,Electronics,USB-C Hub 7-in-1,2,65.29,16.0,109.69,19.8,21.72
ORD-001482,2024-12-07,CUST-01348,Barbara White,28,Male,Middle East,UAE,Beauty & Personal Care,Olaplex No.3 Hair Perfector,4,36.62,10.0,131.83,48.7,64.2
ORD-001483,2024-12-07,CUST-01626,Olivia Wang,18,Female,Latin America,Argentina,Beauty & Personal Care,Bioderma Micellar Water 500ml,5,12.02,24.0,45.68,37.9,17.31
ORD-001484,2024-12-07,CUST-01604,Hana Roberts,54,Male,Latin America,Colombia,Beauty & Personal Care,Philips Norelco Shaver,4,123.06,0.0,492.24,53.0,260.89
ORD-001485,2024-12-08,CUST-00390,Ana Patel,53,Female,Latin America,Colombia,Clothing,Levi's 501 Jeans,2,65.74,30.0,92.04,34.3,31.57
ORD-001486,2024-12-08,CUST-00501,Olivia Roberts,27,Male,Middle East,Saudi Arabia,Clothing,Tommy Hilfiger Polo Shirt,4,77.32,15.0,262.89,46.9,123.3
ORD-001487,2024-12-08,CUST-00908,Isabella Wilson,35,Male,Asia Pacific,South Korea,Clothing,Adidas Ultraboost Shoes,4,149.56,0.0,598.24,40.1,239.89
ORD-001488,2024-12-08,CUST-01411,Aiden Roberts,29,Female,Latin America,Colombia,Clothing,Under Armour Sports Bra,4,47.21,0.0,188.84,52.6,99.33
ORD-001489,2024-12-09,CUST-00131,Amelia Garcia,46,Male,Asia Pacific,India,Sports & Outdoors,Garmin GPS Running Watch,3,323.51,0.0,970.53,18.2,176.64
ORD-001490,2024-12-09,CUST-00305,Mia Fernandez,28,Female,Europe,France,Electronics,Sony PlayStation 5,2,557.51,22.0,869.72,12.8,111.32
ORD-001491,2024-12-09,CUST-00058,Sophia Wilson,31,Female,Asia Pacific,Australia,Clothing,Puma Running Shorts,1,30.49,11.0,27.14,37.4,10.15
ORD-001492,2024-12-09,CUST-01125,Priya Walker,27,Male,Asia Pacific,Japan,Beauty & Personal Care,Charlotte Tilbury Lipstick,5,30.72,11.0,136.7,38.3,52.36
ORD-001493,2024-12-09,CUST-01316,Mason Chen,40,Female,North America,Canada,Home & Kitchen,Philips Hue Smart Bulb Set,3,58.08,0.0,174.24,21.5,37.46
ORD-001494,2024-12-09,CUST-00639,Thomas Thomas,45,Female,North America,Mexico,Electronics,Bose SoundLink Speaker,1,206.13,33.0,138.11,17.5,24.17
ORD-001495,2024-12-09,CUST-01323,Ethan Khan,43,Female,Latin America,Colombia,Home & Kitchen,Air Purifier HEPA,2,147.05,12.0,258.81,27.1,70.14
ORD-001496,2024-12-09,CUST-01773,Laila Hill,26,Male,North America,Canada,Home & Kitchen,Bamboo Cutting Board Set,1,35.65,35.0,23.17,23.8,5.51
ORD-001497,2024-12-09,CUST-01113,David Anderson,47,Male,Europe,France,Sports & Outdoors,Coleman 4-Person Camping Tent,2,107.45,5.0,204.16,24.3,49.61
ORD-001498,2024-12-10,CUST-00671,Chen Hall,46,Male,Latin America,Brazil,Clothing,Uniqlo Down Jacket,2,115.69,26.0,171.22,54.4,93.14
ORD-001499,2024-12-10,CUST-00114,William Green,43,Female,North America,USA,Electronics,Canon EOS R50 Camera,1,680.43,8.0,626.0,17.9,112.05
ORD-001500,2024-12-10,CUST-00872,Muhammad Jackson,57,Male,North America,Canada,Clothing,Puma Running Shorts,1,38.82,0.0,38.82,36.7,14.25
ORD-001501,2024-12-10,CUST-00511,Karen Nelson,65,Female,Europe,France,Sports & Outdoors,Spalding NBA Basketball,2,36.43,32.0,49.54,36.9,18.28
ORD-001502,2024-12-10,CUST-00380,Thomas Dupont,48,Male,North America,Canada,Beauty & Personal Care,Moroccanoil Hair Oil,3,42.52,0.0,127.56,45.4,57.91
ORD-001503,2024-12-10,CUST-01747,Laila Torres,47,Female,Middle East,Saudi Arabia,Electronics,Apple MacBook Air M2,2,1002.6,24.0,1523.95,15.7,239.26
ORD-001504,2024-12-10,CUST-01549,Mary King,53,Male,Europe,Spain,Clothing,Zara Wool Coat,4,145.77,45.0,320.69,39.1,125.39
ORD-001505,2024-12-10,CUST-00755,David Jones,27,Female,Middle East,Qatar,Clothing,Levi's 501 Jeans,1,63.82,0.0,63.82,49.0,31.27
ORD-001506,2024-12-11,CUST-00243,Isabella Flores,36,Male,Latin America,Colombia,Clothing,Calvin Klein Underwear Set,3,36.86,3.0,107.26,51.8,55.56
ORD-001507,2024-12-11,CUST-01645,Robert Khan,43,Male,Latin America,Colombia,Beauty & Personal Care,Charlotte Tilbury Lipstick,5,33.01,5.0,156.8,42.5,66.64
ORD-001508,2024-12-11,CUST-00624,Yuki Müller,40,Female,Europe,Spain,Electronics,Dell XPS 15 Laptop,2,1467.91,12.0,2583.52,16.6,428.86
ORD-001509,2024-12-11,CUST-01272,Yuki Young,43,Male,Europe,Germany,Sports & Outdoors,Yoga Mat Premium Non-Slip,2,62.38,28.0,89.83,27.9,25.06
ORD-001510,2024-12-11,CUST-01146,Amelia Johnson,32,Female,North America,USA,Beauty & Personal Care,La Mer Moisturizing Cream,5,317.0,0.0,1585.0,52.8,836.88
ORD-001511,2024-12-11,CUST-00184,Richard Müller,32,Female,Middle East,Saudi Arabia,Sports & Outdoors,Foam Roller Set,2,27.09,20.0,43.34,23.5,10.18
ORD-001512,2024-12-11,CUST-00519,Emma Scott,51,Male,Middle East,Qatar,Electronics,USB-C Hub 7-in-1,1,65.12,2.0,63.82,12.1,7.72
ORD-001513,2024-12-11,CUST-01403,Wei Chen,18,Female,Asia Pacific,Australia,Beauty & Personal Care,Charlotte Tilbury Lipstick,1,32.37,0.0,32.37,45.0,14.57
ORD-001514,2024-12-11,CUST-01387,Ravi Hall,25,Male,Europe,Italy,Electronics,Apple Watch Series 9,2,445.33,16.0,748.15,15.7,117.46
ORD-001515,2024-12-11,CUST-00623,James Nguyen,34,Male,Latin America,Brazil,Electronics,Apple MacBook Air M2,2,1203.08,14.0,2069.3,10.7,221.42
ORD-001516,2024-12-11,CUST-00160,Karen Anderson,22,Male,Europe,Netherlands,Sports & Outdoors,Garmin GPS Running Watch,1,297.77,30.0,208.44,23.1,48.15
ORD-001517,2024-12-11,CUST-00421,Hana Thompson,37,Female,Asia Pacific,Australia,Electronics,Kindle Paperwhite,1,152.64,0.0,152.64,12.3,18.77
ORD-001518,2024-12-11,CUST-00798,Ravi Singh,26,Male,Middle East,UAE,Beauty & Personal Care,The Ordinary Serum Set,3,27.24,23.0,62.92,56.2,35.36
ORD-001519,2024-12-12,CUST-01509,Olivia Singh,26,Male,Asia Pacific,South Korea,Electronics,iPad Pro 11-inch,1,1015.28,27.0,741.15,9.9,73.37
ORD-001520,2024-12-12,CUST-01718,Fatima Johnson,32,Female,Europe,Italy,Clothing,Nike Air Max 270,3,146.29,47.0,232.6,48.1,111.88
ORD-001521,2024-12-12,CUST-01144,Fatima Mitchell,25,Female,Latin America,Colombia,Clothing,Zara Wool Coat,4,187.37,40.0,449.69,48.3,217.2
ORD-001522,2024-12-12,CUST-01747,Laila Torres,47,Female,Middle East,Saudi Arabia,Clothing,Under Armour Sports Bra,2,42.45,30.0,59.43,49.3,29.3
ORD-001523,2024-12-12,CUST-01768,Thomas Miller,40,Male,Middle East,UAE,Electronics,iPhone 15 Pro,2,1056.54,20.0,1690.46,14.4,243.43
ORD-001524,2024-12-12,CUST-01215,Rafael Flores,18,Male,Europe,Spain,Electronics,Ring Video Doorbell,2,157.33,26.0,232.85,18.0,41.91
ORD-001525,2024-12-12,CUST-01554,Ana Brown,21,Male,Latin America,Colombia,Electronics,GoPro Hero 12,1,381.29,20.0,305.03,17.8,54.3
ORD-001526,2024-12-12,CUST-00879,Mason Taylor,29,Male,Europe,Spain,Home & Kitchen,Bamboo Cutting Board Set,2,46.98,32.0,63.89,33.8,21.59
ORD-001527,2024-12-13,CUST-00700,Sofia Hill,49,Male,North America,Canada,Electronics,GoPro Hero 12,2,417.64,0.0,835.28,11.8,98.56
ORD-001528,2024-12-13,CUST-00262,Ethan Young,33,Female,Middle East,Saudi Arabia,Sports & Outdoors,Speedo Swim Goggles,1,27.53,41.0,16.24,34.1,5.54
ORD-001529,2024-12-13,CUST-00357,William Fernandez,38,Female,Middle East,Saudi Arabia,Home & Kitchen,IKEA KALLAX Shelf Unit,1,170.76,22.0,133.19,20.6,27.44
ORD-001530,2024-12-13,CUST-01000,Susan Jackson,37,Female,North America,Mexico,Electronics,GoPro Hero 12,1,401.59,0.0,401.59,12.8,51.4
ORD-001531,2024-12-13,CUST-00189,Ethan Kim,38,Male,North America,Mexico,Beauty & Personal Care,Bioderma Micellar Water 500ml,3,12.33,0.0,36.99,35.5,13.13
ORD-001532,2024-12-13,CUST-00647,Jessica Thomas,45,Female,Middle East,UAE,Clothing,H&M Cotton T-Shirt Pack,4,32.88,0.0,131.52,34.2,44.98
ORD-001533,2024-12-13,CUST-00969,Robert Garcia,22,Female,Middle East,Qatar,Electronics,Apple Watch Series 9,2,493.98,0.0,987.96,13.7,135.35
ORD-001534,2024-12-13,CUST-00674,Mason Smith,18,Female,North America,Mexico,Home & Kitchen,Bamboo Cutting Board Set,3,40.26,27.0,88.17,22.4,19.75
ORD-001535,2024-12-13,CUST-01573,Layla Mitchell,34,Male,Asia Pacific,Singapore,Electronics,Canon EOS R50 Camera,1,681.12,35.0,442.73,8.9,39.4
ORD-001536,2024-12-13,CUST-00466,Jessica Allen,31,Female,Latin America,Brazil,Clothing,Gucci Belt,4,411.02,0.0,1644.08,46.0,756.28
ORD-001537,2024-12-13,CUST-00812,Wei Schmidt,60,Male,Europe,Germany,Beauty & Personal Care,Neutrogena SPF 50 Sunscreen,1,18.2,20.0,14.56,49.3,7.18
ORD-001538,2024-12-13,CUST-01587,Thomas Khan,34,Female,Latin America,Argentina,Clothing,Tommy Hilfiger Polo Shirt,1,58.46,5.0,55.54,47.1,26.16
ORD-001539,2024-12-13,CUST-00818,Sofia Thompson,24,Female,Asia Pacific,Australia,Beauty & Personal Care,Charlotte Tilbury Lipstick,1,31.4,3.0,30.46,56.6,17.24
ORD-001540,2024-12-14,CUST-01726,Yuki Walker,24,Female,Asia Pacific,South Korea,Electronics,Samsung Galaxy S24,1,942.09,0.0,942.09,19.5,183.71
ORD-001541,2024-12-14,CUST-01061,Linda Singh,33,Male,Middle East,Saudi Arabia,Clothing,Gucci Belt,3,425.94,0.0,1277.82,30.9,394.85
ORD-001542,2024-12-14,CUST-00052,Laila Hall,28,Male,Europe,UK,Clothing,Gucci Belt,2,345.74,0.0,691.48,42.3,292.5
ORD-001543,2024-12-14,CUST-01082,Rafael Wilson,54,Female,Europe,France,Electronics,USB-C Hub 7-in-1,2,77.72,17.0,129.02,8.5,10.97
ORD-001544,2024-12-14,CUST-01554,Ana Brown,21,Male,Latin America,Colombia,Electronics,"LG OLED 55"" TV",1,1323.57,16.0,1111.8,14.4,160.1
ORD-001545,2024-12-14,CUST-00361,William Wang,25,Female,Asia Pacific,Australia,Home & Kitchen,Dyson V15 Vacuum,1,640.11,0.0,640.11,23.2,148.51
ORD-001546,2024-12-14,CUST-00484,Lucas Müller,37,Male,Latin America,Argentina,Home & Kitchen,Roomba i7+ Robot Vacuum,3,729.01,29.0,1552.79,33.1,513.97
ORD-001547,2024-12-14,CUST-00384,William Miller,35,Male,Latin America,Colombia,Clothing,Under Armour Sports Bra,4,43.14,34.0,113.89,48.5,55.24
ORD-001548,2024-12-14,CUST-00168,Olivia Nguyen,30,Female,Middle East,UAE,Home & Kitchen,IKEA KALLAX Shelf Unit,3,158.64,0.0,475.92,24.5,116.6
ORD-001549,2024-12-14,CUST-00134,Charlotte Thompson,32,Female,Middle East,UAE,Sports & Outdoors,Wilson Tennis Racket Pro,2,179.4,33.0,240.4,36.4,87.51
ORD-001550,2024-12-14,CUST-01316,Mason Chen,40,Female,North America,Canada,Sports & Outdoors,Camping Sleeping Bag -10°C,1,100.81,33.0,67.54,32.3,21.82
ORD-001551,2024-12-14,CUST-01464,Linda Taylor,32,Male,Asia Pacific,South Korea,Home & Kitchen,French Press Coffee Maker,2,30.3,22.0,47.27,37.1,17.54
ORD-001552,2024-12-14,CUST-01446,Riley Garcia,39,Female,Latin America,Brazil,Clothing,Adidas Ultraboost Shoes,3,170.48,11.0,455.18,36.6,166.6
ORD-001553,2024-12-14,CUST-00063,Rafael Roberts,33,Male,Latin America,Colombia,Electronics,iPad Pro 11-inch,1,986.94,31.0,680.99,8.0,54.48
ORD-001554,2024-12-15,CUST-00459,Susan Santos,22,Female,Europe,France,Electronics,Canon EOS R50 Camera,2,730.66,29.0,1037.54,17.3,179.49
ORD-001555,2024-12-15,CUST-01316,Mason Chen,40,Female,North America,Canada,Clothing,H&M Cotton T-Shirt Pack,4,30.34,0.0,121.36,33.5,40.66
ORD-001556,2024-12-15,CUST-00763,Ethan Flores,32,Male,North America,USA,Electronics,GoPro Hero 12,1,418.79,0.0,418.79,18.1,75.8
ORD-001557,2024-12-15,CUST-01205,Sofia Wang,43,Male,Europe,Italy,Clothing,Zara Wool Coat,2,139.36,48.0,144.93,47.1,68.26
ORD-001558,2024-12-15,CUST-01690,Ana Jones,42,Female,Europe,Spain,Beauty & Personal Care,Philips Norelco Shaver,3,126.74,39.0,231.93,55.3,128.26
ORD-001559,2024-12-15,CUST-00325,William Williams,36,Female,North America,Mexico,Beauty & Personal Care,Dyson Airwrap Styler,4,563.1,3.0,2184.83,39.2,856.45
ORD-001560,2024-12-16,CUST-00274,Sophia Walker,37,Male,Latin America,Argentina,Clothing,Nike Air Max 270,2,116.44,0.0,232.88,54.5,126.92
ORD-001561,2024-12-16,CUST-01649,Ethan Young,32,Female,North America,Canada,Home & Kitchen,LED Desk Lamp with USB,1,41.01,0.0,41.01,28.9,11.85
ORD-001562,2024-12-16,CUST-01701,Isabella Scott,33,Female,Middle East,UAE,Sports & Outdoors,Resistance Bands Set,1,21.25,37.0,13.39,35.4,4.74
ORD-001563,2024-12-16,CUST-01235,Yuki Green,32,Male,Asia Pacific,Singapore,Beauty & Personal Care,Bioderma Micellar Water 500ml,3,15.02,0.0,45.06,43.3,19.51
ORD-001564,2024-12-16,CUST-00045,Muhammad Flores,34,Male,Europe,Germany,Beauty & Personal Care,The Ordinary Serum Set,1,22.57,0.0,22.57,46.3,10.45
ORD-001565,2024-12-16,CUST-01150,Amelia Walker,19,Female,Europe,France,Electronics,"LG OLED 55"" TV",2,1570.13,0.0,3140.26,19.9,624.91
ORD-001566,2024-12-16,CUST-00107,Jessica Nguyen,35,Male,Middle East,Saudi Arabia,Sports & Outdoors,Bowflex SelectTech Dumbbells,2,340.76,37.0,429.36,26.6,114.21
ORD-001567,2024-12-17,CUST-01017,Ahmed Green,29,Female,Latin America,Argentina,Home & Kitchen,Nespresso Vertuo Coffee Machine,1,195.7,13.0,170.26,28.9,49.21
ORD-001568,2024-12-17,CUST-01565,Jennifer Allen,28,Male,North America,Mexico,Clothing,Ray-Ban Aviator Sunglasses,4,173.12,41.0,408.56,35.5,145.04
ORD-001569,2024-12-17,CUST-00202,Mia Walker,28,Female,Middle East,Qatar,Sports & Outdoors,Coleman 4-Person Camping Tent,2,107.42,0.0,214.84,32.5,69.82
ORD-001570,2024-12-17,CUST-01748,Thomas Davis,42,Male,Middle East,UAE,Beauty & Personal Care,Foreo LUNA Face Massager,1,96.25,0.0,96.25,51.9,49.95
ORD-001571,2024-12-17,CUST-01395,Robert Wright,40,Male,North America,Mexico,Electronics,Kindle Paperwhite,1,118.36,29.0,84.04,17.7,14.88
ORD-001572,2024-12-17,CUST-00564,Ana Lee,26,Female,Latin America,Brazil,Clothing,Gucci Belt,4,317.19,32.0,862.76,35.6,307.14
ORD-001573,2024-12-17,CUST-00427,Thomas Kim,47,Male,Asia Pacific,South Korea,Electronics,Apple Watch Series 9,1,447.35,21.0,353.41,8.9,31.45
ORD-001574,2024-12-17,CUST-01186,Mason Mitchell,52,Male,North America,USA,Electronics,Apple Watch Series 9,2,500.83,23.0,771.28,10.8,83.3
ORD-001575,2024-12-18,CUST-00097,Ravi Fernandez,57,Male,Europe,Netherlands,Sports & Outdoors,Resistance Bands Set,1,33.06,43.0,18.84,34.3,6.46
ORD-001576,2024-12-18,CUST-00949,Aiden Mitchell,37,Female,North America,Mexico,Home & Kitchen,Weighted Blanket 15lbs,1,90.47,31.0,62.42,21.7,13.55
ORD-001577,2024-12-18,CUST-00155,Fatima Jones,50,Male,Europe,Germany,Sports & Outdoors,TRX Suspension Trainer,1,161.87,0.0,161.87,36.6,59.24
ORD-001578,2024-12-18,CUST-01168,Ravi Santos,25,Male,Asia Pacific,Australia,Home & Kitchen,IKEA KALLAX Shelf Unit,1,197.62,0.0,197.62,24.0,47.43
ORD-001579,2024-12-18,CUST-00037,Zara Roberts,24,Male,North America,Canada,Sports & Outdoors,Fitbit Charge 6,3,158.35,0.0,475.05,37.9,180.04
ORD-001580,2024-12-18,CUST-01549,Mary King,53,Male,Europe,Spain,Home & Kitchen,Cuisinart 12-Piece Cookware Set,1,250.64,0.0,250.64,22.9,57.4
ORD-001581,2024-12-18,CUST-00589,Jessica Garcia,50,Female,Middle East,Qatar,Beauty & Personal Care,Fenty Beauty Foundation,4,36.14,0.0,144.56,55.0,79.51
ORD-001582,2024-12-18,CUST-01707,Hana Jones,49,Female,Middle East,UAE,Clothing,H&M Cotton T-Shirt Pack,3,23.13,7.0,64.53,46.0,29.68
ORD-001583,2024-12-18,CUST-01053,Emma Baker,36,Male,North America,Canada,Electronics,Bose SoundLink Speaker,2,164.57,0.0,329.14,16.6,54.64
ORD-001584,2024-12-18,CUST-00085,Robert Singh,44,Female,Europe,France,Home & Kitchen,Bamboo Cutting Board Set,3,44.15,0.0,132.45,34.2,45.3
ORD-001585,2024-12-19,CUST-00623,James Nguyen,34,Male,Latin America,Brazil,Electronics,iPad Pro 11-inch,1,905.9,16.0,760.96,18.9,143.82
ORD-001586,2024-12-19,CUST-00093,Jennifer Santos,26,Female,North America,Canada,Electronics,USB-C Hub 7-in-1,1,74.75,0.0,74.75,17.2,12.86
ORD-001587,2024-12-19,CUST-00216,Harry Wang,39,Female,Asia Pacific,South Korea,Sports & Outdoors,Camping Sleeping Bag -10°C,1,101.58,0.0,101.58,23.1,23.46
ORD-001588,2024-12-19,CUST-00828,William Taylor,43,Female,Asia Pacific,South Korea,Electronics,GoPro Hero 12,2,457.29,17.0,759.1,12.1,91.85
ORD-001589,2024-12-19,CUST-01036,Michael Taylor,36,Female,Asia Pacific,Singapore,Electronics,Canon EOS R50 Camera,2,668.13,12.0,1175.91,17.2,202.26
ORD-001590,2024-12-19,CUST-00829,Mia Schmidt,37,Female,Asia Pacific,Japan,Clothing,Zara Wool Coat,4,131.93,0.0,527.72,39.3,207.39
ORD-001591,2024-12-19,CUST-00579,Thomas Garcia,22,Female,Asia Pacific,Japan,Home & Kitchen,French Press Coffee Maker,3,35.45,28.0,76.57,36.7,28.1
ORD-001592,2024-12-19,CUST-00798,Ravi Singh,26,Male,Middle East,UAE,Electronics,iPhone 15 Pro,2,1044.0,26.0,1545.12,19.5,301.3
ORD-001593,2024-12-19,CUST-00782,Priya King,41,Female,Middle East,UAE,Clothing,Calvin Klein Underwear Set,3,35.11,0.0,105.33,43.6,45.92
ORD-001594,2024-12-19,CUST-01134,Richard Smith,47,Female,Latin America,Brazil,Electronics,Sony WH-1000XM5 Headphones,1,281.25,0.0,281.25,15.3,43.03
ORD-001595,2024-12-19,CUST-00395,Barbara Ali,46,Female,Latin America,Colombia,Home & Kitchen,French Press Coffee Maker,2,44.57,11.0,79.33,39.1,31.02
ORD-001596,2024-12-20,CUST-00233,Susan Thompson,49,Male,Latin America,Argentina,Sports & Outdoors,Resistance Bands Set,3,22.17,0.0,66.51,25.3,16.83
ORD-001597,2024-12-20,CUST-00867,Ali Patel,21,Male,Asia Pacific,South Korea,Electronics,Samsung Galaxy S24,2,964.08,4.0,1851.03,11.1,205.46
ORD-001598,2024-12-20,CUST-00294,William Ahmed,32,Female,Asia Pacific,India,Electronics,Canon EOS R50 Camera,1,734.86,0.0,734.86,17.3,127.13
ORD-001599,2024-12-20,CUST-01077,John Martin,41,Male,Latin America,Colombia,Beauty & Personal Care,Bath & Body Works Candle Set,1,42.57,33.0,28.52,47.7,13.6
ORD-001600,2024-12-20,CUST-00260,Patricia Anderson,34,Male,Latin America,Colombia,Home & Kitchen,LED Desk Lamp with USB,3,36.22,28.0,78.24,33.5,26.21
ORD-001601,2024-12-20,CUST-00993,Wei Flores,46,Female,Asia Pacific,Japan,Electronics,GoPro Hero 12,2,370.13,33.0,495.97,12.6,62.49
ORD-001602,2024-12-20,CUST-00319,Ana Anderson,41,Male,Latin America,Brazil,Home & Kitchen,IKEA KALLAX Shelf Unit,1,147.39,4.0,141.49,29.0,41.03
ORD-001603,2024-12-20,CUST-01551,Linda Chen,35,Female,North America,Canada,Electronics,Kindle Paperwhite,1,140.92,1.0,139.51,17.6,24.55
ORD-001604,2024-12-20,CUST-01761,Lucas Miller,40,Female,Europe,UK,Beauty & Personal Care,Philips Norelco Shaver,5,116.55,34.0,384.61,41.5,159.61
ORD-001605,2024-12-20,CUST-00001,Sarah Harris,40,Female,North America,USA,Electronics,Kindle Paperwhite,2,134.8,0.0,269.6,16.3,43.94
ORD-001606,2024-12-20,CUST-01679,Mia Chen,18,Male,Europe,Netherlands,Electronics,"LG OLED 55"" TV",2,1371.73,20.0,2194.77,19.6,430.17
ORD-001607,2024-12-20,CUST-00502,Jennifer Fernandez,30,Female,Middle East,UAE,Home & Kitchen,Weighted Blanket 15lbs,2,66.07,7.0,122.89,28.3,34.78
ORD-001608,2024-12-21,CUST-00644,Charlotte Wilson,22,Female,North America,USA,Beauty & Personal Care,Philips Norelco Shaver,1,80.2,5.0,76.19,48.1,36.65
ORD-001609,2024-12-21,CUST-00063,Rafael Roberts,33,Male,Latin America,Colombia,Home & Kitchen,Instant Pot Duo 7-in-1,1,77.27,8.0,71.09,30.8,21.9
ORD-001610,2024-12-21,CUST-00441,Muhammad Brown,28,Male,Middle East,Saudi Arabia,Home & Kitchen,Philips Hue Smart Bulb Set,3,85.59,0.0,256.77,34.5,88.59
ORD-001611,2024-12-21,CUST-01261,Amelia Khan,43,Male,North America,Canada,Sports & Outdoors,Yoga Mat Premium Non-Slip,1,31.84,0.0,31.84,19.4,6.18
ORD-001612,2024-12-21,CUST-00707,John Thomas,28,Female,Middle East,Qatar,Beauty & Personal Care,Philips Norelco Shaver,5,85.57,38.0,265.27,40.1,106.37
ORD-001613,2024-12-21,CUST-00807,Ahmed Wilson,46,Male,Latin America,Brazil,Sports & Outdoors,Spalding NBA Basketball,1,37.11,0.0,37.11,23.4,8.68
ORD-001614,2024-12-21,CUST-00425,Sarah Smith,37,Female,Europe,Italy,Clothing,Under Armour Sports Bra,1,36.98,42.0,21.45,47.0,10.08
ORD-001615,2024-12-21,CUST-01565,Jennifer Allen,28,Male,North America,Mexico,Electronics,Sony PlayStation 5,2,520.77,34.0,687.42,15.9,109.3
ORD-001616,2024-12-21,CUST-00176,Jennifer Harris,45,Female,Latin America,Brazil,Clothing,North Face Fleece Jacket,3,130.33,35.0,254.14,39.8,101.15
ORD-001617,2024-12-21,CUST-01330,Thomas Wright,40,Female,Latin America,Brazil,Home & Kitchen,LED Desk Lamp with USB,2,53.96,11.0,96.05,26.5,25.45
ORD-001618,2024-12-21,CUST-00097,Ravi Fernandez,57,Male,Europe,Netherlands,Home & Kitchen,Instant Pot Duo 7-in-1,3,106.18,0.0,318.54,24.8,79.0
ORD-001619,2024-12-22,CUST-01667,Zara Lopez,36,Male,North America,USA,Clothing,Uniqlo Down Jacket,2,103.74,32.0,141.09,36.6,51.64
ORD-001620,2024-12-22,CUST-00250,Olivia Miller,56,Female,North America,Canada,Home & Kitchen,French Press Coffee Maker,2,35.7,0.0,71.4,32.0,22.85
ORD-001621,2024-12-22,CUST-01670,Zara Hill,44,Female,North America,USA,Clothing,Timberland Boots,1,174.38,7.0,162.17,40.2,65.19
ORD-001622,2024-12-22,CUST-00181,Harry Smith,34,Female,Asia Pacific,South Korea,Electronics,Kindle Paperwhite,2,132.4,0.0,264.8,13.6,36.01
ORD-001623,2024-12-22,CUST-00821,Sarah Baker,32,Female,Latin America,Brazil,Clothing,Converse Chuck Taylor All Star,4,56.22,46.0,121.44,45.4,55.13
ORD-001624,2024-12-22,CUST-00659,Ana Müller,49,Male,Asia Pacific,India,Sports & Outdoors,Bowflex SelectTech Dumbbells,3,337.94,0.0,1013.82,19.4,196.68
ORD-001625,2024-12-22,CUST-01613,Sofia Taylor,26,Female,Europe,France,Beauty & Personal Care,La Mer Moisturizing Cream,3,261.31,21.0,619.3,48.4,299.74
ORD-001626,2024-12-22,CUST-01108,Zara Schmidt,34,Female,North America,USA,Clothing,Ray-Ban Aviator Sunglasses,2,146.72,28.0,211.28,49.5,104.58
ORD-001627,2024-12-22,CUST-00403,Lisa Fernandez,30,Male,Latin America,Argentina,Beauty & Personal Care,Oral-B Electric Toothbrush Pro,4,94.15,39.0,229.73,55.7,127.96
ORD-001628,2024-12-22,CUST-01759,James Allen,47,Male,North America,Canada,Home & Kitchen,French Press Coffee Maker,1,25.34,0.0,25.34,38.1,9.65
ORD-001629,2024-12-23,CUST-00189,Ethan Kim,38,Male,North America,Mexico,Clothing,Adidas Ultraboost Shoes,3,180.38,34.0,357.15,46.4,165.72
ORD-001630,2024-12-23,CUST-00053,Lucas Carter,45,Female,North America,Mexico,Home & Kitchen,IKEA KALLAX Shelf Unit,3,157.96,35.0,308.02,28.4,87.48
ORD-001631,2024-12-23,CUST-00500,Mary Wang,56,Female,Latin America,Argentina,Electronics,Sony PlayStation 5,1,549.53,0.0,549.53,12.1,66.49
ORD-001632,2024-12-23,CUST-00582,William Khan,41,Male,Europe,Italy,Home & Kitchen,Dyson V15 Vacuum,1,600.3,0.0,600.3,23.7,142.27
ORD-001633,2024-12-23,CUST-00952,Ava Khan,33,Male,North America,Mexico,Home & Kitchen,French Press Coffee Maker,1,30.66,0.0,30.66,39.5,12.11
ORD-001634,2024-12-23,CUST-01306,Isabella Santos,51,Female,Latin America,Brazil,Clothing,Ray-Ban Aviator Sunglasses,4,161.88,15.0,550.39,36.7,201.99
ORD-001635,2024-12-23,CUST-01549,Mary King,53,Male,Europe,Spain,Clothing,Ray-Ban Aviator Sunglasses,4,181.37,45.0,399.01,50.9,203.1
ORD-001636,2024-12-24,CUST-00308,Charles Garcia,44,Male,Latin America,Brazil,Home & Kitchen,Cuisinart 12-Piece Cookware Set,1,205.52,21.0,162.36,26.7,43.35
ORD-001637,2024-12-24,CUST-00346,Linda Johnson,29,Male,Asia Pacific,India,Electronics,Bose SoundLink Speaker,1,206.03,24.0,156.58,8.4,13.15
ORD-001638,2024-12-24,CUST-01316,Mason Chen,40,Female,North America,Canada,Home & Kitchen,Philips Hue Smart Bulb Set,2,59.83,27.0,87.35,30.1,26.29
ORD-001639,2024-12-24,CUST-00616,Sarah Nguyen,49,Female,Middle East,UAE,Sports & Outdoors,Camping Sleeping Bag -10°C,1,110.24,0.0,110.24,18.3,20.17
ORD-001640,2024-12-24,CUST-01366,William Carter,44,Male,Asia Pacific,Australia,Sports & Outdoors,Trek FX3 Bicycle,1,781.97,0.0,781.97,33.5,261.96
ORD-001641,2024-12-24,CUST-01088,Susan Hall,36,Male,Asia Pacific,Japan,Clothing,Uniqlo Down Jacket,4,120.69,48.0,251.04,39.0,97.91
ORD-001642,2024-12-24,CUST-00646,Riley Johnson,57,Female,Latin America,Argentina,Clothing,Zara Wool Coat,3,150.92,44.0,253.55,39.0,98.88
ORD-001643,2024-12-25,CUST-00941,Jessica Patel,35,Female,Middle East,Saudi Arabia,Sports & Outdoors,Wilson Tennis Racket Pro,3,178.11,7.0,496.93,26.0,129.2
ORD-001644,2024-12-25,CUST-00689,Jennifer Adams,18,Female,Europe,Germany,Beauty & Personal Care,Philips Norelco Shaver,1,109.02,0.0,109.02,43.6,47.53
ORD-001645,2024-12-25,CUST-01439,Sarah Martinez,64,Male,Europe,Germany,Electronics,Apple Watch Series 9,1,440.33,0.0,440.33,15.5,68.25
ORD-001646,2024-12-25,CUST-00322,Ava Adams,32,Male,Latin America,Colombia,Clothing,Ray-Ban Aviator Sunglasses,3,144.08,0.0,432.24,30.2,130.54
ORD-001647,2024-12-25,CUST-00974,Michael Miller,48,Female,Europe,Germany,Sports & Outdoors,TRX Suspension Trainer,2,181.6,17.0,301.46,33.3,100.39
ORD-001648,2024-12-25,CUST-00622,Priya Fernandez,48,Female,Middle East,Saudi Arabia,Clothing,Calvin Klein Underwear Set,1,40.39,26.0,29.89,44.8,13.39
ORD-001649,2024-12-25,CUST-00757,Sofia Wilson,35,Female,Latin America,Argentina,Home & Kitchen,Nespresso Vertuo Coffee Machine,2,190.65,14.0,327.92,31.3,102.64
ORD-001650,2024-12-25,CUST-00817,Rafael Brown,30,Male,Middle East,UAE,Electronics,Kindle Paperwhite,1,120.26,0.0,120.26,19.2,23.09
ORD-001651,2024-12-25,CUST-01792,Robert Allen,41,Female,Middle East,Qatar,Electronics,Samsung Galaxy S24,2,995.07,3.0,1930.44,8.1,156.37
ORD-001652,2024-12-25,CUST-01685,Ahmed Thomas,43,Female,Europe,Germany,Electronics,Sony PlayStation 5,2,547.32,0.0,1094.64,17.8,194.85
ORD-001653,2024-12-26,CUST-01186,Mason Mitchell,52,Male,North America,USA,Clothing,Puma Running Shorts,1,30.65,26.0,22.68,45.1,10.23
ORD-001654,2024-12-26,CUST-00998,Noah Green,48,Female,Middle East,Saudi Arabia,Clothing,H&M Cotton T-Shirt Pack,3,22.38,50.0,33.57,35.1,11.78
ORD-001655,2024-12-26,CUST-01143,Amelia Carter,18,Male,Middle East,Qatar,Home & Kitchen,LED Desk Lamp with USB,3,42.3,8.0,116.75,30.1,35.14
ORD-001656,2024-12-26,CUST-00648,John Chen,40,Male,Asia Pacific,Singapore,Electronics,Apple Watch Series 9,2,482.21,14.0,829.4,19.6,162.56
ORD-001657,2024-12-26,CUST-00593,Laila Torres,27,Male,Asia Pacific,Australia,Clothing,Converse Chuck Taylor All Star,1,55.23,21.0,43.63,38.0,16.58
ORD-001658,2024-12-26,CUST-01725,Richard Adams,55,Female,North America,Mexico,Sports & Outdoors,Camping Sleeping Bag -10°C,3,114.39,0.0,343.17,33.8,115.99
ORD-001659,2024-12-26,CUST-00560,Mason Davis,43,Male,Asia Pacific,India,Beauty & Personal Care,Olaplex No.3 Hair Perfector,4,34.33,0.0,137.32,43.0,59.05
ORD-001660,2024-12-26,CUST-00364,Harry Johnson,28,Male,Latin America,Argentina,Sports & Outdoors,Hydro Flask 32oz Water Bottle,3,41.62,13.0,108.63,24.7,26.83
ORD-001661,2024-12-26,CUST-01316,Mason Chen,40,Female,North America,Canada,Clothing,Gucci Belt,3,442.66,44.0,743.67,32.4,240.95
ORD-001662,2024-12-26,CUST-01705,Isabella Nguyen,18,Female,Middle East,Saudi Arabia,Electronics,Bose SoundLink Speaker,1,148.97,8.0,137.05,17.4,23.85
ORD-001663,2024-12-27,CUST-00112,Amelia Green,40,Male,Middle East,Qatar,Home & Kitchen,Nespresso Vertuo Coffee Machine,1,184.29,0.0,184.29,24.7,45.52
ORD-001664,2024-12-27,CUST-00569,Robert Wang,44,Female,Middle East,Saudi Arabia,Sports & Outdoors,Hydro Flask 32oz Water Bottle,1,45.2,0.0,45.2,25.4,11.48
ORD-001665,2024-12-27,CUST-01657,Liam Brown,45,Male,North America,Canada,Home & Kitchen,Smart Thermostat Google Nest,2,135.95,0.0,271.9,22.0,59.82
ORD-001666,2024-12-27,CUST-00038,Robert Schmidt,31,Male,Latin America,Brazil,Clothing,Zara Wool Coat,2,185.12,46.0,199.93,37.1,74.17
ORD-001667,2024-12-27,CUST-00205,Ali Ali,18,Male,Middle East,Saudi Arabia,Electronics,USB-C Hub 7-in-1,1,53.43,0.0,53.43,9.2,4.92
ORD-001668,2024-12-27,CUST-01472,Jennifer Wright,37,Male,Latin America,Argentina,Electronics,Ring Video Doorbell,1,187.47,0.0,187.47,12.6,23.62
ORD-001669,2024-12-27,CUST-01581,Olivia Walker,34,Male,Latin America,Colombia,Sports & Outdoors,Foam Roller Set,2,33.76,0.0,67.52,22.2,14.99
ORD-001670,2024-12-27,CUST-01344,Noah Scott,53,Female,Europe,Netherlands,Home & Kitchen,Instant Pot Duo 7-in-1,3,90.57,38.0,168.46,24.9,41.95
ORD-001671,2024-12-27,CUST-01693,Muhammad Lee,39,Male,Latin America,Colombia,Clothing,H&M Cotton T-Shirt Pack,2,19.99,27.0,29.19,53.6,15.65
ORD-001672,2024-12-27,CUST-01622,Oliver Anderson,27,Male,Middle East,UAE,Electronics,Sony WH-1000XM5 Headphones,1,270.64,0.0,270.64,15.7,42.49
ORD-001673,2024-12-28,CUST-00847,Susan Lopez,25,Male,North America,USA,Sports & Outdoors,Coleman 4-Person Camping Tent,1,160.58,29.0,114.01,36.5,41.61
ORD-001674,2024-12-28,CUST-00336,Emma Miller,55,Female,Europe,Spain,Clothing,H&M Cotton T-Shirt Pack,3,31.59,8.0,87.19,31.3,27.29
ORD-001675,2024-12-28,CUST-01573,Layla Mitchell,34,Male,Asia Pacific,Singapore,Beauty & Personal Care,CeraVe Moisturizing Cream,3,24.36,0.0,73.08,46.8,34.2
ORD-001676,2024-12-28,CUST-01313,Emma King,31,Male,Europe,Netherlands,Beauty & Personal Care,Fenty Beauty Foundation,3,34.89,36.0,66.99,36.1,24.18
ORD-001677,2024-12-28,CUST-01761,Lucas Miller,40,Female,Europe,UK,Clothing,Levi's 501 Jeans,1,92.17,0.0,92.17,39.1,36.04
ORD-001678,2024-12-28,CUST-01372,Mary Rossi,39,Female,Europe,Netherlands,Home & Kitchen,Bamboo Cutting Board Set,3,31.27,0.0,93.81,25.4,23.83
ORD-001679,2024-12-28,CUST-01042,Layla Wilson,35,Male,North America,Canada,Home & Kitchen,Instant Pot Duo 7-in-1,3,108.19,0.0,324.57,26.7,86.66
ORD-001680,2024-12-28,CUST-01609,Riley Johnson,27,Male,Asia Pacific,Singapore,Beauty & Personal Care,Neutrogena SPF 50 Sunscreen,5,14.21,0.0,71.05,54.3,38.58
ORD-001681,2024-12-28,CUST-01476,Chen White,32,Male,Europe,Italy,Home & Kitchen,Weighted Blanket 15lbs,2,67.83,0.0,135.66,35.8,48.57
ORD-001682,2025-01-01,CUST-00007,Jennifer Scott,29,Male,Europe,France,Home & Kitchen,Instant Pot Duo 7-in-1,2,93.81,19.0,151.97,36.5,55.47
ORD-001683,2025-01-01,CUST-00402,Richard Martin,30,Female,Asia Pacific,South Korea,Sports & Outdoors,Camping Sleeping Bag -10°C,3,118.1,10.0,318.87,25.8,82.27
ORD-001684,2025-01-01,CUST-01605,Ali Carter,38,Male,Europe,Spain,Home & Kitchen,Ninja Air Fryer XL,2,114.5,0.0,229.0,29.1,66.64
ORD-001685,2025-01-01,CUST-00376,Riley Walker,18,Female,Middle East,Qatar,Clothing,North Face Fleece Jacket,3,145.93,15.0,372.12,49.1,182.71
ORD-001686,2025-01-01,CUST-00017,Sophia Young,27,Female,Europe,UK,Home & Kitchen,Smart Thermostat Google Nest,3,152.94,17.0,380.82,29.9,113.87
ORD-001687,2025-01-02,CUST-01364,Muhammad Hall,31,Male,North America,Mexico,Sports & Outdoors,TRX Suspension Trainer,1,210.54,0.0,210.54,18.8,39.58
ORD-001688,2025-01-02,CUST-01647,Carlos Ali,36,Male,Asia Pacific,Australia,Electronics,iPhone 15 Pro,1,1225.04,13.0,1065.78,18.2,193.97
ORD-001689,2025-01-02,CUST-00643,Harry Jones,48,Female,North America,Mexico,Clothing,Puma Running Shorts,4,32.99,10.0,118.76,32.0,38.0
ORD-001690,2025-01-02,CUST-01245,Aiden Hill,37,Female,Latin America,Colombia,Home & Kitchen,LED Desk Lamp with USB,3,36.27,0.0,108.81,21.0,22.85
ORD-001691,2025-01-02,CUST-00056,Wei Garcia,46,Male,Europe,Spain,Sports & Outdoors,Resistance Bands Set,1,30.64,0.0,30.64,29.1,8.92
ORD-001692,2025-01-02,CUST-00449,Wei Fernandez,42,Female,North America,Mexico,Home & Kitchen,Weighted Blanket 15lbs,1,111.11,3.0,107.78,25.8,27.81
ORD-001693,2025-01-02,CUST-01288,Susan Scott,38,Female,Europe,Spain,Clothing,Zara Wool Coat,2,168.16,0.0,336.32,36.0,121.08
ORD-001694,2025-01-02,CUST-00962,Aiden Wang,34,Female,North America,USA,Electronics,Sony PlayStation 5,1,616.57,0.0,616.57,10.3,63.51
ORD-001695,2025-01-02,CUST-00963,Thomas Wright,20,Female,Middle East,Qatar,Clothing,Ray-Ban Aviator Sunglasses,2,164.91,0.0,329.82,35.9,118.41
ORD-001696,2025-01-02,CUST-01364,Muhammad Hall,31,Male,North America,Mexico,Electronics,Kindle Paperwhite,1,167.27,12.0,147.2,15.2,22.37
ORD-001697,2025-01-02,CUST-01112,Fatima Scott,51,Female,Latin America,Brazil,Beauty & Personal Care,La Mer Moisturizing Cream,4,347.65,0.0,1390.6,42.0,584.05
ORD-001698,2025-01-02,CUST-01656,Amelia Thompson,46,Female,Latin America,Colombia,Sports & Outdoors,Resistance Bands Set,2,29.59,0.0,59.18,36.0,21.3
ORD-001699,2025-01-02,CUST-01177,Sarah Chen,36,Female,Middle East,Saudi Arabia,Home & Kitchen,Weighted Blanket 15lbs,2,114.29,7.0,212.58,27.5,58.46
ORD-001700,2025-01-02,CUST-01763,Joseph White,18,Male,Middle East,Saudi Arabia,Beauty & Personal Care,Dyson Airwrap Styler,4,621.26,0.0,2485.04,36.3,902.07
ORD-001701,2025-01-03,CUST-00087,Sophia Müller,18,Female,Asia Pacific,Singapore,Electronics,Ring Video Doorbell,2,138.39,15.0,235.26,16.7,39.29
ORD-001702,2025-01-03,CUST-01718,Fatima Johnson,32,Female,Europe,Italy,Clothing,Tommy Hilfiger Polo Shirt,1,84.6,28.0,60.91,49.5,30.15
ORD-001703,2025-01-03,CUST-00813,Lucas Mitchell,27,Male,Asia Pacific,Australia,Clothing,Ray-Ban Aviator Sunglasses,4,157.93,26.0,467.47,34.9,163.15
ORD-001704,2025-01-03,CUST-00165,Ravi Ali,23,Male,North America,USA,Sports & Outdoors,Yoga Mat Premium Non-Slip,3,64.8,0.0,194.4,23.6,45.88
ORD-001705,2025-01-04,CUST-00257,Laila Wang,54,Male,Middle East,UAE,Electronics,Sony WH-1000XM5 Headphones,1,328.78,0.0,328.78,16.6,54.58
ORD-001706,2025-01-04,CUST-00618,Charlotte Carter,18,Male,North America,USA,Electronics,Bose SoundLink Speaker,1,259.83,0.0,259.83,15.2,39.49
ORD-001707,2025-01-04,CUST-01439,Sarah Martinez,64,Male,Europe,Germany,Electronics,Sony WH-1000XM5 Headphones,2,334.5,13.0,582.03,8.5,49.47
ORD-001708,2025-01-04,CUST-01115,William Jackson,41,Male,Asia Pacific,Australia,Sports & Outdoors,Bowflex SelectTech Dumbbells,1,461.22,22.0,359.75,21.7,78.07
ORD-001709,2025-01-04,CUST-00527,Michael Fernandez,42,Male,Latin America,Colombia,Beauty & Personal Care,Fenty Beauty Foundation,1,55.03,16.0,46.23,49.2,22.75
ORD-001710,2025-01-04,CUST-00789,Emma Martin,26,Female,Europe,UK,Home & Kitchen,Nespresso Vertuo Coffee Machine,2,266.41,0.0,532.82,28.3,150.79
ORD-001711,2025-01-04,CUST-01447,Liam Khan,18,Female,Latin America,Brazil,Electronics,Kindle Paperwhite,2,152.84,0.0,305.68,12.2,37.29
ORD-001712,2025-01-04,CUST-00280,Yuki Hall,51,Female,Latin America,Argentina,Electronics,Dell XPS 15 Laptop,1,1606.42,0.0,1606.42,14.3,229.72
ORD-001713,2025-01-04,CUST-01010,David Nelson,18,Male,Asia Pacific,Japan,Home & Kitchen,Bamboo Cutting Board Set,3,43.37,19.0,105.39,20.4,21.5
ORD-001714,2025-01-04,CUST-00369,Aiden Green,33,Female,Europe,Italy,Electronics,iPhone 15 Pro,2,1296.86,6.0,2438.1,12.1,295.01
ORD-001715,2025-01-05,CUST-01593,Linda Wright,39,Male,Asia Pacific,Japan,Home & Kitchen,KitchenAid Stand Mixer,1,471.09,0.0,471.09,34.8,163.94
ORD-001716,2025-01-05,CUST-00802,Richard Davis,23,Male,North America,Canada,Home & Kitchen,Instant Pot Duo 7-in-1,2,88.86,1.0,175.94,28.7,50.49
ORD-001717,2025-01-05,CUST-01551,Linda Chen,35,Female,North America,Canada,Sports & Outdoors,Resistance Bands Set,2,41.46,0.0,82.92,32.4,26.87
ORD-001718,2025-01-05,CUST-00345,Layla Wright,35,Male,North America,Mexico,Sports & Outdoors,Yoga Mat Premium Non-Slip,3,66.51,0.0,199.53,25.3,50.48
ORD-001719,2025-01-06,CUST-00035,Ana Walker,47,Male,Europe,Spain,Home & Kitchen,Air Purifier HEPA,2,219.89,13.0,382.61,22.8,87.24
ORD-001720,2025-01-06,CUST-00816,Layla Miller,41,Male,Asia Pacific,Singapore,Sports & Outdoors,Foam Roller Set,1,49.0,3.0,47.53,31.7,15.07
ORD-001721,2025-01-06,CUST-01206,Liam Mitchell,43,Male,Latin America,Argentina,Sports & Outdoors,Speedo Swim Goggles,3,34.21,0.0,102.63,20.2,20.73
ORD-001722,2025-01-06,CUST-01398,Rafael Ahmed,35,Female,Middle East,Saudi Arabia,Home & Kitchen,Weighted Blanket 15lbs,3,103.65,13.0,270.53,39.6,107.13
ORD-001723,2025-01-06,CUST-00511,Karen Nelson,65,Female,Europe,France,Electronics,Apple Watch Series 9,1,514.88,15.0,437.65,17.9,78.34
ORD-001724,2025-01-06,CUST-00985,Aiden Mitchell,23,Female,Europe,France,Beauty & Personal Care,Tatcha Rice Wash Cleanser,4,49.52,0.0,198.08,40.0,79.23
ORD-001725,2025-01-06,CUST-00972,Ethan Taylor,37,Female,Latin America,Colombia,Sports & Outdoors,Yoga Mat Premium Non-Slip,2,76.46,23.0,117.75,21.1,24.85
ORD-001726,2025-01-06,CUST-01079,Olivia Wang,33,Female,North America,Canada,Clothing,H&M Cotton T-Shirt Pack,2,39.37,19.0,63.78,37.4,23.85
ORD-001727,2025-01-06,CUST-00598,James Thompson,40,Male,North America,Mexico,Electronics,USB-C Hub 7-in-1,1,49.6,6.0,46.62,18.7,8.72
ORD-001728,2025-01-06,CUST-00941,Jessica Patel,35,Female,Middle East,Saudi Arabia,Sports & Outdoors,Fitbit Charge 6,1,194.64,20.0,155.71,26.2,40.8
ORD-001729,2025-01-06,CUST-00239,Emma Ahmed,35,Male,Middle East,UAE,Electronics,Ring Video Doorbell,2,125.36,0.0,250.72,19.6,49.14
ORD-001730,2025-01-07,CUST-01757,Patricia Fernandez,39,Male,Middle East,UAE,Electronics,Sony WH-1000XM5 Headphones,2,308.84,0.0,617.68,13.3,82.15
ORD-001731,2025-01-07,CUST-00414,Ravi Lee,55,Male,Middle East,Qatar,Clothing,Tommy Hilfiger Polo Shirt,4,59.64,0.0,238.56,34.1,81.35
ORD-001732,2025-01-07,CUST-01313,Emma King,31,Male,Europe,Netherlands,Clothing,Timberland Boots,1,216.58,2.0,212.25,31.0,65.8
ORD-001733,2025-01-07,CUST-00141,Joseph Davis,35,Female,Asia Pacific,India,Electronics,iPhone 15 Pro,2,1076.84,0.0,2153.68,12.7,273.52
ORD-001734,2025-01-07,CUST-01189,Wei Baker,43,Male,North America,Mexico,Home & Kitchen,KitchenAid Stand Mixer,2,434.32,12.0,764.4,20.4,155.94
ORD-001735,2025-01-07,CUST-01533,Riley Adams,40,Female,Europe,Netherlands,Electronics,Kindle Paperwhite,1,115.54,11.0,102.83,16.3,16.76
ORD-001736,2025-01-07,CUST-01719,Lisa Rossi,27,Male,Europe,Spain,Sports & Outdoors,Garmin GPS Running Watch,1,348.18,0.0,348.18,30.0,104.45
ORD-001737,2025-01-07,CUST-01029,Amelia Garcia,47,Female,North America,USA,Electronics,"LG OLED 55"" TV",1,1769.55,0.0,1769.55,8.7,153.95
ORD-001738,2025-01-07,CUST-01598,Liam Lopez,55,Female,Asia Pacific,South Korea,Electronics,USB-C Hub 7-in-1,1,61.73,0.0,61.73,12.2,7.53
ORD-001739,2025-01-08,CUST-00870,Mason King,33,Female,Asia Pacific,Singapore,Sports & Outdoors,Fitbit Charge 6,3,183.02,8.0,505.14,25.7,129.82
ORD-001740,2025-01-08,CUST-00714,Lucas Lopez,22,Male,Latin America,Argentina,Electronics,"LG OLED 55"" TV",1,1850.92,0.0,1850.92,11.2,207.3
ORD-001741,2025-01-09,CUST-00500,Mary Wang,56,Female,Latin America,Argentina,Electronics,Ring Video Doorbell,2,124.1,0.0,248.2,16.6,41.2
ORD-001742,2025-01-09,CUST-00323,Laila Johnson,39,Female,Middle East,Saudi Arabia,Beauty & Personal Care,The Ordinary Serum Set,3,22.59,11.0,60.32,37.9,22.86
ORD-001743,2025-01-09,CUST-00460,Lisa Schmidt,47,Male,Middle East,UAE,Beauty & Personal Care,La Mer Moisturizing Cream,4,266.17,0.0,1064.68,53.1,565.35
ORD-001744,2025-01-09,CUST-01378,Ravi Miller,30,Male,North America,Canada,Sports & Outdoors,Hydro Flask 32oz Water Bottle,1,49.29,0.0,49.29,18.7,9.22
ORD-001745,2025-01-09,CUST-01625,Patricia Adams,18,Male,Asia Pacific,Australia,Electronics,USB-C Hub 7-in-1,2,64.78,14.0,111.42,10.2,11.36
ORD-001746,2025-01-09,CUST-01163,Ali Martin,31,Female,Europe,Netherlands,Clothing,Adidas Ultraboost Shoes,4,173.13,0.0,692.52,52.4,362.88
ORD-001747,2025-01-09,CUST-00450,Michael Ahmed,18,Male,Europe,Germany,Electronics,iPhone 15 Pro,1,1194.47,16.0,1003.35,11.9,119.4
ORD-001748,2025-01-09,CUST-01694,Yuki Lopez,33,Male,Asia Pacific,Australia,Sports & Outdoors,Yoga Mat Premium Non-Slip,3,46.09,19.0,112.0,32.8,36.74
ORD-001749,2025-01-09,CUST-00092,Oliver Lopez,38,Female,Europe,Spain,Clothing,Ray-Ban Aviator Sunglasses,2,164.04,12.0,288.71,32.5,93.83
ORD-001750,2025-01-09,CUST-00964,Olivia Johnson,49,Female,Latin America,Colombia,Electronics,Ring Video Doorbell,1,188.41,13.0,163.92,15.1,24.75
ORD-001751,2025-01-09,CUST-00654,Mary Martinez,21,Male,North America,Canada,Electronics,Canon EOS R50 Camera,1,910.7,0.0,910.7,15.1,137.52
ORD-001752,2025-01-09,CUST-01598,Liam Lopez,55,Female,Asia Pacific,South Korea,Home & Kitchen,Dyson V15 Vacuum,3,752.09,14.0,1940.39,39.9,774.22
ORD-001753,2025-01-09,CUST-01749,Mia Jones,26,Female,Asia Pacific,Singapore,Home & Kitchen,French Press Coffee Maker,1,47.39,9.0,43.12,38.0,16.39
ORD-001754,2025-01-09,CUST-00652,Aiden Mitchell,49,Female,North America,Canada,Sports & Outdoors,Coleman 4-Person Camping Tent,2,190.53,19.0,308.66,23.3,71.92
ORD-001755,2025-01-09,CUST-01120,Susan Anderson,18,Male,Latin America,Brazil,Electronics,Sony PlayStation 5,2,599.22,10.0,1078.6,13.8,148.85
ORD-001756,2025-01-10,CUST-01724,Ava White,26,Female,Latin America,Colombia,Home & Kitchen,Smart Thermostat Google Nest,2,179.49,18.0,294.36,31.0,91.25
ORD-001757,2025-01-10,CUST-01230,Ahmed Lee,34,Male,Middle East,Saudi Arabia,Beauty & Personal Care,Dyson Airwrap Styler,2,656.67,15.0,1116.34,52.5,586.08
ORD-001758,2025-01-10,CUST-01739,Ethan Martin,49,Male,Middle East,Qatar,Clothing,Puma Running Shorts,4,34.17,15.0,116.18,42.9,49.84
ORD-001759,2025-01-10,CUST-01298,Isabella Carter,26,Male,Middle East,Qatar,Home & Kitchen,Cuisinart 12-Piece Cookware Set,2,253.86,0.0,507.72,33.8,171.61
ORD-001760,2025-01-11,CUST-00726,Chen Martinez,18,Female,North America,USA,Electronics,iPhone 15 Pro,2,1275.22,0.0,2550.44,16.3,415.72
ORD-001761,2025-01-11,CUST-01232,Chen Wang,60,Male,Latin America,Colombia,Beauty & Personal Care,Olaplex No.3 Hair Perfector,3,41.25,4.0,118.8,49.0,58.21
ORD-001762,2025-01-11,CUST-00307,Hana Adams,36,Male,Europe,France,Home & Kitchen,LED Desk Lamp with USB,3,45.51,3.0,132.43,21.6,28.6
ORD-001763,2025-01-11,CUST-01175,Lucas Miller,46,Male,Asia Pacific,South Korea,Sports & Outdoors,Camping Sleeping Bag -10°C,2,94.98,16.0,159.57,25.6,40.85
ORD-001764,2025-01-11,CUST-01327,David Chen,41,Female,Asia Pacific,India,Sports & Outdoors,Wilson Tennis Racket Pro,2,159.86,10.0,287.75,20.2,58.13
ORD-001765,2025-01-11,CUST-01060,Sarah Jones,31,Male,Latin America,Brazil,Electronics,iPhone 15 Pro,1,1194.52,12.0,1051.18,10.2,107.22
ORD-001766,2025-01-11,CUST-01024,Layla Singh,25,Male,Asia Pacific,Japan,Home & Kitchen,Cuisinart 12-Piece Cookware Set,2,256.94,0.0,513.88,30.6,157.25
ORD-001767,2025-01-11,CUST-00914,Sofia Torres,45,Female,Latin America,Argentina,Electronics,Canon EOS R50 Camera,2,840.38,0.0,1680.76,12.7,213.46
ORD-001768,2025-01-12,CUST-00023,Chen Jones,19,Female,Europe,Netherlands,Clothing,Tommy Hilfiger Polo Shirt,3,75.11,16.0,189.28,30.7,58.11
ORD-001769,2025-01-12,CUST-00699,Charlotte Jackson,31,Male,Europe,Germany,Electronics,USB-C Hub 7-in-1,1,91.11,1.0,90.2,15.5,13.98
ORD-001770,2025-01-12,CUST-00598,James Thompson,40,Male,North America,Mexico,Electronics,iPhone 15 Pro,1,1317.55,16.0,1106.74,12.4,137.24
ORD-001771,2025-01-12,CUST-01565,Jennifer Allen,28,Male,North America,Mexico,Clothing,H&M Cotton T-Shirt Pack,3,27.11,25.0,61.0,36.5,22.27
ORD-001772,2025-01-12,CUST-00783,Aiden Nelson,49,Male,North America,Mexico,Clothing,Calvin Klein Underwear Set,2,33.63,23.0,51.79,44.6,23.1
ORD-001773,2025-01-12,CUST-00190,Liam Chen,33,Female,North America,Canada,Beauty & Personal Care,The Ordinary Serum Set,5,30.2,0.0,151.0,57.5,86.83
ORD-001774,2025-01-12,CUST-01565,Jennifer Allen,28,Male,North America,Mexico,Clothing,Timberland Boots,3,205.68,7.0,573.85,50.9,292.09
ORD-001775,2025-01-13,CUST-00085,Robert Singh,44,Female,Europe,France,Electronics,GoPro Hero 12,1,459.59,12.0,404.44,13.2,53.39
ORD-001776,2025-01-13,CUST-01507,David Scott,45,Male,North America,USA,Clothing,Nike Air Max 270,1,182.64,0.0,182.64,50.6,92.42
ORD-001777,2025-01-13,CUST-01275,James Roberts,24,Female,Asia Pacific,India,Clothing,Puma Running Shorts,3,35.48,11.0,94.73,53.5,50.68
ORD-001778,2025-01-13,CUST-01082,Rafael Wilson,54,Female,Europe,France,Beauty & Personal Care,Bioderma Micellar Water 500ml,5,15.55,0.0,77.75,49.0,38.1
ORD-001779,2025-01-13,CUST-00951,Emma Müller,50,Female,Middle East,UAE,Electronics,Apple MacBook Air M2,2,1447.21,9.0,2633.92,13.3,350.31
ORD-001780,2025-01-13,CUST-00847,Susan Lopez,25,Male,North America,USA,Clothing,Calvin Klein Underwear Set,2,44.76,10.0,80.57,31.9,25.7
ORD-001781,2025-01-13,CUST-01797,Ravi Hill,45,Male,Latin America,Brazil,Clothing,H&M Cotton T-Shirt Pack,4,36.59,0.0,146.36,45.0,65.86
ORD-001782,2025-01-13,CUST-00447,Harry Harris,43,Female,Middle East,Qatar,Electronics,iPhone 15 Pro,2,1203.27,12.0,2117.76,16.6,351.55
ORD-001783,2025-01-13,CUST-00322,Ava Adams,32,Male,Latin America,Colombia,Electronics,Bose SoundLink Speaker,1,175.05,0.0,175.05,9.7,16.98
ORD-001784,2025-01-14,CUST-00267,Susan Wilson,28,Female,Middle East,Qatar,Beauty & Personal Care,Philips Norelco Shaver,1,103.04,8.0,94.8,49.9,47.31
ORD-001785,2025-01-14,CUST-01390,Mia Ahmed,26,Female,North America,Canada,Home & Kitchen,Bamboo Cutting Board Set,3,45.12,16.0,113.7,22.3,25.36
ORD-001786,2025-01-14,CUST-00143,Michael Jackson,18,Female,Asia Pacific,South Korea,Clothing,Levi's 501 Jeans,4,89.52,0.0,358.08,36.6,131.06
ORD-001787,2025-01-14,CUST-01626,Olivia Wang,18,Female,Latin America,Argentina,Home & Kitchen,Ninja Air Fryer XL,3,131.17,18.0,322.68,28.0,90.35
ORD-001788,2025-01-14,CUST-00553,Riley Taylor,19,Female,Middle East,Qatar,Electronics,Apple Watch Series 9,2,496.73,14.0,854.38,9.6,82.02
ORD-001789,2025-01-14,CUST-00627,Jennifer Williams,18,Female,Europe,Netherlands,Electronics,Dell XPS 15 Laptop,1,1444.68,0.0,1444.68,12.6,182.03
ORD-001790,2025-01-15,CUST-01108,Zara Schmidt,34,Female,North America,USA,Sports & Outdoors,Yoga Mat Premium Non-Slip,2,57.75,8.0,106.26,20.8,22.1
ORD-001791,2025-01-15,CUST-00943,Thomas White,22,Male,Europe,Netherlands,Electronics,Bose SoundLink Speaker,2,228.6,14.0,393.19,15.5,60.94
ORD-001792,2025-01-15,CUST-01552,Riley Thompson,41,Male,North America,Mexico,Beauty & Personal Care,Moroccanoil Hair Oil,3,34.32,18.0,84.43,59.1,49.9
ORD-001793,2025-01-15,CUST-00532,Jennifer Davis,37,Female,North America,Canada,Home & Kitchen,KitchenAid Stand Mixer,2,430.3,16.0,722.9,26.1,188.68
ORD-001794,2025-01-15,CUST-00407,Ana Garcia,38,Female,Asia Pacific,Japan,Electronics,Sony PlayStation 5,2,654.78,6.0,1230.99,15.7,193.27
ORD-001795,2025-01-15,CUST-00251,Rafael Adams,42,Male,Latin America,Brazil,Electronics,USB-C Hub 7-in-1,2,48.11,0.0,96.22,16.9,16.26
ORD-001796,2025-01-15,CUST-01741,Sophia Müller,32,Male,Europe,Netherlands,Home & Kitchen,Cuisinart 12-Piece Cookware Set,3,250.21,13.0,653.05,23.6,154.12
ORD-001797,2025-01-15,CUST-00941,Jessica Patel,35,Female,Middle East,Saudi Arabia,Home & Kitchen,Instant Pot Duo 7-in-1,1,105.05,11.0,93.49,35.9,33.56
ORD-001798,2025-01-15,CUST-00536,Sofia Martinez,26,Male,North America,Canada,Electronics,Apple MacBook Air M2,1,1312.2,13.0,1141.61,18.8,214.62
ORD-001799,2025-01-15,CUST-00749,Oliver Santos,35,Female,Latin America,Brazil,Electronics,Canon EOS R50 Camera,1,957.21,15.0,813.63,12.9,104.96
ORD-001800,2025-01-15,CUST-00821,Sarah Baker,32,Female,Latin America,Brazil,Electronics,"LG OLED 55"" TV",2,2075.4,10.0,3735.72,14.0,523.0
ORD-001801,2025-01-15,CUST-00336,Emma Miller,55,Female,Europe,Spain,Electronics,iPad Pro 11-inch,2,975.74,2.0,1912.45,14.9,284.96
ORD-001802,2025-01-15,CUST-00302,John Nguyen,25,Female,Latin America,Brazil,Home & Kitchen,IKEA KALLAX Shelf Unit,1,175.31,6.0,164.79,25.9,42.68
ORD-001803,2025-01-15,CUST-00100,Ravi Flores,44,Female,Middle East,Qatar,Clothing,Under Armour Sports Bra,4,48.52,0.0,194.08,52.1,101.12
ORD-001804,2025-01-15,CUST-00342,Sarah Fernandez,62,Male,North America,USA,Electronics,iPad Pro 11-inch,2,1124.55,0.0,2249.1,9.4,211.42
ORD-001805,2025-01-16,CUST-00195,Charles King,34,Male,North America,Canada,Electronics,Kindle Paperwhite,1,155.51,6.0,146.18,12.0,17.54
ORD-001806,2025-01-16,CUST-00989,Amelia Scott,34,Female,Europe,Germany,Electronics,Apple Watch Series 9,1,557.46,15.0,473.84,8.3,39.33
ORD-001807,2025-01-16,CUST-00440,Zara Jones,37,Male,Asia Pacific,Japan,Electronics,Ring Video Doorbell,1,196.94,11.0,175.28,16.4,28.75
ORD-001808,2025-01-16,CUST-01382,Michael Khan,44,Male,Europe,Spain,Home & Kitchen,Instant Pot Duo 7-in-1,3,92.55,16.0,233.23,38.2,89.09
ORD-001809,2025-01-16,CUST-01025,John Jackson,18,Male,North America,USA,Electronics,iPad Pro 11-inch,1,1176.53,10.0,1058.88,11.0,116.48
ORD-001810,2025-01-16,CUST-01705,Isabella Nguyen,18,Female,Middle East,Saudi Arabia,Electronics,Samsung Galaxy S24,2,1088.88,2.0,2134.2,15.8,337.2
ORD-001811,2025-01-16,CUST-00985,Aiden Mitchell,23,Female,Europe,France,Sports & Outdoors,TRX Suspension Trainer,1,201.41,22.0,157.1,22.4,35.19
ORD-001812,2025-01-16,CUST-00792,Mason Hall,29,Female,Middle East,UAE,Sports & Outdoors,Peloton Bike+,3,2918.65,0.0,8755.95,32.2,2819.42
ORD-001813,2025-01-16,CUST-00580,Yuki Walker,31,Female,Europe,UK,Electronics,Bose SoundLink Speaker,2,215.05,1.0,425.8,11.9,50.67
ORD-001814,2025-01-16,CUST-01681,Harry Smith,45,Male,Europe,Italy,Beauty & Personal Care,Oral-B Electric Toothbrush Pro,4,102.58,13.0,356.98,44.8,159.93
ORD-001815,2025-01-16,CUST-00907,Oliver Fernandez,22,Female,Middle East,UAE,Clothing,Adidas Ultraboost Shoes,2,201.98,14.0,347.41,32.1,111.52
ORD-001816,2025-01-17,CUST-00636,Charlotte Ali,34,Male,North America,USA,Clothing,Puma Running Shorts,2,31.49,0.0,62.98,37.9,23.87
ORD-001817,2025-01-17,CUST-01375,Ravi Hill,18,Female,North America,USA,Clothing,Levi's 501 Jeans,2,92.4,8.0,170.02,36.1,61.38
ORD-001818,2025-01-17,CUST-01796,John Davis,45,Female,Latin America,Brazil,Clothing,North Face Fleece Jacket,4,121.59,22.0,379.36,41.9,158.95
ORD-001819,2025-01-17,CUST-01250,Rafael Jackson,32,Female,Latin America,Brazil,Electronics,"LG OLED 55"" TV",2,1631.4,0.0,3262.8,13.9,453.53
ORD-001820,2025-01-17,CUST-01030,Harry Wright,35,Female,North America,Canada,Electronics,Samsung Galaxy S24,1,1131.3,0.0,1131.3,16.7,188.93
ORD-001821,2025-01-18,CUST-00951,Emma Müller,50,Female,Middle East,UAE,Electronics,"LG OLED 55"" TV",2,1988.06,10.0,3578.51,13.1,468.78
ORD-001822,2025-01-18,CUST-00224,Sarah Wright,25,Female,Europe,Italy,Electronics,Bose SoundLink Speaker,2,205.49,6.0,386.32,11.1,42.88
ORD-001823,2025-01-18,CUST-00380,Thomas Dupont,48,Male,North America,Canada,Electronics,iPad Pro 11-inch,1,1271.5,0.0,1271.5,9.4,119.52
ORD-001824,2025-01-19,CUST-00787,Barbara Roberts,18,Female,Middle East,Saudi Arabia,Electronics,iPad Pro 11-inch,1,1117.96,13.0,972.63,13.0,126.44
ORD-001825,2025-01-19,CUST-00197,Jennifer Chen,46,Male,Europe,Germany,Clothing,Puma Running Shorts,3,44.41,0.0,133.23,35.6,47.43
ORD-001826,2025-01-19,CUST-00518,Sophia Hall,41,Male,Middle East,Saudi Arabia,Home & Kitchen,Cuisinart 12-Piece Cookware Set,2,245.77,7.0,457.13,36.5,166.85
ORD-001827,2025-01-19,CUST-00536,Sofia Martinez,26,Male,North America,Canada,Electronics,Canon EOS R50 Camera,1,849.01,6.0,798.07,12.3,98.16
ORD-001828,2025-01-19,CUST-00346,Linda Johnson,29,Male,Asia Pacific,India,Electronics,Apple Watch Series 9,1,528.25,14.0,454.3,11.1,50.43
ORD-001829,2025-01-19,CUST-00219,Hana Nguyen,35,Female,Middle East,Qatar,Electronics,iPad Pro 11-inch,2,1255.62,14.0,2159.67,16.4,354.19
ORD-001830,2025-01-20,CUST-01000,Susan Jackson,37,Female,North America,Mexico,Home & Kitchen,LED Desk Lamp with USB,1,58.55,15.0,49.77,29.4,14.63
ORD-001831,2025-01-20,CUST-01677,Liam Taylor,39,Female,Latin America,Argentina,Sports & Outdoors,Foam Roller Set,1,45.28,0.0,45.28,22.8,10.32
ORD-001832,2025-01-20,CUST-00647,Jessica Thomas,45,Female,Middle East,UAE,Home & Kitchen,Weighted Blanket 15lbs,3,107.53,17.0,267.75,27.1,72.56
ORD-001833,2025-01-20,CUST-01043,Jessica Hall,37,Male,North America,Canada,Home & Kitchen,Nespresso Vertuo Coffee Machine,2,210.96,0.0,421.92,22.6,95.35
ORD-001834,2025-01-20,CUST-01008,Sophia Lopez,50,Male,Asia Pacific,South Korea,Home & Kitchen,Smart Thermostat Google Nest,1,198.92,6.0,186.98,37.5,70.12
ORD-001835,2025-01-20,CUST-00108,Ravi Patel,52,Male,Latin America,Colombia,Electronics,iPad Pro 11-inch,2,975.42,9.0,1775.26,8.1,143.8
ORD-001836,2025-01-21,CUST-01653,Carlos Hill,45,Male,Latin America,Brazil,Home & Kitchen,Roomba i7+ Robot Vacuum,3,847.59,19.0,2059.64,32.7,673.5
ORD-001837,2025-01-21,CUST-00242,Michael Lopez,42,Female,Asia Pacific,Singapore,Electronics,Sony PlayStation 5,2,622.78,3.0,1208.19,10.0,120.82
ORD-001838,2025-01-21,CUST-00101,David Rossi,46,Female,Latin America,Argentina,Clothing,Tommy Hilfiger Polo Shirt,4,60.57,0.0,242.28,49.6,120.17
ORD-001839,2025-01-21,CUST-00374,Sarah Taylor,19,Female,Asia Pacific,Singapore,Home & Kitchen,IKEA KALLAX Shelf Unit,2,217.15,0.0,434.3,34.8,151.14
ORD-001840,2025-01-21,CUST-01602,Rafael Flores,31,Male,Asia Pacific,South Korea,Electronics,Ring Video Doorbell,2,165.56,0.0,331.12,11.5,38.08
ORD-001841,2025-01-22,CUST-00865,Wei Jones,43,Female,Europe,UK,Home & Kitchen,Nespresso Vertuo Coffee Machine,1,263.14,8.0,242.09,35.5,85.94
ORD-001842,2025-01-22,CUST-01632,Carlos Wilson,18,Male,Latin America,Argentina,Electronics,Sony WH-1000XM5 Headphones,2,336.25,9.0,611.98,16.7,102.2
ORD-001843,2025-01-22,CUST-01236,Thomas Taylor,30,Female,Middle East,Qatar,Home & Kitchen,Philips Hue Smart Bulb Set,1,83.85,2.0,82.17,22.8,18.73
ORD-001844,2025-01-22,CUST-00373,Barbara Miller,19,Male,Asia Pacific,Singapore,Clothing,Ray-Ban Aviator Sunglasses,2,212.39,0.0,424.78,40.1,170.34
ORD-001845,2025-01-22,CUST-00911,Layla Smith,22,Male,Latin America,Colombia,Beauty & Personal Care,Bioderma Micellar Water 500ml,4,19.26,0.0,77.04,56.1,43.22
ORD-001846,2025-01-23,CUST-00051,Barbara Jackson,25,Female,Asia Pacific,Singapore,Electronics,iPad Pro 11-inch,2,1134.45,5.0,2155.45,14.4,310.38
ORD-001847,2025-01-23,CUST-00600,Carlos Torres,36,Female,Latin America,Argentina,Home & Kitchen,Nespresso Vertuo Coffee Machine,3,279.34,20.0,670.42,20.5,137.44
ORD-001848,2025-01-23,CUST-00083,Ava Patel,25,Male,Middle East,Qatar,Home & Kitchen,Ninja Air Fryer XL,2,157.09,0.0,314.18,26.8,84.2
ORD-001849,2025-01-23,CUST-00227,Oliver Allen,39,Male,Latin America,Brazil,Electronics,iPad Pro 11-inch,1,1153.52,6.0,1084.31,11.8,127.95
ORD-001850,2025-01-23,CUST-01241,Michael Williams,29,Female,North America,Canada,Beauty & Personal Care,Moroccanoil Hair Oil,1,32.3,7.0,30.04,46.1,13.85
ORD-001851,2025-01-23,CUST-00971,Karen Flores,41,Female,Asia Pacific,South Korea,Sports & Outdoors,Peloton Bike+,2,2650.26,10.0,4770.47,31.3,1493.16
ORD-001852,2025-01-23,CUST-00311,Sarah Scott,18,Female,Middle East,Qatar,Electronics,USB-C Hub 7-in-1,2,49.46,5.0,93.97,10.9,10.24
ORD-001853,2025-01-23,CUST-01370,Aiden King,23,Male,North America,USA,Electronics,"LG OLED 55"" TV",2,1988.06,14.0,3419.46,19.5,666.79
ORD-001854,2025-01-23,CUST-00688,Richard Miller,18,Female,North America,Canada,Electronics,Sony PlayStation 5,1,714.42,1.0,707.28,9.2,65.07
ORD-001855,2025-01-24,CUST-01313,Emma King,31,Male,Europe,Netherlands,Clothing,H&M Cotton T-Shirt Pack,1,35.43,0.0,35.43,44.7,15.84
ORD-001856,2025-01-24,CUST-01688,Liam White,36,Male,Middle East,Qatar,Home & Kitchen,Air Purifier HEPA,2,251.75,5.0,478.32,34.1,163.11
ORD-001857,2025-01-24,CUST-01062,Richard Hall,44,Female,Middle East,Saudi Arabia,Clothing,North Face Fleece Jacket,2,144.35,6.0,271.38,31.0,84.13
ORD-001858,2025-01-24,CUST-00796,Harry Brown,53,Female,Middle East,Saudi Arabia,Beauty & Personal Care,Charlotte Tilbury Lipstick,3,44.34,18.0,109.08,39.8,43.41
ORD-001859,2025-01-24,CUST-01043,Jessica Hall,37,Male,North America,Canada,Clothing,Tommy Hilfiger Polo Shirt,2,79.75,13.0,138.76,40.5,56.2
ORD-001860,2025-01-25,CUST-01071,Thomas Taylor,18,Male,North America,Canada,Beauty & Personal Care,Fenty Beauty Foundation,3,57.59,10.0,155.49,37.9,58.93
ORD-001861,2025-01-25,CUST-01466,Laila Wilson,34,Female,Asia Pacific,Singapore,Home & Kitchen,Weighted Blanket 15lbs,2,117.56,15.0,199.85,31.3,62.55
ORD-001862,2025-01-25,CUST-00943,Thomas White,22,Male,Europe,Netherlands,Home & Kitchen,Philips Hue Smart Bulb Set,2,99.3,0.0,198.6,39.8,79.04
ORD-001863,2025-01-25,CUST-00640,Michael Green,39,Male,Middle East,Saudi Arabia,Clothing,Ray-Ban Aviator Sunglasses,1,181.43,0.0,181.43,50.7,91.99
ORD-001864,2025-01-25,CUST-00490,Carlos Taylor,40,Male,Middle East,UAE,Electronics,iPad Pro 11-inch,2,1299.84,0.0,2599.68,15.2,395.15
ORD-001865,2025-01-25,CUST-01594,Riley Johnson,18,Female,Asia Pacific,India,Clothing,Timberland Boots,2,187.23,4.0,359.48,33.0,118.63
ORD-001866,2025-01-25,CUST-01525,Sophia Davis,42,Male,Latin America,Brazil,Electronics,iPhone 15 Pro,1,1097.44,13.0,954.77,15.1,144.17
ORD-001867,2025-01-26,CUST-00151,Priya Carter,19,Male,Latin America,Colombia,Sports & Outdoors,Peloton Bike+,3,2784.22,16.0,7016.23,25.4,1782.12
ORD-001868,2025-01-26,CUST-00014,Muhammad Dupont,32,Male,North America,Mexico,Clothing,H&M Cotton T-Shirt Pack,4,31.44,23.0,96.84,48.1,46.58
ORD-001869,2025-01-26,CUST-00442,Ethan Thomas,36,Female,Middle East,UAE,Beauty & Personal Care,Philips Norelco Shaver,3,93.54,17.0,232.91,35.2,81.98
ORD-001870,2025-01-26,CUST-01467,Charlotte Lee,34,Female,Europe,Netherlands,Beauty & Personal Care,Foreo LUNA Face Massager,4,170.4,2.0,667.97,52.5,350.68
ORD-001871,2025-01-26,CUST-00043,Mia Dupont,39,Female,Asia Pacific,Singapore,Electronics,USB-C Hub 7-in-1,1,85.08,15.0,72.32,13.9,10.05
ORD-001872,2025-01-26,CUST-01074,Charles Kim,27,Male,Asia Pacific,Japan,Electronics,Samsung Galaxy S24,2,1155.94,0.0,2311.88,12.0,277.43
ORD-001873,2025-01-27,CUST-00424,Rafael Miller,25,Female,Asia Pacific,Japan,Home & Kitchen,French Press Coffee Maker,1,43.1,9.0,39.22,34.7,13.61
ORD-001874,2025-01-27,CUST-00840,Lucas Martinez,20,Female,North America,Mexico,Electronics,"LG OLED 55"" TV",1,2129.91,1.0,2108.61,12.6,265.68
ORD-001875,2025-01-27,CUST-01766,Hana Chen,34,Female,North America,Mexico,Electronics,Apple Watch Series 9,1,543.56,0.0,543.56,18.1,98.38
ORD-001876,2025-01-27,CUST-01059,Riley Torres,51,Male,Europe,Italy,Clothing,Ray-Ban Aviator Sunglasses,4,172.36,0.0,689.44,44.3,305.42
ORD-001877,2025-01-27,CUST-01422,Charlotte Nelson,41,Male,Asia Pacific,South Korea,Electronics,Ring Video Doorbell,1,231.44,0.0,231.44,9.0,20.83
ORD-001878,2025-01-27,CUST-01676,Zara Patel,22,Female,Middle East,Qatar,Beauty & Personal Care,Moroccanoil Hair Oil,4,47.33,0.0,189.32,44.6,84.44
ORD-001879,2025-01-27,CUST-00350,Rafael King,23,Female,Middle East,UAE,Electronics,iPad Pro 11-inch,1,1108.58,14.0,953.38,13.9,132.52
ORD-001880,2025-01-28,CUST-01113,David Anderson,47,Male,Europe,France,Electronics,iPhone 15 Pro,1,1350.1,5.0,1282.59,17.6,225.74
ORD-001881,2025-01-28,CUST-01180,Susan Singh,49,Male,Asia Pacific,South Korea,Beauty & Personal Care,Charlotte Tilbury Lipstick,3,33.6,15.0,85.68,58.2,49.87
ORD-001882,2025-01-28,CUST-00666,Liam Walker,24,Male,Middle East,Qatar,Home & Kitchen,Roomba i7+ Robot Vacuum,3,865.82,16.0,2181.87,30.8,672.02
ORD-001883,2025-01-28,CUST-01167,Wei King,18,Female,Latin America,Colombia,Beauty & Personal Care,Fenty Beauty Foundation,3,58.87,11.0,157.18,52.5,82.52
ORD-001884,2025-01-28,CUST-01307,Oliver Ali,42,Male,Latin America,Colombia,Clothing,Levi's 501 Jeans,2,94.46,0.0,188.92,37.1,70.09
ORD-001885,2025-02-01,CUST-01638,Richard Flores,29,Female,North America,Canada,Sports & Outdoors,Camping Sleeping Bag -10°C,3,140.89,7.0,393.08,19.6,77.04
ORD-001886,2025-02-01,CUST-01119,Fatima Young,42,Male,Latin America,Brazil,Home & Kitchen,Nespresso Vertuo Coffee Machine,3,212.12,0.0,636.36,30.3,192.82
ORD-001887,2025-02-01,CUST-00643,Harry Jones,48,Female,North America,Mexico,Sports & Outdoors,Bowflex SelectTech Dumbbells,2,448.33,16.0,753.19,30.5,229.72
ORD-001888,2025-02-01,CUST-01733,Jessica Walker,37,Male,Middle East,UAE,Home & Kitchen,IKEA KALLAX Shelf Unit,2,173.0,17.0,287.18,27.6,79.26
ORD-001889,2025-02-01,CUST-00259,Lisa Dupont,18,Female,Asia Pacific,Australia,Beauty & Personal Care,Dyson Airwrap Styler,5,650.34,0.0,3251.7,49.7,1616.09
ORD-001890,2025-02-01,CUST-00236,Wei Williams,51,Male,Middle East,Qatar,Electronics,Canon EOS R50 Camera,1,901.53,15.0,766.3,14.5,111.11
ORD-001891,2025-02-02,CUST-00332,Charlotte Wright,31,Male,Asia Pacific,India,Home & Kitchen,Cuisinart 12-Piece Cookware Set,3,263.7,11.0,704.08,23.8,167.57
ORD-001892,2025-02-02,CUST-01473,Ana Carter,18,Male,Latin America,Brazil,Electronics,GoPro Hero 12,1,479.21,0.0,479.21,19.6,93.93
ORD-001893,2025-02-02,CUST-00903,Wei Ahmed,40,Female,North America,USA,Sports & Outdoors,Wilson Tennis Racket Pro,3,202.78,17.0,504.92,27.1,136.83
ORD-001894,2025-02-02,CUST-00120,Aiden Singh,20,Male,Europe,Germany,Home & Kitchen,Roomba i7+ Robot Vacuum,1,702.58,7.0,653.4,33.1,216.28
ORD-001895,2025-02-02,CUST-00540,Ava Smith,34,Female,Europe,Italy,Beauty & Personal Care,Dyson Airwrap Styler,5,641.77,0.0,3208.85,52.8,1694.27
ORD-001896,2025-02-03,CUST-00851,Carlos Jones,55,Male,Latin America,Brazil,Sports & Outdoors,Bowflex SelectTech Dumbbells,1,391.96,12.0,344.92,25.2,86.92
ORD-001897,2025-02-03,CUST-00307,Hana Adams,36,Male,Europe,France,Sports & Outdoors,Bowflex SelectTech Dumbbells,3,450.09,0.0,1350.27,21.8,294.36
ORD-001898,2025-02-03,CUST-01018,Robert Carter,26,Male,Latin America,Colombia,Electronics,Ring Video Doorbell,2,133.87,3.0,259.71,11.9,30.91
ORD-001899,2025-02-03,CUST-00386,Lucas Williams,33,Female,Latin America,Colombia,Electronics,Kindle Paperwhite,2,137.08,4.0,263.19,9.2,24.21
ORD-001900,2025-02-03,CUST-00587,Wei Kim,45,Male,Europe,UK,Electronics,Sony PlayStation 5,2,697.85,0.0,1395.7,18.9,263.79
ORD-001901,2025-02-03,CUST-00210,Laila Nguyen,33,Female,North America,Canada,Electronics,Apple MacBook Air M2,1,1359.41,2.0,1332.22,17.7,235.8
ORD-001902,2025-02-03,CUST-00740,Hana Garcia,41,Female,Europe,Netherlands,Electronics,Samsung Galaxy S24,1,1231.92,0.0,1231.92,17.0,209.43
ORD-001903,2025-02-03,CUST-00423,Harry Hill,28,Female,Europe,Germany,Electronics,"LG OLED 55"" TV",1,2059.55,7.0,1915.38,8.9,170.47
ORD-001904,2025-02-03,CUST-00789,Emma Martin,26,Female,Europe,UK,Electronics,USB-C Hub 7-in-1,2,87.34,15.0,148.48,18.1,26.87
ORD-001905,2025-02-03,CUST-00626,Ethan Nelson,19,Male,North America,USA,Electronics,Samsung Galaxy S24,1,985.81,0.0,985.81,13.0,128.16
ORD-001906,2025-02-03,CUST-00191,Emma Wang,25,Female,North America,Canada,Home & Kitchen,Philips Hue Smart Bulb Set,2,72.77,18.0,119.34,23.7,28.28
ORD-001907,2025-02-03,CUST-00079,Karen Jones,18,Female,Europe,Italy,Home & Kitchen,French Press Coffee Maker,2,50.69,2.0,99.35,24.8,24.64
ORD-001908,2025-02-03,CUST-00604,Jennifer Hill,53,Male,Europe,UK,Clothing,Timberland Boots,1,191.45,8.0,176.13,45.1,79.43
ORD-001909,2025-02-03,CUST-00267,Susan Wilson,28,Female,Middle East,Qatar,Electronics,Apple MacBook Air M2,1,1427.66,10.0,1284.89,8.1,104.08
ORD-001910,2025-02-04,CUST-00035,Ana Walker,47,Male,Europe,Spain,Sports & Outdoors,Camping Sleeping Bag -10°C,3,130.01,10.0,351.03,22.6,79.33
ORD-001911,2025-02-04,CUST-00543,Chen Scott,22,Female,Asia Pacific,Singapore,Electronics,GoPro Hero 12,2,450.39,0.0,900.78,11.4,102.69
ORD-001912,2025-02-04,CUST-01471,Sophia Chen,27,Male,Asia Pacific,Australia,Beauty & Personal Care,Dyson Airwrap Styler,1,678.33,18.0,556.23,53.5,297.58
ORD-001913,2025-02-04,CUST-01399,Barbara Fernandez,47,Female,Middle East,Qatar,Beauty & Personal Care,Bath & Body Works Candle Set,1,47.79,7.0,44.44,48.8,21.69
ORD-001914,2025-02-04,CUST-01231,Wei Garcia,24,Male,Europe,UK,Home & Kitchen,Smart Thermostat Google Nest,3,206.96,5.0,589.84,26.3,155.13
ORD-001915,2025-02-04,CUST-00394,Zara Adams,25,Male,Latin America,Brazil,Electronics,GoPro Hero 12,1,437.46,0.0,437.46,14.3,62.56
ORD-001916,2025-02-04,CUST-00244,Sophia Nguyen,41,Female,Middle East,Saudi Arabia,Beauty & Personal Care,Foreo LUNA Face Massager,2,107.76,0.0,215.52,38.9,83.84
ORD-001917,2025-02-05,CUST-01063,Priya Walker,50,Male,Latin America,Colombia,Electronics,Ring Video Doorbell,2,165.37,10.0,297.67,10.9,32.45
ORD-001918,2025-02-05,CUST-00136,Ahmed Nguyen,18,Male,Europe,UK,Electronics,iPhone 15 Pro,2,1152.14,2.0,2258.19,19.9,449.38
ORD-001919,2025-02-05,CUST-00382,Fatima Lee,21,Female,Latin America,Brazil,Electronics,Dell XPS 15 Laptop,1,1812.94,4.0,1740.42,10.6,184.48
ORD-001920,2025-02-05,CUST-01575,Oliver Mitchell,20,Male,Europe,UK,Beauty & Personal Care,Fenty Beauty Foundation,1,54.76,0.0,54.76,40.3,22.07
ORD-001921,2025-02-05,CUST-00919,David Scott,27,Male,Middle East,Saudi Arabia,Clothing,H&M Cotton T-Shirt Pack,3,36.94,0.0,110.82,46.1,51.09
ORD-001922,2025-02-05,CUST-01134,Richard Smith,47,Female,Latin America,Brazil,Home & Kitchen,Air Purifier HEPA,2,267.58,18.0,438.83,22.8,100.05
ORD-001923,2025-02-05,CUST-00935,Ali Adams,27,Female,Asia Pacific,Singapore,Electronics,GoPro Hero 12,1,500.73,12.0,440.64,14.8,65.21
ORD-001924,2025-02-05,CUST-01413,Priya Lee,31,Female,Middle East,Qatar,Clothing,Timberland Boots,4,216.61,11.0,771.13,46.8,360.89
ORD-001925,2025-02-05,CUST-01730,Noah Carter,28,Male,North America,Canada,Clothing,Gucci Belt,3,389.52,0.0,1168.56,41.2,481.45
ORD-001926,2025-02-05,CUST-00092,Oliver Lopez,38,Female,Europe,Spain,Clothing,H&M Cotton T-Shirt Pack,2,33.68,21.0,53.21,34.8,18.52
ORD-001927,2025-02-05,CUST-01692,Yuki Martin,35,Female,Asia Pacific,India,Home & Kitchen,Roomba i7+ Robot Vacuum,1,680.23,12.0,598.6,25.7,153.84
ORD-001928,2025-02-05,CUST-00854,Aiden Taylor,18,Male,Middle East,Qatar,Clothing,Converse Chuck Taylor All Star,2,91.55,0.0,183.1,32.4,59.32
ORD-001929,2025-02-05,CUST-00920,Aiden Ahmed,25,Male,North America,USA,Electronics,USB-C Hub 7-in-1,1,83.09,2.0,81.43,19.5,15.88
ORD-001930,2025-02-05,CUST-00699,Charlotte Jackson,31,Male,Europe,Germany,Clothing,Ray-Ban Aviator Sunglasses,2,189.84,0.0,379.68,43.8,166.3
ORD-001931,2025-02-06,CUST-00616,Sarah Nguyen,49,Female,Middle East,UAE,Sports & Outdoors,Fitbit Charge 6,1,181.61,10.0,163.45,35.3,57.7
ORD-001932,2025-02-06,CUST-00764,Aiden Müller,52,Female,North America,Mexico,Beauty & Personal Care,The Ordinary Serum Set,4,27.68,1.0,109.61,37.9,41.54
ORD-001933,2025-02-06,CUST-00807,Ahmed Wilson,46,Male,Latin America,Brazil,Home & Kitchen,Roomba i7+ Robot Vacuum,1,904.48,2.0,886.39,29.9,265.03
ORD-001934,2025-02-06,CUST-00204,Carlos Lee,37,Female,Asia Pacific,South Korea,Beauty & Personal Care,CeraVe Moisturizing Cream,2,19.63,6.0,36.9,44.2,16.31
ORD-001935,2025-02-06,CUST-00061,Olivia Jones,18,Male,Latin America,Argentina,Beauty & Personal Care,Neutrogena SPF 50 Sunscreen,2,14.14,0.0,28.28,56.8,16.06
ORD-001936,2025-02-06,CUST-01177,Sarah Chen,36,Female,Middle East,Saudi Arabia,Sports & Outdoors,Hydro Flask 32oz Water Bottle,3,52.47,17.0,130.65,32.8,42.85
ORD-001937,2025-02-06,CUST-00384,William Miller,35,Male,Latin America,Colombia,Beauty & Personal Care,The Ordinary Serum Set,5,23.21,17.0,96.32,48.0,46.23
ORD-001938,2025-02-06,CUST-01329,Linda Williams,43,Male,Europe,Germany,Electronics,Apple Watch Series 9,1,559.7,13.0,486.94,14.0,68.17
ORD-001939,2025-02-06,CUST-01532,Mary Davis,53,Female,Europe,Italy,Electronics,iPad Pro 11-inch,2,995.83,12.0,1752.66,15.2,266.4
ORD-001940,2025-02-06,CUST-01030,Harry Wright,35,Female,North America,Canada,Electronics,iPad Pro 11-inch,1,1267.14,7.0,1178.44,8.6,101.35
ORD-001941,2025-02-07,CUST-00320,Sarah Patel,52,Female,Middle East,UAE,Clothing,Gucci Belt,4,444.71,0.0,1778.84,43.5,773.8
ORD-001942,2025-02-07,CUST-00012,David Wright,38,Female,Asia Pacific,Singapore,Electronics,Samsung Galaxy S24,2,1156.13,5.0,2196.65,13.3,292.15
ORD-001943,2025-02-07,CUST-01790,Fatima Dupont,25,Male,North America,Canada,Clothing,Calvin Klein Underwear Set,3,44.64,4.0,128.56,52.4,67.37
ORD-001944,2025-02-07,CUST-00892,Aiden White,39,Female,North America,Canada,Home & Kitchen,Nespresso Vertuo Coffee Machine,3,239.76,16.0,604.2,30.4,183.68
ORD-001945,2025-02-07,CUST-00257,Laila Wang,54,Male,Middle East,UAE,Clothing,Tommy Hilfiger Polo Shirt,2,67.91,8.0,124.95,49.2,61.48
ORD-001946,2025-02-07,CUST-01007,Emma Smith,54,Female,North America,USA,Home & Kitchen,IKEA KALLAX Shelf Unit,3,208.9,14.0,538.96,32.0,172.47
ORD-001947,2025-02-07,CUST-01046,Charlotte Walker,35,Female,Europe,Germany,Sports & Outdoors,Spalding NBA Basketball,2,56.09,9.0,102.08,37.4,38.18
ORD-001948,2025-02-07,CUST-01082,Rafael Wilson,54,Female,Europe,France,Electronics,iPhone 15 Pro,2,1053.0,0.0,2106.0,13.6,286.42
ORD-001949,2025-02-07,CUST-00191,Emma Wang,25,Female,North America,Canada,Beauty & Personal Care,Bath & Body Works Candle Set,5,38.89,7.0,180.84,46.2,83.55
ORD-001950,2025-02-07,CUST-00932,Thomas Thomas,47,Male,Middle East,Saudi Arabia,Electronics,iPhone 15 Pro,1,1171.82,13.0,1019.48,14.0,142.73
ORD-001951,2025-02-07,CUST-01785,Chen Martin,33,Male,Europe,Italy,Clothing,Uniqlo Down Jacket,4,112.13,5.0,426.09,52.0,221.57
ORD-001952,2025-02-08,CUST-00717,Patricia Wright,37,Female,Europe,UK,Electronics,GoPro Hero 12,1,448.38,0.0,448.38,9.5,42.6
ORD-001953,2025-02-08,CUST-00333,Ava Allen,18,Female,Middle East,Qatar,Electronics,iPhone 15 Pro,2,1257.83,0.0,2515.66,9.9,249.05
ORD-001954,2025-02-08,CUST-00458,Carlos Nguyen,37,Female,Middle East,Qatar,Clothing,Under Armour Sports Bra,1,44.54,15.0,37.86,40.5,15.33
ORD-001955,2025-02-09,CUST-01206,Liam Mitchell,43,Male,Latin America,Argentina,Home & Kitchen,Cuisinart 12-Piece Cookware Set,2,321.42,0.0,642.84,31.5,202.49
ORD-001956,2025-02-09,CUST-00726,Chen Martinez,18,Female,North America,USA,Beauty & Personal Care,La Mer Moisturizing Cream,5,359.98,0.0,1799.9,39.5,710.96
ORD-001957,2025-02-09,CUST-00131,Amelia Garcia,46,Male,Asia Pacific,India,Clothing,Nike Air Max 270,4,139.58,12.0,491.32,45.7,224.53
ORD-001958,2025-02-09,CUST-01468,Susan Torres,35,Female,North America,Canada,Home & Kitchen,LED Desk Lamp with USB,3,66.99,0.0,200.97,33.4,67.12
ORD-001959,2025-02-09,CUST-01138,Lucas Roberts,31,Female,North America,Canada,Electronics,"LG OLED 55"" TV",1,1748.73,0.0,1748.73,16.9,295.54
ORD-001960,2025-02-09,CUST-00273,Michael Martin,26,Female,Asia Pacific,Japan,Sports & Outdoors,Garmin GPS Running Watch,3,436.26,12.0,1151.73,32.9,378.92
ORD-001961,2025-02-09,CUST-00854,Aiden Taylor,18,Male,Middle East,Qatar,Clothing,Gucci Belt,2,415.35,0.0,830.7,39.1,324.8
ORD-001962,2025-02-09,CUST-01632,Carlos Wilson,18,Male,Latin America,Argentina,Home & Kitchen,Air Purifier HEPA,2,222.17,16.0,373.25,37.8,141.09
ORD-001963,2025-02-09,CUST-01120,Susan Anderson,18,Male,Latin America,Brazil,Clothing,North Face Fleece Jacket,1,145.52,20.0,116.42,35.3,41.1
ORD-001964,2025-02-09,CUST-00049,Patricia Taylor,32,Female,Middle East,UAE,Beauty & Personal Care,CeraVe Moisturizing Cream,3,18.68,0.0,56.04,54.8,30.71
ORD-001965,2025-02-10,CUST-00438,Mia Patel,47,Female,Europe,Spain,Electronics,GoPro Hero 12,2,450.24,0.0,900.48,19.2,172.89
ORD-001966,2025-02-10,CUST-00356,Emma Kim,52,Male,Latin America,Brazil,Home & Kitchen,IKEA KALLAX Shelf Unit,3,229.11,19.0,556.74,23.3,129.72
ORD-001967,2025-02-10,CUST-00426,Ravi Young,23,Female,Middle East,UAE,Sports & Outdoors,Peloton Bike+,3,2746.48,16.0,6921.13,28.6,1979.44
ORD-001968,2025-02-10,CUST-00595,Layla Smith,41,Male,Middle East,Qatar,Beauty & Personal Care,Bioderma Micellar Water 500ml,1,19.61,0.0,19.61,36.6,7.18
ORD-001969,2025-02-10,CUST-01749,Mia Jones,26,Female,Asia Pacific,Singapore,Electronics,Apple Watch Series 9,1,521.71,8.0,479.97,12.4,59.52
ORD-001970,2025-02-10,CUST-00687,Noah Smith,36,Male,Middle East,UAE,Beauty & Personal Care,CeraVe Moisturizing Cream,1,20.17,0.0,20.17,54.9,11.07
ORD-001971,2025-02-10,CUST-00361,William Wang,25,Female,Asia Pacific,Australia,Sports & Outdoors,Wilson Tennis Racket Pro,2,208.82,0.0,417.64,31.6,131.97
ORD-001972,2025-02-11,CUST-00838,John Ali,39,Male,Latin America,Colombia,Clothing,H&M Cotton T-Shirt Pack,1,29.49,21.0,23.3,40.5,9.44
ORD-001973,2025-02-11,CUST-01544,William Lee,29,Female,Asia Pacific,South Korea,Clothing,Under Armour Sports Bra,2,52.79,7.0,98.19,46.5,45.66
ORD-001974,2025-02-11,CUST-01289,Yuki King,39,Male,Europe,Italy,Home & Kitchen,Instant Pot Duo 7-in-1,2,103.32,2.0,202.51,27.7,56.1
ORD-001975,2025-02-11,CUST-00316,Linda Fernandez,35,Female,Latin America,Colombia,Sports & Outdoors,Garmin GPS Running Watch,2,299.19,0.0,598.38,21.0,125.66
ORD-001976,2025-02-11,CUST-00749,Oliver Santos,35,Female,Latin America,Brazil,Home & Kitchen,Philips Hue Smart Bulb Set,2,90.39,0.0,180.78,21.7,39.23
ORD-001977,2025-02-11,CUST-00517,Chen Müller,44,Female,Europe,France,Sports & Outdoors,Garmin GPS Running Watch,2,421.64,4.0,809.55,31.2,252.58
ORD-001978,2025-02-11,CUST-00296,Hana Singh,57,Male,Europe,Netherlands,Clothing,Timberland Boots,3,169.06,25.0,380.38,34.2,130.09
ORD-001979,2025-02-11,CUST-00501,Olivia Roberts,27,Male,Middle East,Saudi Arabia,Beauty & Personal Care,Moroccanoil Hair Oil,4,34.77,15.0,118.22,59.6,70.46
ORD-001980,2025-02-11,CUST-01507,David Scott,45,Male,North America,USA,Sports & Outdoors,Peloton Bike+,2,2807.0,2.0,5501.72,29.9,1645.01
ORD-001981,2025-02-11,CUST-01158,Yuki White,28,Female,Asia Pacific,Japan,Beauty & Personal Care,Oral-B Electric Toothbrush Pro,2,110.57,13.0,192.39,47.1,90.62
ORD-001982,2025-02-11,CUST-01614,Mary Schmidt,32,Male,Latin America,Argentina,Electronics,Samsung Galaxy S24,2,969.22,0.0,1938.44,12.2,236.49
ORD-001983,2025-02-12,CUST-00501,Olivia Roberts,27,Male,Middle East,Saudi Arabia,Sports & Outdoors,Speedo Swim Goggles,3,31.91,0.0,95.73,29.9,28.62
ORD-001984,2025-02-12,CUST-00954,Wei Allen,34,Female,Europe,France,Beauty & Personal Care,Charlotte Tilbury Lipstick,5,37.31,0.0,186.55,43.7,81.52
ORD-001985,2025-02-12,CUST-00687,Noah Smith,36,Male,Middle East,UAE,Home & Kitchen,Dyson V15 Vacuum,2,790.87,8.0,1455.2,29.8,433.65
ORD-001986,2025-02-12,CUST-01163,Ali Martin,31,Female,Europe,Netherlands,Clothing,Tommy Hilfiger Polo Shirt,3,64.63,27.0,141.54,43.0,60.86
ORD-001987,2025-02-12,CUST-01060,Sarah Jones,31,Male,Latin America,Brazil,Beauty & Personal Care,Olaplex No.3 Hair Perfector,5,37.45,5.0,177.89,51.6,91.79
ORD-001988,2025-02-12,CUST-01645,Robert Khan,43,Male,Latin America,Colombia,Electronics,Apple MacBook Air M2,2,1481.86,6.0,2785.9,15.6,434.6
ORD-001989,2025-02-13,CUST-01250,Rafael Jackson,32,Female,Latin America,Brazil,Clothing,Converse Chuck Taylor All Star,4,84.78,11.0,301.82,42.9,129.48
ORD-001990,2025-02-13,CUST-01298,Isabella Carter,26,Male,Middle East,Qatar,Home & Kitchen,Instant Pot Duo 7-in-1,2,114.42,0.0,228.84,20.5,46.91
ORD-001991,2025-02-13,CUST-01676,Zara Patel,22,Female,Middle East,Qatar,Electronics,Sony WH-1000XM5 Headphones,1,346.24,11.0,308.15,8.2,25.27
ORD-001992,2025-02-13,CUST-00020,Laila Khan,22,Female,Europe,Netherlands,Clothing,Nike Air Max 270,2,154.25,14.0,265.31,32.2,85.43
ORD-001993,2025-02-13,CUST-00075,Laila Allen,51,Male,Middle East,UAE,Electronics,Samsung Galaxy S24,2,1016.43,8.0,1870.23,14.8,276.79
ORD-001994,2025-02-13,CUST-01451,Sofia Martin,24,Female,Latin America,Argentina,Home & Kitchen,French Press Coffee Maker,3,32.59,12.0,86.04,37.5,32.27
ORD-001995,2025-02-13,CUST-00108,Ravi Patel,52,Male,Latin America,Colombia,Clothing,Zara Wool Coat,2,191.8,22.0,299.21,49.0,146.61
ORD-001996,2025-02-13,CUST-01510,Riley Flores,41,Male,Asia Pacific,South Korea,Beauty & Personal Care,Tatcha Rice Wash Cleanser,2,56.86,0.0,113.72,42.7,48.56
ORD-001997,2025-02-13,CUST-00913,Thomas Mitchell,40,Female,Europe,Italy,Home & Kitchen,KitchenAid Stand Mixer,3,506.77,12.0,1337.87,22.1,295.67
ORD-001998,2025-02-13,CUST-01222,Layla Hill,27,Male,Middle East,Saudi Arabia,Beauty & Personal Care,Neutrogena SPF 50 Sunscreen,1,25.43,10.0,22.89,53.8,12.31
ORD-001999,2025-02-14,CUST-00081,Susan Khan,23,Female,North America,USA,Home & Kitchen,Roomba i7+ Robot Vacuum,3,856.82,0.0,2570.46,27.9,717.16
ORD-002000,2025-02-14,CUST-00616,Sarah Nguyen,49,Female,Middle East,UAE,Electronics,Sony WH-1000XM5 Headphones,2,422.68,3.0,820.0,12.3,100.86
ORD-002001,2025-02-14,CUST-00533,Mia Lopez,29,Female,Asia Pacific,India,Electronics,"LG OLED 55"" TV",2,1875.18,0.0,3750.36,18.7,701.32
ORD-002002,2025-02-14,CUST-00720,Aiden Khan,39,Male,Latin America,Argentina,Electronics,Dell XPS 15 Laptop,2,1720.97,0.0,3441.94,9.2,316.66
ORD-002003,2025-02-14,CUST-00771,Rafael Garcia,46,Male,Europe,UK,Home & Kitchen,Bamboo Cutting Board Set,3,40.09,9.0,109.45,27.2,29.77
ORD-002004,2025-02-14,CUST-01510,Riley Flores,41,Male,Asia Pacific,South Korea,Electronics,Apple Watch Series 9,1,533.67,9.0,485.64,10.1,49.05
ORD-002005,2025-02-15,CUST-01507,David Scott,45,Male,North America,USA,Beauty & Personal Care,Moroccanoil Hair Oil,1,42.73,0.0,42.73,49.5,21.15
ORD-002006,2025-02-15,CUST-00964,Olivia Johnson,49,Female,Latin America,Colombia,Clothing,Under Armour Sports Bra,3,42.41,10.0,114.51,33.7,38.59
ORD-002007,2025-02-15,CUST-01372,Mary Rossi,39,Female,Europe,Netherlands,Home & Kitchen,Philips Hue Smart Bulb Set,2,96.71,0.0,193.42,33.6,64.99
ORD-002008,2025-02-15,CUST-00387,Charlotte Adams,34,Female,North America,USA,Home & Kitchen,Nespresso Vertuo Coffee Machine,1,252.39,4.0,242.29,31.5,76.32
ORD-002009,2025-02-15,CUST-00220,Lisa Nelson,40,Male,Europe,UK,Home & Kitchen,Dyson V15 Vacuum,2,839.89,17.0,1394.22,35.5,494.95
ORD-002010,2025-02-15,CUST-01150,Amelia Walker,19,Female,Europe,France,Beauty & Personal Care,Neutrogena SPF 50 Sunscreen,5,21.35,18.0,87.54,36.6,32.04
ORD-002011,2025-02-16,CUST-01217,Barbara Ahmed,33,Male,North America,Canada,Clothing,Timberland Boots,3,217.58,19.0,528.72,48.8,258.02
ORD-002012,2025-02-16,CUST-00727,Olivia Green,26,Female,Asia Pacific,Singapore,Electronics,Kindle Paperwhite,2,143.71,12.0,252.93,9.7,24.53
ORD-002013,2025-02-16,CUST-00606,Ana Wilson,47,Male,Europe,UK,Clothing,H&M Cotton T-Shirt Pack,3,33.46,25.0,75.28,35.9,27.03
ORD-002014,2025-02-16,CUST-00549,Fatima Taylor,18,Male,Latin America,Colombia,Home & Kitchen,Smart Thermostat Google Nest,2,174.6,6.0,328.25,22.1,72.54
ORD-002015,2025-02-16,CUST-00753,Yuki Dupont,35,Male,Europe,UK,Clothing,Calvin Klein Underwear Set,4,38.87,21.0,122.83,36.8,45.2
ORD-002016,2025-02-16,CUST-01300,Carlos Dupont,40,Male,North America,Mexico,Electronics,Samsung Galaxy S24,1,1268.9,2.0,1243.52,16.6,206.42
ORD-002017,2025-02-16,CUST-00377,Lucas Green,18,Female,North America,USA,Home & Kitchen,Cuisinart 12-Piece Cookware Set,3,234.16,16.0,590.08,31.5,185.88
ORD-002018,2025-02-17,CUST-00648,John Chen,40,Male,Asia Pacific,Singapore,Beauty & Personal Care,Fenty Beauty Foundation,3,47.21,0.0,141.63,51.5,72.94
ORD-002019,2025-02-18,CUST-01275,James Roberts,24,Female,Asia Pacific,India,Home & Kitchen,IKEA KALLAX Shelf Unit,2,201.36,0.0,402.72,34.7,139.74
ORD-002020,2025-02-18,CUST-00519,Emma Scott,51,Male,Middle East,Qatar,Electronics,GoPro Hero 12,1,415.21,5.0,394.45,19.6,77.31
ORD-002021,2025-02-18,CUST-00105,Joseph Scott,34,Male,North America,USA,Clothing,Calvin Klein Underwear Set,3,53.99,2.0,158.73,41.0,65.08
ORD-002022,2025-02-18,CUST-00130,Harry Dupont,75,Female,Middle East,Saudi Arabia,Electronics,Apple Watch Series 9,2,611.79,0.0,1223.58,17.7,216.57
ORD-002023,2025-02-18,CUST-00354,Wei Garcia,57,Male,Asia Pacific,Singapore,Sports & Outdoors,Hydro Flask 32oz Water Bottle,2,52.19,21.0,82.46,22.2,18.31
ORD-002024,2025-02-18,CUST-01459,Amelia Allen,38,Female,Middle East,Qatar,Beauty & Personal Care,Foreo LUNA Face Massager,3,140.4,10.0,379.08,45.3,171.72
ORD-002025,2025-02-18,CUST-00252,Linda Santos,51,Female,North America,Canada,Home & Kitchen,KitchenAid Stand Mixer,2,475.76,3.0,922.97,38.9,359.04
ORD-002026,2025-02-18,CUST-00280,Yuki Hall,51,Female,Latin America,Argentina,Home & Kitchen,Smart Thermostat Google Nest,3,171.81,0.0,515.43,38.6,198.96
ORD-002027,2025-02-19,CUST-01295,Ahmed Hill,43,Male,Middle East,Saudi Arabia,Beauty & Personal Care,Oral-B Electric Toothbrush Pro,4,99.44,14.0,342.07,37.5,128.28
ORD-002028,2025-02-19,CUST-01113,David Anderson,47,Male,Europe,France,Home & Kitchen,French Press Coffee Maker,3,39.91,0.0,119.73,38.8,46.46
ORD-002029,2025-02-19,CUST-00769,Charles Taylor,36,Female,Europe,France,Home & Kitchen,Nespresso Vertuo Coffee Machine,1,182.23,7.0,169.47,24.0,40.67
ORD-002030,2025-02-19,CUST-00585,Michael Hall,35,Male,Middle East,UAE,Beauty & Personal Care,Neutrogena SPF 50 Sunscreen,4,15.04,17.0,49.93,37.0,18.47
ORD-002031,2025-02-19,CUST-00929,Layla Smith,36,Male,Middle East,Qatar,Electronics,USB-C Hub 7-in-1,1,45.47,0.0,45.47,17.0,7.73
ORD-002032,2025-02-19,CUST-00093,Jennifer Santos,26,Female,North America,Canada,Sports & Outdoors,Foam Roller Set,1,34.98,6.0,32.88,18.1,5.95
ORD-002033,2025-02-19,CUST-00865,Wei Jones,43,Female,Europe,UK,Home & Kitchen,Weighted Blanket 15lbs,1,115.04,0.0,115.04,29.1,33.48
ORD-002034,2025-02-19,CUST-00042,Michael Singh,51,Male,Middle East,UAE,Home & Kitchen,LED Desk Lamp with USB,3,54.34,12.0,143.46,29.0,41.6
ORD-002035,2025-02-19,CUST-01619,Aiden Johnson,41,Male,Latin America,Argentina,Beauty & Personal Care,Neutrogena SPF 50 Sunscreen,1,18.73,0.0,18.73,48.9,9.16
ORD-002036,2025-02-19,CUST-01060,Sarah Jones,31,Male,Latin America,Brazil,Electronics,Apple MacBook Air M2,1,1232.65,14.0,1060.08,14.6,154.77
ORD-002037,2025-02-20,CUST-00269,Laila Williams,33,Female,Asia Pacific,Japan,Beauty & Personal Care,The Ordinary Serum Set,5,28.88,5.0,137.18,59.1,81.07
ORD-002038,2025-02-20,CUST-00180,Robert Young,28,Male,Latin America,Colombia,Electronics,Canon EOS R50 Camera,1,984.81,6.0,925.72,18.5,171.26
ORD-002039,2025-02-20,CUST-01665,Liam Kim,38,Male,Middle East,Qatar,Clothing,North Face Fleece Jacket,4,129.28,13.0,449.89,37.4,168.26
ORD-002040,2025-02-20,CUST-01772,Joseph Johnson,27,Male,Latin America,Colombia,Electronics,USB-C Hub 7-in-1,1,84.1,0.0,84.1,18.5,15.56
ORD-002041,2025-02-20,CUST-00503,Jennifer Young,38,Male,Asia Pacific,Australia,Electronics,"LG OLED 55"" TV",2,1774.45,9.0,3229.5,8.7,280.97
ORD-002042,2025-02-20,CUST-01524,Sofia Miller,52,Female,Europe,UK,Clothing,H&M Cotton T-Shirt Pack,1,25.94,12.0,22.83,40.2,9.18
ORD-002043,2025-02-20,CUST-01305,Ava Müller,40,Male,North America,Mexico,Sports & Outdoors,Fitbit Charge 6,1,196.69,13.0,171.12,21.8,37.3
ORD-002044,2025-02-20,CUST-01219,Patricia Kim,35,Female,Europe,Germany,Beauty & Personal Care,CeraVe Moisturizing Cream,4,26.22,18.0,86.0,56.5,48.59
ORD-002045,2025-02-20,CUST-00352,Linda Jackson,23,Male,Europe,France,Electronics,Dell XPS 15 Laptop,2,1578.09,2.0,3093.06,15.3,473.24
ORD-002046,2025-02-20,CUST-00302,John Nguyen,25,Female,Latin America,Brazil,Beauty & Personal Care,The Ordinary Serum Set,5,30.18,14.0,129.77,51.4,66.7
ORD-002047,2025-02-21,CUST-01687,Amelia Ali,33,Male,Asia Pacific,Japan,Electronics,Dell XPS 15 Laptop,2,1665.46,0.0,3330.92,16.3,542.94
ORD-002048,2025-02-21,CUST-01539,Ali Hall,58,Female,Latin America,Brazil,Electronics,"LG OLED 55"" TV",1,1636.6,2.0,1603.87,17.7,283.88
ORD-002049,2025-02-21,CUST-00584,Aiden Jones,46,Male,North America,Canada,Clothing,Adidas Ultraboost Shoes,3,206.28,6.0,581.71,36.7,213.49
ORD-002050,2025-02-21,CUST-01657,Liam Brown,45,Male,North America,Canada,Clothing,Nike Air Max 270,3,142.86,20.0,342.86,45.2,154.97
ORD-002051,2025-02-21,CUST-00016,Amelia Fernandez,36,Female,Europe,Netherlands,Home & Kitchen,Nespresso Vertuo Coffee Machine,3,238.67,14.0,615.77,30.4,187.19
ORD-002052,2025-02-21,CUST-01564,Mary Flores,44,Female,Middle East,Saudi Arabia,Clothing,Converse Chuck Taylor All Star,2,72.67,23.0,111.91,37.5,41.97
ORD-002053,2025-02-21,CUST-01199,Ava King,32,Female,Latin America,Argentina,Electronics,iPad Pro 11-inch,2,1286.21,0.0,2572.42,8.9,228.95
ORD-002054,2025-02-22,CUST-01604,Hana Roberts,54,Male,Latin America,Colombia,Electronics,Sony PlayStation 5,2,717.75,6.0,1349.37,11.7,157.88
ORD-002055,2025-02-22,CUST-00204,Carlos Lee,37,Female,Asia Pacific,South Korea,Electronics,Dell XPS 15 Laptop,1,1458.82,6.0,1371.29,16.9,231.75
ORD-002056,2025-02-22,CUST-00337,Mason Ahmed,44,Female,Asia Pacific,India,Home & Kitchen,French Press Coffee Maker,1,48.05,0.0,48.05,25.0,12.01
ORD-002057,2025-02-22,CUST-00674,Mason Smith,18,Female,North America,Mexico,Clothing,Calvin Klein Underwear Set,2,57.95,0.0,115.9,41.3,47.87
ORD-002058,2025-02-22,CUST-01793,Richard Smith,21,Male,Middle East,UAE,Beauty & Personal Care,Bioderma Micellar Water 500ml,4,18.9,13.0,65.77,35.0,23.02
ORD-002059,2025-02-22,CUST-00320,Sarah Patel,52,Female,Middle East,UAE,Electronics,Sony PlayStation 5,1,683.94,5.0,649.74,13.9,90.31
ORD-002060,2025-02-22,CUST-01684,Richard Jackson,37,Male,Asia Pacific,Japan,Sports & Outdoors,Fitbit Charge 6,1,191.41,1.0,189.5,20.4,38.66
ORD-002061,2025-02-22,CUST-01489,Wei Santos,38,Female,Middle East,Saudi Arabia,Sports & Outdoors,Spalding NBA Basketball,1,34.17,0.0,34.17,29.8,10.18
ORD-002062,2025-02-22,CUST-00627,Jennifer Williams,18,Female,Europe,Netherlands,Sports & Outdoors,Bowflex SelectTech Dumbbells,1,429.36,0.0,429.36,29.7,127.52
ORD-002063,2025-02-22,CUST-00391,Liam Ali,49,Female,Middle East,UAE,Clothing,Levi's 501 Jeans,4,93.38,0.0,373.52,46.9,175.18
ORD-002064,2025-02-22,CUST-00504,Laila Scott,39,Male,Middle East,Qatar,Sports & Outdoors,Yoga Mat Premium Non-Slip,2,60.52,8.0,111.36,22.8,25.39
ORD-002065,2025-02-22,CUST-01615,Emma Anderson,28,Male,Asia Pacific,Singapore,Home & Kitchen,Smart Thermostat Google Nest,2,184.01,14.0,316.5,25.9,81.97
ORD-002066,2025-02-23,CUST-00217,Aiden Johnson,37,Male,North America,Mexico,Clothing,Uniqlo Down Jacket,4,105.93,0.0,423.72,35.3,149.57
ORD-002067,2025-02-23,CUST-00264,John Harris,23,Female,Latin America,Argentina,Beauty & Personal Care,Charlotte Tilbury Lipstick,5,45.43,18.0,186.26,56.7,105.61
ORD-002068,2025-02-23,CUST-00296,Hana Singh,57,Male,Europe,Netherlands,Clothing,Ray-Ban Aviator Sunglasses,3,200.39,24.0,456.89,44.0,201.03
ORD-002069,2025-02-23,CUST-00297,Noah Walker,18,Male,Latin America,Argentina,Clothing,Adidas Ultraboost Shoes,1,164.67,23.0,126.8,36.4,46.16
ORD-002070,2025-02-23,CUST-00759,Ahmed Wilson,35,Male,North America,USA,Beauty & Personal Care,Fenty Beauty Foundation,3,52.99,11.0,141.48,56.9,80.5
ORD-002071,2025-02-23,CUST-01703,Layla King,27,Female,North America,Canada,Clothing,Timberland Boots,4,182.56,19.0,591.49,34.9,206.43
ORD-002072,2025-02-23,CUST-01017,Ahmed Green,29,Female,Latin America,Argentina,Clothing,Converse Chuck Taylor All Star,1,87.78,21.0,69.35,52.9,36.69
ORD-002073,2025-02-23,CUST-01311,William Allen,42,Male,North America,Mexico,Clothing,Uniqlo Down Jacket,1,130.96,16.0,110.01,32.3,35.53
ORD-002074,2025-02-23,CUST-00542,Richard Green,18,Female,Europe,France,Clothing,Nike Air Max 270,2,171.8,2.0,336.73,53.2,179.14
ORD-002075,2025-02-23,CUST-00012,David Wright,38,Female,Asia Pacific,Singapore,Clothing,Converse Chuck Taylor All Star,1,81.27,25.0,60.95,43.6,26.57
ORD-002076,2025-02-24,CUST-00416,Susan Nguyen,39,Male,Latin America,Colombia,Beauty & Personal Care,Dyson Airwrap Styler,5,629.49,18.0,2580.91,59.9,1545.97
ORD-002077,2025-02-24,CUST-01438,Sophia Martin,19,Male,Europe,France,Home & Kitchen,Weighted Blanket 15lbs,3,71.14,9.0,194.21,37.7,73.22
ORD-002078,2025-02-24,CUST-00501,Olivia Roberts,27,Male,Middle East,Saudi Arabia,Electronics,Dell XPS 15 Laptop,1,1462.16,10.0,1315.94,16.2,213.18
ORD-002079,2025-02-24,CUST-01415,Ava Miller,44,Female,Latin America,Brazil,Clothing,Timberland Boots,4,226.16,0.0,904.64,54.5,493.03
ORD-002080,2025-02-24,CUST-00486,Harry King,32,Female,Europe,Germany,Sports & Outdoors,Yoga Mat Premium Non-Slip,1,46.32,0.0,46.32,32.0,14.82
ORD-002081,2025-02-24,CUST-01037,Rafael Taylor,54,Female,Latin America,Argentina,Beauty & Personal Care,CeraVe Moisturizing Cream,3,17.59,5.0,50.13,35.3,17.7
ORD-002082,2025-02-24,CUST-01745,David Thompson,33,Female,Asia Pacific,Singapore,Electronics,Apple Watch Series 9,2,458.98,2.0,899.6,18.7,168.23
ORD-002083,2025-02-24,CUST-01443,Emma Ahmed,47,Male,North America,USA,Home & Kitchen,Bamboo Cutting Board Set,3,42.57,18.0,104.72,21.8,22.83
ORD-002084,2025-02-24,CUST-01364,Muhammad Hall,31,Male,North America,Mexico,Clothing,Under Armour Sports Bra,2,53.93,29.0,76.58,38.0,29.1
ORD-002085,2025-02-25,CUST-00757,Sofia Wilson,35,Female,Latin America,Argentina,Electronics,Canon EOS R50 Camera,1,849.75,9.0,773.27,12.7,98.21
ORD-002086,2025-02-25,CUST-01754,Jessica Schmidt,41,Male,Middle East,Saudi Arabia,Home & Kitchen,Smart Thermostat Google Nest,2,169.84,14.0,292.12,34.8,101.66
ORD-002087,2025-02-25,CUST-00607,Layla Carter,47,Female,Europe,Italy,Electronics,iPhone 15 Pro,2,1251.06,5.0,2377.01,11.7,278.11
ORD-002088,2025-02-25,CUST-01175,Lucas Miller,46,Male,Asia Pacific,South Korea,Sports & Outdoors,Spalding NBA Basketball,2,45.86,0.0,91.72,20.1,18.44
ORD-002089,2025-02-25,CUST-01221,Ava Ali,19,Male,Asia Pacific,Singapore,Sports & Outdoors,TRX Suspension Trainer,1,218.03,16.0,183.15,21.4,39.19
ORD-002090,2025-02-25,CUST-01095,Richard Harris,59,Male,Middle East,UAE,Sports & Outdoors,Spalding NBA Basketball,1,45.51,0.0,45.51,33.5,15.25
ORD-002091,2025-02-25,CUST-00821,Sarah Baker,32,Female,Latin America,Brazil,Sports & Outdoors,Speedo Swim Goggles,1,35.36,1.0,35.01,37.7,13.2
ORD-002092,2025-02-25,CUST-00143,Michael Jackson,18,Female,Asia Pacific,South Korea,Electronics,Sony PlayStation 5,1,635.05,2.0,622.35,17.1,106.42
ORD-002093,2025-02-26,CUST-00801,Harry Schmidt,18,Male,Europe,Italy,Electronics,Sony WH-1000XM5 Headphones,2,416.39,0.0,832.78,12.1,100.77
ORD-002094,2025-02-26,CUST-01001,Priya Schmidt,46,Male,Middle East,UAE,Sports & Outdoors,Coleman 4-Person Camping Tent,1,218.71,0.0,218.71,22.3,48.77
ORD-002095,2025-02-26,CUST-00407,Ana Garcia,38,Female,Asia Pacific,Japan,Electronics,iPhone 15 Pro,1,1248.9,0.0,1248.9,8.3,103.66
ORD-002096,2025-02-26,CUST-01213,William Chen,37,Female,North America,Canada,Electronics,Dell XPS 15 Laptop,2,1330.47,10.0,2394.85,10.1,241.88
ORD-002097,2025-02-26,CUST-01006,Patricia Singh,51,Female,Asia Pacific,Australia,Beauty & Personal Care,The Ordinary Serum Set,2,26.87,0.0,53.74,44.1,23.7
ORD-002098,2025-02-26,CUST-01749,Mia Jones,26,Female,Asia Pacific,Singapore,Beauty & Personal Care,Oral-B Electric Toothbrush Pro,3,102.71,19.0,249.59,44.9,112.07
ORD-002099,2025-02-26,CUST-01565,Jennifer Allen,28,Male,North America,Mexico,Electronics,Sony WH-1000XM5 Headphones,1,372.59,12.0,327.88,11.6,38.03
ORD-002100,2025-02-27,CUST-00051,Barbara Jackson,25,Female,Asia Pacific,Singapore,Clothing,Gucci Belt,2,400.51,13.0,696.89,34.9,243.21
ORD-002101,2025-02-27,CUST-01154,Priya Miller,29,Male,Asia Pacific,India,Clothing,Uniqlo Down Jacket,2,153.77,13.0,267.56,37.3,99.8
ORD-002102,2025-02-27,CUST-00302,John Nguyen,25,Female,Latin America,Brazil,Home & Kitchen,Roomba i7+ Robot Vacuum,2,792.71,12.0,1395.17,38.0,530.16
ORD-002103,2025-02-27,CUST-01305,Ava Müller,40,Male,North America,Mexico,Clothing,Tommy Hilfiger Polo Shirt,1,71.31,26.0,52.77,53.5,28.23
ORD-002104,2025-02-27,CUST-01761,Lucas Miller,40,Female,Europe,UK,Electronics,GoPro Hero 12,2,495.74,14.0,852.67,8.8,75.03
ORD-002105,2025-02-27,CUST-01496,Charles Thomas,27,Male,Asia Pacific,Japan,Clothing,Converse Chuck Taylor All Star,3,65.81,14.0,169.79,37.8,64.18
ORD-002106,2025-02-27,CUST-01418,Lisa Davis,27,Male,North America,Mexico,Electronics,iPad Pro 11-inch,2,1088.48,0.0,2176.96,16.8,365.73
ORD-002107,2025-02-27,CUST-01687,Amelia Ali,33,Male,Asia Pacific,Japan,Electronics,Canon EOS R50 Camera,1,827.9,10.0,745.11,10.6,78.98
ORD-002108,2025-02-27,CUST-00826,Sofia Jones,38,Male,Asia Pacific,Singapore,Sports & Outdoors,Foam Roller Set,1,49.08,2.0,48.1,20.8,10.0
ORD-002109,2025-02-28,CUST-01093,William Baker,18,Female,Asia Pacific,Japan,Clothing,Nike Air Max 270,2,169.67,0.0,339.34,45.4,154.06
ORD-002110,2025-02-28,CUST-00159,Isabella Davis,18,Male,Latin America,Colombia,Electronics,Sony WH-1000XM5 Headphones,1,314.95,3.0,305.5,17.8,54.38
ORD-002111,2025-02-28,CUST-00616,Sarah Nguyen,49,Female,Middle East,UAE,Sports & Outdoors,Hydro Flask 32oz Water Bottle,1,58.54,9.0,53.27,24.5,13.05
ORD-002112,2025-02-28,CUST-01358,Carlos Davis,23,Female,Middle East,Saudi Arabia,Sports & Outdoors,Camping Sleeping Bag -10°C,2,143.27,11.0,255.02,19.8,50.49
ORD-002113,2025-02-28,CUST-00428,Mia Walker,40,Male,Europe,UK,Home & Kitchen,KitchenAid Stand Mixer,2,513.22,16.0,862.21,32.0,275.91
ORD-002114,2025-02-28,CUST-01400,Riley Nelson,63,Female,North America,USA,Sports & Outdoors,Resistance Bands Set,1,31.0,21.0,24.49,23.9,5.85
ORD-002115,2025-03-01,CUST-00495,Ravi Schmidt,52,Male,Europe,Spain,Home & Kitchen,Air Purifier HEPA,1,249.79,7.0,232.3,38.9,90.36
ORD-002116,2025-03-01,CUST-01291,Linda Green,26,Male,North America,Canada,Beauty & Personal Care,Foreo LUNA Face Massager,2,149.84,0.0,299.68,52.9,158.53
ORD-002117,2025-03-01,CUST-00821,Sarah Baker,32,Female,Latin America,Brazil,Home & Kitchen,IKEA KALLAX Shelf Unit,3,166.56,1.0,494.68,21.8,107.84
ORD-002118,2025-03-01,CUST-00735,Ava Rossi,43,Female,Asia Pacific,Singapore,Home & Kitchen,LED Desk Lamp with USB,1,50.57,0.0,50.57,25.7,13.0
ORD-002119,2025-03-01,CUST-00654,Mary Martinez,21,Male,North America,Canada,Home & Kitchen,Nespresso Vertuo Coffee Machine,3,202.5,14.0,522.45,38.6,201.67
ORD-002120,2025-03-01,CUST-01466,Laila Wilson,34,Female,Asia Pacific,Singapore,Electronics,Apple Watch Series 9,2,479.3,6.0,901.08,18.2,164.0
ORD-002121,2025-03-01,CUST-01024,Layla Singh,25,Male,Asia Pacific,Japan,Home & Kitchen,Cuisinart 12-Piece Cookware Set,1,332.07,0.0,332.07,34.1,113.24
ORD-002122,2025-03-01,CUST-00921,Joseph Wright,36,Female,North America,USA,Home & Kitchen,IKEA KALLAX Shelf Unit,3,210.04,7.0,586.01,34.7,203.35
ORD-002123,2025-03-02,CUST-01469,Mary Roberts,45,Male,Latin America,Brazil,Electronics,iPhone 15 Pro,2,1270.01,14.0,2184.42,10.2,222.81
ORD-002124,2025-03-02,CUST-01145,Charlotte Lopez,44,Female,Europe,Spain,Home & Kitchen,Philips Hue Smart Bulb Set,2,73.46,3.0,142.51,26.6,37.91
ORD-002125,2025-03-02,CUST-01584,Barbara Schmidt,38,Male,Asia Pacific,Singapore,Sports & Outdoors,Hydro Flask 32oz Water Bottle,1,50.65,14.0,43.56,27.2,11.85
ORD-002126,2025-03-02,CUST-00426,Ravi Young,23,Female,Middle East,UAE,Sports & Outdoors,Garmin GPS Running Watch,2,357.55,14.0,614.99,25.6,157.44
ORD-002127,2025-03-02,CUST-01283,Sarah Dupont,18,Male,Latin America,Brazil,Beauty & Personal Care,Moroccanoil Hair Oil,4,43.73,2.0,171.42,54.0,92.57
ORD-002128,2025-03-02,CUST-01789,Ravi Scott,22,Male,Europe,Italy,Sports & Outdoors,Yoga Mat Premium Non-Slip,3,71.06,0.0,213.18,35.0,74.61
ORD-002129,2025-03-02,CUST-00948,Ravi Patel,30,Male,Asia Pacific,Singapore,Clothing,Gucci Belt,3,496.99,5.0,1416.42,41.6,589.23
ORD-002130,2025-03-02,CUST-00527,Michael Fernandez,42,Male,Latin America,Colombia,Electronics,"LG OLED 55"" TV",1,1941.84,13.0,1689.4,9.3,157.11
ORD-002131,2025-03-02,CUST-01559,Linda Jackson,21,Male,Asia Pacific,India,Clothing,Ray-Ban Aviator Sunglasses,1,199.42,1.0,197.43,43.1,85.09
ORD-002132,2025-03-02,CUST-00147,Mason Allen,41,Female,Asia Pacific,Singapore,Electronics,"LG OLED 55"" TV",1,1527.65,1.0,1512.37,9.7,146.7
ORD-002133,2025-03-02,CUST-00327,Yuki Thomas,39,Female,Middle East,Qatar,Beauty & Personal Care,Charlotte Tilbury Lipstick,5,43.86,8.0,201.76,37.7,76.06
ORD-002134,2025-03-02,CUST-01167,Wei King,18,Female,Latin America,Colombia,Beauty & Personal Care,The Ordinary Serum Set,3,25.67,11.0,68.54,58.2,39.89
ORD-002135,2025-03-02,CUST-00679,Robert Martinez,25,Female,Europe,Germany,Home & Kitchen,Nespresso Vertuo Coffee Machine,3,192.37,5.0,548.25,33.9,185.86
ORD-002136,2025-03-02,CUST-00825,Priya Dupont,32,Male,Asia Pacific,South Korea,Electronics,Bose SoundLink Speaker,2,254.83,2.0,499.47,14.2,70.92
ORD-002137,2025-03-03,CUST-01298,Isabella Carter,26,Male,Middle East,Qatar,Home & Kitchen,French Press Coffee Maker,1,46.69,0.0,46.69,24.6,11.49
ORD-002138,2025-03-03,CUST-01664,Mia Scott,32,Male,Middle East,UAE,Sports & Outdoors,Trek FX3 Bicycle,1,916.9,0.0,916.9,19.9,182.46
ORD-002139,2025-03-03,CUST-01474,Linda Harris,42,Female,Middle East,Qatar,Electronics,iPad Pro 11-inch,1,1011.06,14.0,869.51,17.1,148.69
ORD-002140,2025-03-03,CUST-00197,Jennifer Chen,46,Male,Europe,Germany,Electronics,Bose SoundLink Speaker,1,223.87,0.0,223.87,14.1,31.57
ORD-002141,2025-03-03,CUST-01120,Susan Anderson,18,Male,Latin America,Brazil,Sports & Outdoors,Trek FX3 Bicycle,3,1010.64,0.0,3031.92,31.5,955.05
ORD-002142,2025-03-03,CUST-00975,Mary Fernandez,43,Male,Middle East,Qatar,Electronics,Sony PlayStation 5,1,595.23,0.0,595.23,8.7,51.79
ORD-002143,2025-03-03,CUST-01415,Ava Miller,44,Female,Latin America,Brazil,Clothing,H&M Cotton T-Shirt Pack,3,35.61,0.0,106.83,42.3,45.19
ORD-002144,2025-03-04,CUST-00382,Fatima Lee,21,Female,Latin America,Brazil,Sports & Outdoors,Garmin GPS Running Watch,2,389.93,11.0,694.08,34.1,236.68
ORD-002145,2025-03-04,CUST-00017,Sophia Young,27,Female,Europe,UK,Electronics,iPad Pro 11-inch,2,1308.75,9.0,2381.93,8.2,195.32
ORD-002146,2025-03-04,CUST-01337,Sofia Roberts,49,Male,Middle East,UAE,Sports & Outdoors,Speedo Swim Goggles,1,25.41,0.0,25.41,19.9,5.06
ORD-002147,2025-03-04,CUST-00940,Robert Roberts,40,Female,Middle East,Qatar,Electronics,Samsung Galaxy S24,1,1165.56,13.0,1014.04,10.9,110.53
ORD-002148,2025-03-04,CUST-00589,Jessica Garcia,50,Female,Middle East,Qatar,Clothing,H&M Cotton T-Shirt Pack,1,25.15,22.0,19.62,41.8,8.2
ORD-002149,2025-03-04,CUST-00750,Yuki Hill,34,Female,Europe,Spain,Electronics,Sony PlayStation 5,1,656.04,0.0,656.04,19.1,125.3
ORD-002150,2025-03-04,CUST-00507,Michael Johnson,34,Female,Middle East,Saudi Arabia,Home & Kitchen,Nespresso Vertuo Coffee Machine,1,207.16,0.0,207.16,32.6,67.53
ORD-002151,2025-03-04,CUST-01078,Sophia Rossi,35,Female,Asia Pacific,India,Clothing,Zara Wool Coat,4,211.54,17.0,702.31,55.0,386.27
ORD-002152,2025-03-04,CUST-00826,Sofia Jones,38,Male,Asia Pacific,Singapore,Clothing,Levi's 501 Jeans,1,76.19,13.0,66.29,31.1,20.62
ORD-002153,2025-03-04,CUST-01781,Robert Nelson,27,Male,Middle East,Qatar,Electronics,Samsung Galaxy S24,2,1205.66,11.0,2146.07,13.2,283.28
ORD-002154,2025-03-05,CUST-00462,Thomas White,43,Male,Europe,Italy,Sports & Outdoors,Speedo Swim Goggles,2,29.71,0.0,59.42,29.5,17.53
ORD-002155,2025-03-05,CUST-01175,Lucas Miller,46,Male,Asia Pacific,South Korea,Electronics,Sony PlayStation 5,1,631.58,2.0,618.95,10.9,67.47
ORD-002156,2025-03-05,CUST-00273,Michael Martin,26,Female,Asia Pacific,Japan,Electronics,Kindle Paperwhite,2,144.89,0.0,289.78,9.6,27.82
ORD-002157,2025-03-05,CUST-01559,Linda Jackson,21,Male,Asia Pacific,India,Home & Kitchen,Air Purifier HEPA,3,267.33,5.0,761.89,25.4,193.52
ORD-002158,2025-03-06,CUST-00971,Karen Flores,41,Female,Asia Pacific,South Korea,Beauty & Personal Care,Bath & Body Works Candle Set,2,41.16,9.0,74.91,38.7,28.99
ORD-002159,2025-03-06,CUST-01319,Riley Anderson,40,Male,North America,Mexico,Beauty & Personal Care,Dyson Airwrap Styler,3,607.38,14.0,1567.04,46.2,723.97
ORD-002160,2025-03-06,CUST-00948,Ravi Patel,30,Male,Asia Pacific,Singapore,Clothing,Adidas Ultraboost Shoes,3,192.53,10.0,519.83,51.8,269.27
ORD-002161,2025-03-06,CUST-00740,Hana Garcia,41,Female,Europe,Netherlands,Clothing,H&M Cotton T-Shirt Pack,4,31.28,2.0,122.62,37.3,45.74
ORD-002162,2025-03-06,CUST-01129,Ali Dupont,43,Male,Latin America,Brazil,Clothing,North Face Fleece Jacket,4,129.6,0.0,518.4,38.0,196.99
ORD-002163,2025-03-06,CUST-00337,Mason Ahmed,44,Female,Asia Pacific,India,Electronics,Bose SoundLink Speaker,2,242.66,0.0,485.32,9.0,43.68
ORD-002164,2025-03-07,CUST-00233,Susan Thompson,49,Male,Latin America,Argentina,Beauty & Personal Care,Fenty Beauty Foundation,5,42.89,0.0,214.45,54.4,116.66
ORD-002165,2025-03-07,CUST-01010,David Nelson,18,Male,Asia Pacific,Japan,Sports & Outdoors,Trek FX3 Bicycle,3,1031.9,0.0,3095.7,22.3,690.34
ORD-002166,2025-03-07,CUST-00290,Sofia Ahmed,45,Female,Middle East,Saudi Arabia,Clothing,Timberland Boots,4,240.62,30.0,673.74,36.3,244.57
ORD-002167,2025-03-07,CUST-00471,Ravi Hall,38,Female,Middle East,UAE,Electronics,iPad Pro 11-inch,1,1032.48,14.0,887.93,16.1,142.96
ORD-002168,2025-03-07,CUST-01565,Jennifer Allen,28,Male,North America,Mexico,Electronics,Samsung Galaxy S24,1,1006.14,0.0,1006.14,18.4,185.13
ORD-002169,2025-03-07,CUST-01577,Amelia Wright,25,Male,North America,Mexico,Clothing,Zara Wool Coat,1,152.66,10.0,137.39,50.6,69.52
ORD-002170,2025-03-07,CUST-01042,Layla Wilson,35,Male,North America,Canada,Electronics,Apple Watch Series 9,1,473.59,0.0,473.59,19.0,89.98
ORD-002171,2025-03-07,CUST-00555,David Fernandez,39,Female,Europe,Spain,Home & Kitchen,French Press Coffee Maker,2,46.08,0.0,92.16,39.1,36.03
ORD-002172,2025-03-08,CUST-00019,Barbara Thompson,34,Female,Middle East,Qatar,Electronics,iPhone 15 Pro,1,1300.74,7.0,1209.69,12.3,148.79
ORD-002173,2025-03-08,CUST-00296,Hana Singh,57,Male,Europe,Netherlands,Beauty & Personal Care,Bioderma Micellar Water 500ml,4,20.88,3.0,81.01,37.2,30.14
ORD-002174,2025-03-08,CUST-00107,Jessica Nguyen,35,Male,Middle East,Saudi Arabia,Home & Kitchen,LED Desk Lamp with USB,1,66.24,11.0,58.95,26.9,15.86
ORD-002175,2025-03-08,CUST-01158,Yuki White,28,Female,Asia Pacific,Japan,Home & Kitchen,Smart Thermostat Google Nest,3,193.18,11.0,515.79,38.2,197.03
ORD-002176,2025-03-08,CUST-01603,Ali Wang,57,Male,North America,USA,Sports & Outdoors,Trek FX3 Bicycle,1,940.28,21.0,742.82,29.2,216.9
ORD-002177,2025-03-09,CUST-00834,Jennifer King,35,Female,Europe,Italy,Clothing,Gucci Belt,2,463.18,0.0,926.36,53.0,490.97
ORD-002178,2025-03-09,CUST-01704,Lucas Chen,47,Female,Latin America,Brazil,Sports & Outdoors,Camping Sleeping Bag -10°C,2,148.52,0.0,297.04,23.7,70.4
ORD-002179,2025-03-09,CUST-01105,Mia Kim,42,Male,North America,Mexico,Home & Kitchen,Smart Thermostat Google Nest,1,159.56,5.0,151.58,36.6,55.48
ORD-002180,2025-03-09,CUST-00653,Ava Young,54,Female,Asia Pacific,South Korea,Beauty & Personal Care,Foreo LUNA Face Massager,2,165.76,0.0,331.52,39.9,132.28
ORD-002181,2025-03-09,CUST-00437,Charlotte Brown,23,Female,North America,Mexico,Home & Kitchen,LED Desk Lamp with USB,1,57.08,2.0,55.94,34.8,19.47
ORD-002182,2025-03-09,CUST-00796,Harry Brown,53,Female,Middle East,Saudi Arabia,Sports & Outdoors,Fitbit Charge 6,1,174.25,0.0,174.25,22.5,39.21
ORD-002183,2025-03-09,CUST-00317,Patricia Martin,47,Male,Europe,France,Home & Kitchen,French Press Coffee Maker,1,48.28,10.0,43.45,24.8,10.78
ORD-002184,2025-03-09,CUST-00400,Emma Thomas,40,Female,Middle East,Qatar,Home & Kitchen,Instant Pot Duo 7-in-1,1,131.56,0.0,131.56,38.1,50.12
ORD-002185,2025-03-09,CUST-01031,Ahmed Jones,26,Male,Latin America,Argentina,Clothing,Ray-Ban Aviator Sunglasses,4,208.93,30.0,585.0,31.2,182.52
ORD-002186,2025-03-09,CUST-00847,Susan Lopez,25,Male,North America,USA,Clothing,Levi's 501 Jeans,2,89.79,5.0,170.6,37.0,63.12
ORD-002187,2025-03-09,CUST-00085,Robert Singh,44,Female,Europe,France,Home & Kitchen,IKEA KALLAX Shelf Unit,2,159.08,13.0,276.8,21.5,59.51
ORD-002188,2025-03-09,CUST-00468,Sophia Martin,24,Male,Europe,Netherlands,Electronics,Ring Video Doorbell,2,173.1,9.0,315.04,9.3,29.3
ORD-002189,2025-03-09,CUST-01221,Ava Ali,19,Male,Asia Pacific,Singapore,Clothing,Puma Running Shorts,1,53.28,0.0,53.28,36.9,19.66
ORD-002190,2025-03-09,CUST-01768,Thomas Miller,40,Male,Middle East,UAE,Beauty & Personal Care,Charlotte Tilbury Lipstick,1,35.69,0.0,35.69,56.6,20.2
ORD-002191,2025-03-09,CUST-00274,Sophia Walker,37,Male,Latin America,Argentina,Electronics,"LG OLED 55"" TV",2,1669.47,0.0,3338.94,19.8,661.11
ORD-002192,2025-03-09,CUST-01191,Linda Lee,39,Female,North America,Mexico,Electronics,"LG OLED 55"" TV",2,2091.47,5.0,3973.79,15.0,596.07
ORD-002193,2025-03-10,CUST-00812,Wei Schmidt,60,Male,Europe,Germany,Beauty & Personal Care,The Ordinary Serum Set,3,40.1,9.0,109.47,51.0,55.83
ORD-002194,2025-03-10,CUST-00053,Lucas Carter,45,Female,North America,Mexico,Sports & Outdoors,TRX Suspension Trainer,2,211.72,21.0,334.52,22.5,75.27
ORD-002195,2025-03-10,CUST-00898,David Harris,41,Female,Latin America,Argentina,Electronics,Sony WH-1000XM5 Headphones,1,309.29,3.0,300.01,10.3,30.9
ORD-002196,2025-03-10,CUST-01401,Laila Brown,38,Male,Europe,UK,Beauty & Personal Care,CeraVe Moisturizing Cream,2,20.76,10.0,37.37,35.8,13.38
ORD-002197,2025-03-10,CUST-00594,Ava Davis,29,Female,North America,USA,Beauty & Personal Care,Charlotte Tilbury Lipstick,4,40.81,0.0,163.24,46.0,75.09
ORD-002198,2025-03-10,CUST-00616,Sarah Nguyen,49,Female,Middle East,UAE,Clothing,Calvin Klein Underwear Set,2,53.6,5.0,101.84,54.9,55.91
ORD-002199,2025-03-10,CUST-01349,Robert Khan,48,Female,Middle East,Qatar,Home & Kitchen,IKEA KALLAX Shelf Unit,2,182.3,16.0,306.26,34.1,104.43
ORD-002200,2025-03-11,CUST-00303,Ravi Rossi,32,Female,Europe,Italy,Electronics,"LG OLED 55"" TV",1,1593.7,0.0,1593.7,12.2,194.43
ORD-002201,2025-03-11,CUST-00744,Layla Walker,33,Female,North America,Mexico,Home & Kitchen,Air Purifier HEPA,1,180.04,15.0,153.03,37.1,56.77
ORD-002202,2025-03-11,CUST-00643,Harry Jones,48,Female,North America,Mexico,Clothing,Puma Running Shorts,3,51.17,14.0,132.02,39.6,52.28
ORD-002203,2025-03-12,CUST-00279,Mia Santos,18,Female,North America,USA,Sports & Outdoors,Yoga Mat Premium Non-Slip,2,54.6,0.0,109.2,24.1,26.32
ORD-002204,2025-03-12,CUST-00444,Hana King,26,Male,North America,Mexico,Clothing,Nike Air Max 270,3,131.27,23.0,303.23,37.4,113.41
ORD-002205,2025-03-12,CUST-00383,Ravi Roberts,65,Female,Middle East,Qatar,Sports & Outdoors,TRX Suspension Trainer,2,180.11,0.0,360.22,37.8,136.16
ORD-002206,2025-03-12,CUST-01314,Karen Brown,56,Female,Latin America,Colombia,Clothing,Ray-Ban Aviator Sunglasses,3,170.77,0.0,512.31,32.1,164.45
ORD-002207,2025-03-12,CUST-01489,Wei Santos,38,Female,Middle East,Saudi Arabia,Sports & Outdoors,Speedo Swim Goggles,3,38.08,0.0,114.24,35.0,39.98
ORD-002208,2025-03-12,CUST-00011,Joseph Miller,22,Male,Europe,France,Sports & Outdoors,Trek FX3 Bicycle,1,981.33,0.0,981.33,18.9,185.47
ORD-002209,2025-03-12,CUST-01398,Rafael Ahmed,35,Female,Middle East,Saudi Arabia,Clothing,Puma Running Shorts,3,39.06,0.0,117.18,32.3,37.85
ORD-002210,2025-03-12,CUST-00707,John Thomas,28,Female,Middle East,Qatar,Sports & Outdoors,Speedo Swim Goggles,2,36.88,6.0,69.33,19.9,13.8
ORD-002211,2025-03-13,CUST-01473,Ana Carter,18,Male,Latin America,Brazil,Electronics,Sony PlayStation 5,2,640.74,13.0,1114.89,16.4,182.84
ORD-002212,2025-03-13,CUST-00902,Harry Anderson,19,Female,North America,USA,Clothing,Uniqlo Down Jacket,2,97.69,22.0,152.4,39.2,59.74
ORD-002213,2025-03-13,CUST-00177,Riley Schmidt,45,Male,Middle East,UAE,Clothing,Uniqlo Down Jacket,4,137.17,0.0,548.68,36.6,200.82
ORD-002214,2025-03-13,CUST-01650,Noah Carter,34,Female,Latin America,Argentina,Home & Kitchen,IKEA KALLAX Shelf Unit,3,214.35,14.0,553.02,25.2,139.36
ORD-002215,2025-03-13,CUST-01739,Ethan Martin,49,Male,Middle East,Qatar,Clothing,H&M Cotton T-Shirt Pack,1,40.35,25.0,30.26,35.3,10.68
ORD-002216,2025-03-13,CUST-01785,Chen Martin,33,Male,Europe,Italy,Home & Kitchen,LED Desk Lamp with USB,2,48.4,10.0,87.12,33.4,29.1
ORD-002217,2025-03-14,CUST-01047,Ahmed Jones,46,Male,Latin America,Argentina,Clothing,Gucci Belt,4,496.35,14.0,1707.44,34.5,589.07
ORD-002218,2025-03-14,CUST-00948,Ravi Patel,30,Male,Asia Pacific,Singapore,Clothing,Nike Air Max 270,1,155.27,12.0,136.64,41.0,56.02
ORD-002219,2025-03-14,CUST-01797,Ravi Hill,45,Male,Latin America,Brazil,Home & Kitchen,Weighted Blanket 15lbs,1,108.79,0.0,108.79,39.1,42.54
ORD-002220,2025-03-15,CUST-01189,Wei Baker,43,Male,North America,Mexico,Home & Kitchen,Nespresso Vertuo Coffee Machine,2,248.5,1.0,492.03,34.3,168.77
ORD-002221,2025-03-15,CUST-00474,Richard Allen,47,Male,Middle East,Saudi Arabia,Home & Kitchen,Bamboo Cutting Board Set,1,37.24,2.0,36.5,37.5,13.69
ORD-002222,2025-03-15,CUST-00456,Yuki Ali,40,Male,Latin America,Colombia,Sports & Outdoors,TRX Suspension Trainer,2,233.11,15.0,396.29,21.8,86.39
ORD-002223,2025-03-15,CUST-00063,Rafael Roberts,33,Male,Latin America,Colombia,Electronics,Canon EOS R50 Camera,2,896.59,0.0,1793.18,10.4,186.49
ORD-002224,2025-03-15,CUST-00745,Richard Allen,38,Male,North America,USA,Electronics,Kindle Paperwhite,1,157.23,0.0,157.23,11.5,18.08
ORD-002225,2025-03-15,CUST-00912,Ethan Wright,18,Female,Europe,Netherlands,Sports & Outdoors,Hydro Flask 32oz Water Bottle,2,58.56,0.0,117.12,29.3,34.32
ORD-002226,2025-03-15,CUST-00054,Susan Jones,38,Male,North America,Mexico,Beauty & Personal Care,Fenty Beauty Foundation,4,40.67,11.0,144.79,35.4,51.26
ORD-002227,2025-03-15,CUST-01492,John Adams,47,Male,North America,USA,Home & Kitchen,Smart Thermostat Google Nest,3,168.78,12.0,445.58,20.8,92.68
ORD-002228,2025-03-16,CUST-01525,Sophia Davis,42,Male,Latin America,Brazil,Beauty & Personal Care,The Ordinary Serum Set,1,23.14,19.0,18.74,47.1,8.83
ORD-002229,2025-03-16,CUST-00793,Michael Torres,60,Male,Middle East,Qatar,Home & Kitchen,Dyson V15 Vacuum,2,793.42,11.0,1412.29,29.5,416.63
ORD-002230,2025-03-16,CUST-00320,Sarah Patel,52,Female,Middle East,UAE,Home & Kitchen,Cuisinart 12-Piece Cookware Set,2,239.97,16.0,403.15,28.9,116.51
ORD-002231,2025-03-16,CUST-00133,Riley Hall,25,Male,Middle East,Saudi Arabia,Home & Kitchen,Cuisinart 12-Piece Cookware Set,1,258.31,0.0,258.31,39.4,101.77
ORD-002232,2025-03-16,CUST-01176,Oliver Walker,49,Male,North America,Canada,Home & Kitchen,Weighted Blanket 15lbs,2,99.81,0.0,199.62,31.9,63.68
ORD-002233,2025-03-16,CUST-01300,Carlos Dupont,40,Male,North America,Mexico,Clothing,Levi's 501 Jeans,4,84.57,26.0,250.33,43.6,109.14
ORD-002234,2025-03-16,CUST-00114,William Green,43,Female,North America,USA,Clothing,Nike Air Max 270,2,145.51,1.0,288.11,42.5,122.45
ORD-002235,2025-03-16,CUST-00403,Lisa Fernandez,30,Male,Latin America,Argentina,Sports & Outdoors,Bowflex SelectTech Dumbbells,1,341.16,0.0,341.16,20.3,69.26
ORD-002236,2025-03-17,CUST-01065,Sofia Wright,21,Male,North America,USA,Sports & Outdoors,Resistance Bands Set,3,43.55,0.0,130.65,19.9,26.0
ORD-002237,2025-03-17,CUST-00116,Karen Santos,34,Female,Asia Pacific,India,Sports & Outdoors,Bowflex SelectTech Dumbbells,3,477.04,18.0,1173.52,29.3,343.84
ORD-002238,2025-03-17,CUST-01662,Sofia Brown,29,Male,Middle East,UAE,Sports & Outdoors,TRX Suspension Trainer,2,200.1,10.0,360.18,28.4,102.29
ORD-002239,2025-03-17,CUST-01217,Barbara Ahmed,33,Male,North America,Canada,Clothing,Levi's 501 Jeans,3,74.44,2.0,218.85,49.8,108.99
ORD-002240,2025-03-17,CUST-00907,Oliver Fernandez,22,Female,Middle East,UAE,Beauty & Personal Care,Neutrogena SPF 50 Sunscreen,2,16.33,7.0,30.37,49.2,14.94
ORD-002241,2025-03-17,CUST-00290,Sofia Ahmed,45,Female,Middle East,Saudi Arabia,Electronics,Sony WH-1000XM5 Headphones,2,418.19,6.0,786.2,13.2,103.78
ORD-002242,2025-03-17,CUST-00501,Olivia Roberts,27,Male,Middle East,Saudi Arabia,Electronics,Samsung Galaxy S24,1,1258.87,4.0,1208.52,11.6,140.19
ORD-002243,2025-03-17,CUST-00150,Linda Roberts,27,Male,Asia Pacific,Japan,Sports & Outdoors,Wilson Tennis Racket Pro,1,170.06,22.0,132.65,21.1,27.99
ORD-002244,2025-03-18,CUST-00880,Laila Dupont,18,Male,Latin America,Colombia,Sports & Outdoors,Foam Roller Set,1,43.67,20.0,34.94,23.3,8.14
ORD-002245,2025-03-18,CUST-00204,Carlos Lee,37,Female,Asia Pacific,South Korea,Home & Kitchen,IKEA KALLAX Shelf Unit,3,219.04,7.0,611.12,39.7,242.61
ORD-002246,2025-03-18,CUST-01641,Riley Wright,30,Male,Asia Pacific,Australia,Electronics,Sony WH-1000XM5 Headphones,1,414.25,4.0,397.68,12.5,49.71
ORD-002247,2025-03-18,CUST-00296,Hana Singh,57,Male,Europe,Netherlands,Electronics,Apple Watch Series 9,2,516.01,2.0,1011.38,16.2,163.84
ORD-002248,2025-03-18,CUST-00663,Charlotte Wilson,32,Male,North America,Canada,Electronics,iPhone 15 Pro,1,1104.45,10.0,994.01,8.2,81.51
ORD-002249,2025-03-18,CUST-00411,Patricia Miller,18,Male,Latin America,Brazil,Electronics,Bose SoundLink Speaker,2,213.42,0.0,426.84,14.2,60.61
ORD-002250,2025-03-18,CUST-00257,Laila Wang,54,Male,Middle East,UAE,Electronics,Bose SoundLink Speaker,2,247.55,10.0,445.59,8.5,37.88
ORD-002251,2025-03-18,CUST-01090,Michael Wilson,41,Male,Asia Pacific,Australia,Sports & Outdoors,Hydro Flask 32oz Water Bottle,3,56.02,9.0,152.93,25.8,39.46
ORD-002252,2025-03-18,CUST-01175,Lucas Miller,46,Male,Asia Pacific,South Korea,Clothing,Puma Running Shorts,1,40.08,28.0,28.86,47.7,13.77
ORD-002253,2025-03-18,CUST-00764,Aiden Müller,52,Female,North America,Mexico,Sports & Outdoors,Speedo Swim Goggles,1,28.62,15.0,24.33,23.1,5.62
ORD-002254,2025-03-19,CUST-01338,Wei Harris,38,Female,Asia Pacific,Japan,Sports & Outdoors,Bowflex SelectTech Dumbbells,3,459.45,6.0,1295.65,34.6,448.29
ORD-002255,2025-03-19,CUST-00230,Karen Anderson,40,Male,Europe,Spain,Clothing,Uniqlo Down Jacket,4,146.63,14.0,504.41,53.7,270.87
ORD-002256,2025-03-19,CUST-01283,Sarah Dupont,18,Male,Latin America,Brazil,Electronics,USB-C Hub 7-in-1,2,88.07,0.0,176.14,10.0,17.61
ORD-002257,2025-03-19,CUST-00037,Zara Roberts,24,Male,North America,Canada,Home & Kitchen,Bamboo Cutting Board Set,3,40.56,9.0,110.73,24.3,26.91
ORD-002258,2025-03-19,CUST-00686,Sophia Patel,32,Male,Europe,UK,Beauty & Personal Care,Charlotte Tilbury Lipstick,4,36.15,6.0,135.92,53.9,73.26
ORD-002259,2025-03-19,CUST-00062,Mason Mitchell,29,Male,Asia Pacific,India,Home & Kitchen,Ninja Air Fryer XL,3,128.87,6.0,363.41,28.6,103.94
ORD-002260,2025-03-19,CUST-00002,Zara Hill,33,Male,North America,Mexico,Clothing,Converse Chuck Taylor All Star,1,69.79,5.0,66.3,32.5,21.55
ORD-002261,2025-03-19,CUST-00118,Hana Jones,18,Male,North America,Canada,Clothing,Calvin Klein Underwear Set,3,45.16,27.0,98.9,43.9,43.42
ORD-002262,2025-03-19,CUST-00341,Chen Ali,42,Male,Europe,UK,Home & Kitchen,Nespresso Vertuo Coffee Machine,2,183.96,4.0,353.2,27.8,98.19
ORD-002263,2025-03-19,CUST-00062,Mason Mitchell,29,Male,Asia Pacific,India,Home & Kitchen,KitchenAid Stand Mixer,3,542.63,15.0,1383.71,28.3,391.59
ORD-002264,2025-03-20,CUST-01128,Layla White,41,Female,Asia Pacific,South Korea,Clothing,Tommy Hilfiger Polo Shirt,2,79.96,29.0,113.54,54.4,61.77
ORD-002265,2025-03-20,CUST-00916,Lisa Patel,59,Female,Latin America,Argentina,Sports & Outdoors,Trek FX3 Bicycle,1,917.04,11.0,816.17,25.9,211.39
ORD-002266,2025-03-20,CUST-00462,Thomas White,43,Male,Europe,Italy,Sports & Outdoors,Bowflex SelectTech Dumbbells,2,466.94,2.0,915.2,24.2,221.48
ORD-002267,2025-03-20,CUST-00676,Mason Dupont,41,Female,North America,USA,Electronics,Ring Video Doorbell,1,129.28,13.0,112.47,10.5,11.81
ORD-002268,2025-03-20,CUST-00910,James Schmidt,30,Male,Middle East,Saudi Arabia,Clothing,Ray-Ban Aviator Sunglasses,1,169.17,14.0,145.49,48.1,69.98
ORD-002269,2025-03-21,CUST-01702,Fatima Garcia,50,Female,Europe,France,Clothing,Nike Air Max 270,2,144.28,13.0,251.05,45.9,115.23
ORD-002270,2025-03-21,CUST-00065,Chen White,38,Female,Europe,France,Electronics,Ring Video Doorbell,1,172.73,0.0,172.73,17.6,30.4
ORD-002271,2025-03-21,CUST-00079,Karen Jones,18,Female,Europe,Italy,Electronics,Apple Watch Series 9,1,584.86,0.0,584.86,15.7,91.82
ORD-002272,2025-03-21,CUST-01347,Charlotte Dupont,33,Male,Middle East,Saudi Arabia,Beauty & Personal Care,Fenty Beauty Foundation,4,43.11,3.0,167.27,35.4,59.21
ORD-002273,2025-03-21,CUST-00509,Ethan Scott,28,Female,Middle East,UAE,Clothing,Calvin Klein Underwear Set,4,45.89,17.0,152.35,50.9,77.55
ORD-002274,2025-03-21,CUST-01393,Sophia Flores,40,Male,Middle East,Qatar,Home & Kitchen,Philips Hue Smart Bulb Set,2,102.86,8.0,189.26,24.5,46.37
ORD-002275,2025-03-21,CUST-00010,Ana Jones,18,Male,Latin America,Argentina,Home & Kitchen,Dyson V15 Vacuum,1,729.53,5.0,693.05,31.9,221.08
ORD-002276,2025-03-21,CUST-01639,Ravi Young,28,Male,Europe,Netherlands,Beauty & Personal Care,Bioderma Micellar Water 500ml,3,23.39,0.0,70.17,56.3,39.51
ORD-002277,2025-03-22,CUST-01508,Lisa Nelson,20,Male,Asia Pacific,Australia,Beauty & Personal Care,Neutrogena SPF 50 Sunscreen,5,22.2,0.0,111.0,54.9,60.94
ORD-002278,2025-03-22,CUST-01735,James Anderson,37,Male,Middle East,Saudi Arabia,Home & Kitchen,LED Desk Lamp with USB,1,41.61,0.0,41.61,24.0,9.99
ORD-002279,2025-03-22,CUST-01232,Chen Wang,60,Male,Latin America,Colombia,Sports & Outdoors,Foam Roller Set,3,50.89,0.0,152.67,27.9,42.59
ORD-002280,2025-03-22,CUST-00484,Lucas Müller,37,Male,Latin America,Argentina,Sports & Outdoors,Yoga Mat Premium Non-Slip,2,68.32,21.0,107.95,25.1,27.1
ORD-002281,2025-03-22,CUST-00314,Mason Chen,18,Female,Europe,Netherlands,Clothing,Tommy Hilfiger Polo Shirt,3,67.39,10.0,181.95,49.9,90.79
ORD-002282,2025-03-22,CUST-00514,Mia Miller,57,Male,Middle East,Qatar,Beauty & Personal Care,The Ordinary Serum Set,3,36.28,12.0,95.78,57.8,55.36
ORD-002283,2025-03-22,CUST-01220,Mia Torres,37,Male,North America,USA,Home & Kitchen,Bamboo Cutting Board Set,2,45.57,14.0,78.38,20.5,16.07
ORD-002284,2025-03-22,CUST-00112,Amelia Green,40,Male,Middle East,Qatar,Home & Kitchen,Ninja Air Fryer XL,1,119.73,12.0,105.36,28.0,29.5
ORD-002285,2025-03-22,CUST-00628,Mia Rossi,29,Female,Latin America,Argentina,Electronics,USB-C Hub 7-in-1,2,85.05,6.0,159.89,14.8,23.66
ORD-002286,2025-03-22,CUST-00920,Aiden Ahmed,25,Male,North America,USA,Sports & Outdoors,Peloton Bike+,3,2844.77,9.0,7766.22,20.6,1599.84
ORD-002287,2025-03-22,CUST-01387,Ravi Hall,25,Male,Europe,Italy,Sports & Outdoors,Trek FX3 Bicycle,1,891.22,19.0,721.89,36.5,263.49
ORD-002288,2025-03-22,CUST-01758,Sarah Jackson,38,Female,Europe,Germany,Sports & Outdoors,Peloton Bike+,1,2704.34,18.0,2217.56,36.8,816.06
ORD-002289,2025-03-22,CUST-00276,Priya King,32,Male,North America,Mexico,Home & Kitchen,Air Purifier HEPA,2,262.84,4.0,504.65,36.9,186.22
ORD-002290,2025-03-23,CUST-00249,Olivia Singh,59,Female,Asia Pacific,Japan,Clothing,Under Armour Sports Bra,3,46.19,0.0,138.57,39.1,54.18
ORD-002291,2025-03-23,CUST-01711,Ana Ahmed,37,Male,Asia Pacific,India,Sports & Outdoors,Spalding NBA Basketball,1,51.25,3.0,49.71,26.9,13.37
ORD-002292,2025-03-23,CUST-00964,Olivia Johnson,49,Female,Latin America,Colombia,Electronics,Apple MacBook Air M2,1,1395.83,14.0,1200.41,18.0,216.07
ORD-002293,2025-03-23,CUST-01318,Michael Taylor,21,Male,Europe,France,Home & Kitchen,Dyson V15 Vacuum,3,754.17,4.0,2172.01,29.9,649.43
ORD-002294,2025-03-23,CUST-00817,Rafael Brown,30,Male,Middle East,UAE,Home & Kitchen,Dyson V15 Vacuum,2,753.82,18.0,1236.26,24.3,300.41
ORD-002295,2025-03-23,CUST-00746,Emma Schmidt,38,Male,Latin America,Argentina,Beauty & Personal Care,Foreo LUNA Face Massager,1,136.78,16.0,114.9,42.0,48.26
ORD-002296,2025-03-23,CUST-00631,Emma Martinez,31,Female,Europe,France,Beauty & Personal Care,Charlotte Tilbury Lipstick,2,45.17,10.0,81.31,50.3,40.9
ORD-002297,2025-03-23,CUST-00636,Charlotte Ali,34,Male,North America,USA,Sports & Outdoors,Fitbit Charge 6,1,193.71,18.0,158.84,18.0,28.59
ORD-002298,2025-03-23,CUST-00971,Karen Flores,41,Female,Asia Pacific,South Korea,Home & Kitchen,KitchenAid Stand Mixer,3,517.81,14.0,1335.95,31.2,416.82
ORD-002299,2025-03-23,CUST-00306,David Jackson,44,Female,Middle East,Qatar,Electronics,Sony PlayStation 5,2,633.61,0.0,1267.22,15.9,201.49
ORD-002300,2025-03-23,CUST-01002,Laila Williams,41,Male,Middle East,Saudi Arabia,Sports & Outdoors,Peloton Bike+,3,2836.3,1.0,8423.81,25.7,2164.92
ORD-002301,2025-03-24,CUST-00734,Hana Nelson,31,Male,Europe,Netherlands,Home & Kitchen,Dyson V15 Vacuum,3,839.63,19.0,2040.3,34.8,710.02
ORD-002302,2025-03-24,CUST-01247,Liam Ali,40,Female,North America,Mexico,Home & Kitchen,Bamboo Cutting Board Set,2,53.41,0.0,106.82,31.4,33.54
ORD-002303,2025-03-24,CUST-00963,Thomas Wright,20,Female,Middle East,Qatar,Electronics,Canon EOS R50 Camera,2,939.02,11.0,1671.46,11.8,197.23
ORD-002304,2025-03-24,CUST-00837,Mason Martin,44,Female,North America,USA,Beauty & Personal Care,CeraVe Moisturizing Cream,1,23.03,8.0,21.19,52.3,11.08
ORD-002305,2025-03-24,CUST-01115,William Jackson,41,Male,Asia Pacific,Australia,Sports & Outdoors,TRX Suspension Trainer,1,199.38,0.0,199.38,31.7,63.2
ORD-002306,2025-03-24,CUST-01280,Charles White,34,Female,North America,Mexico,Sports & Outdoors,Resistance Bands Set,3,29.11,10.0,78.6,25.1,19.73
ORD-002307,2025-03-24,CUST-01330,Thomas Wright,40,Female,Latin America,Brazil,Electronics,Sony PlayStation 5,1,717.8,8.0,660.38,13.3,87.83
ORD-002308,2025-03-25,CUST-00519,Emma Scott,51,Male,Middle East,Qatar,Home & Kitchen,Ninja Air Fryer XL,2,149.65,17.0,248.42,20.6,51.17
ORD-002309,2025-03-25,CUST-00323,Laila Johnson,39,Female,Middle East,Saudi Arabia,Clothing,H&M Cotton T-Shirt Pack,4,38.37,14.0,131.99,37.3,49.23
ORD-002310,2025-03-25,CUST-01325,Oliver Thompson,18,Male,Europe,France,Home & Kitchen,Ninja Air Fryer XL,3,175.31,7.0,489.11,22.0,107.6
ORD-002311,2025-03-25,CUST-00122,Priya Taylor,36,Male,Europe,Spain,Electronics,"LG OLED 55"" TV",2,1720.3,0.0,3440.6,17.4,598.66
ORD-002312,2025-03-25,CUST-00619,Charles Fernandez,30,Female,Middle East,UAE,Beauty & Personal Care,Tatcha Rice Wash Cleanser,4,49.61,9.0,180.58,47.6,85.96
ORD-002313,2025-03-26,CUST-00097,Ravi Fernandez,57,Male,Europe,Netherlands,Clothing,Puma Running Shorts,2,32.36,26.0,47.89,30.6,14.65
ORD-002314,2025-03-26,CUST-01557,David Dupont,34,Female,North America,USA,Sports & Outdoors,Wilson Tennis Racket Pro,2,179.01,16.0,300.74,18.4,55.34
ORD-002315,2025-03-26,CUST-01073,Rafael Young,20,Female,North America,USA,Beauty & Personal Care,Tatcha Rice Wash Cleanser,1,45.31,12.0,39.87,44.3,17.66
ORD-002316,2025-03-26,CUST-01150,Amelia Walker,19,Female,Europe,France,Beauty & Personal Care,Tatcha Rice Wash Cleanser,3,47.74,17.0,118.87,51.2,60.86
ORD-002317,2025-03-26,CUST-01113,David Anderson,47,Male,Europe,France,Electronics,Sony WH-1000XM5 Headphones,2,355.04,0.0,710.08,13.2,93.73
ORD-002318,2025-03-26,CUST-01679,Mia Chen,18,Male,Europe,Netherlands,Clothing,Puma Running Shorts,4,34.75,0.0,139.0,30.1,41.84
ORD-002319,2025-03-26,CUST-00607,Layla Carter,47,Female,Europe,Italy,Electronics,Apple Watch Series 9,2,524.65,0.0,1049.3,15.6,163.69
ORD-002320,2025-03-26,CUST-00235,Lucas Khan,18,Female,Middle East,Saudi Arabia,Home & Kitchen,Roomba i7+ Robot Vacuum,3,714.63,13.0,1865.18,29.5,550.23
ORD-002321,2025-03-26,CUST-01208,Charles Taylor,42,Female,Middle East,Saudi Arabia,Home & Kitchen,Roomba i7+ Robot Vacuum,3,872.6,2.0,2565.44,32.2,826.07
ORD-002322,2025-03-26,CUST-00858,Muhammad Roberts,65,Female,Latin America,Colombia,Clothing,Ray-Ban Aviator Sunglasses,1,158.42,0.0,158.42,43.1,68.28
ORD-002323,2025-03-27,CUST-01319,Riley Anderson,40,Male,North America,Mexico,Electronics,Sony PlayStation 5,1,626.55,0.0,626.55,8.4,52.63
ORD-002324,2025-03-27,CUST-00344,Noah Wright,24,Female,Europe,Netherlands,Home & Kitchen,Smart Thermostat Google Nest,3,184.25,0.0,552.75,28.2,155.88
ORD-002325,2025-03-27,CUST-00442,Ethan Thomas,36,Female,Middle East,UAE,Clothing,Gucci Belt,2,354.56,0.0,709.12,32.7,231.88
ORD-002326,2025-03-27,CUST-00734,Hana Nelson,31,Male,Europe,Netherlands,Sports & Outdoors,Foam Roller Set,3,38.78,0.0,116.34,37.0,43.05
ORD-002327,2025-03-27,CUST-01650,Noah Carter,34,Female,Latin America,Argentina,Electronics,Apple MacBook Air M2,2,1222.17,9.0,2224.35,9.4,209.09
ORD-002328,2025-03-27,CUST-01099,Ahmed Hall,29,Female,Middle East,UAE,Clothing,Under Armour Sports Bra,4,71.66,24.0,217.85,38.6,84.09
ORD-002329,2025-03-27,CUST-01718,Fatima Johnson,32,Female,Europe,Italy,Home & Kitchen,Cuisinart 12-Piece Cookware Set,1,257.75,18.0,211.36,26.4,55.8
ORD-002330,2025-03-27,CUST-00877,Lucas Baker,36,Female,Asia Pacific,Australia,Sports & Outdoors,Wilson Tennis Racket Pro,2,200.62,0.0,401.24,20.2,81.05
ORD-002331,2025-03-27,CUST-00672,Riley Anderson,31,Male,Europe,Netherlands,Electronics,Samsung Galaxy S24,1,1184.29,9.0,1077.7,18.4,198.3
ORD-002332,2025-03-27,CUST-00265,Jessica Walker,34,Male,Latin America,Brazil,Beauty & Personal Care,Olaplex No.3 Hair Perfector,3,36.61,0.0,109.83,40.0,43.93
ORD-002333,2025-03-28,CUST-01738,Carlos Schmidt,41,Female,Asia Pacific,Singapore,Clothing,Under Armour Sports Bra,4,57.98,29.0,164.66,41.0,67.51
ORD-002334,2025-03-28,CUST-01239,Susan Kim,18,Female,Europe,Spain,Clothing,Converse Chuck Taylor All Star,3,86.25,8.0,238.05,33.6,79.98
ORD-002335,2025-03-28,CUST-01313,Emma King,31,Male,Europe,Netherlands,Home & Kitchen,Weighted Blanket 15lbs,3,109.85,13.0,286.71,22.1,63.36
ORD-002336,2025-03-28,CUST-01236,Thomas Taylor,30,Female,Middle East,Qatar,Electronics,Dell XPS 15 Laptop,2,1725.96,4.0,3313.84,8.5,281.68
ORD-002337,2025-03-28,CUST-00958,Ava Jackson,23,Female,Europe,Spain,Sports & Outdoors,Peloton Bike+,1,2595.39,0.0,2595.39,33.3,864.26
ORD-002338,2025-03-28,CUST-00841,Charles Kim,32,Male,Middle East,Saudi Arabia,Clothing,Nike Air Max 270,3,151.43,19.0,367.97,53.0,195.02
ORD-002339,2025-03-28,CUST-01006,Patricia Singh,51,Female,Asia Pacific,Australia,Home & Kitchen,Nespresso Vertuo Coffee Machine,2,233.89,10.0,421.0,24.6,103.57
ORD-002340,2025-04-01,CUST-00767,Charles Davis,27,Male,Middle East,UAE,Electronics,Dell XPS 15 Laptop,1,1671.39,0.0,1671.39,18.0,300.85
ORD-002341,2025-04-01,CUST-01347,Charlotte Dupont,33,Male,Middle East,Saudi Arabia,Electronics,Dell XPS 15 Laptop,1,1717.74,12.0,1511.61,19.7,297.79
ORD-002342,2025-04-01,CUST-00277,Barbara Thompson,28,Male,Europe,Germany,Beauty & Personal Care,Neutrogena SPF 50 Sunscreen,2,23.74,15.0,40.36,56.9,22.96
ORD-002343,2025-04-01,CUST-00302,John Nguyen,25,Female,Latin America,Brazil,Sports & Outdoors,Speedo Swim Goggles,3,22.73,0.0,68.19,37.6,25.64
ORD-002344,2025-04-01,CUST-00966,Olivia Hall,31,Female,Latin America,Brazil,Clothing,Converse Chuck Taylor All Star,1,77.33,0.0,77.33,48.4,37.43
ORD-002345,2025-04-01,CUST-00442,Ethan Thomas,36,Female,Middle East,UAE,Beauty & Personal Care,Philips Norelco Shaver,1,115.0,15.0,97.75,48.0,46.92
ORD-002346,2025-04-01,CUST-01107,Ethan Hall,39,Female,Latin America,Brazil,Beauty & Personal Care,Dyson Airwrap Styler,3,675.65,0.0,2026.95,53.4,1082.39
ORD-002347,2025-04-01,CUST-01236,Thomas Taylor,30,Female,Middle East,Qatar,Clothing,Gucci Belt,1,442.89,15.0,376.46,47.2,177.69
ORD-002348,2025-04-01,CUST-00189,Ethan Kim,38,Male,North America,Mexico,Beauty & Personal Care,Moroccanoil Hair Oil,1,49.81,9.0,45.33,44.9,20.35
ORD-002349,2025-04-01,CUST-00705,Michael Patel,35,Male,Europe,Spain,Beauty & Personal Care,Tatcha Rice Wash Cleanser,5,52.52,9.0,238.97,54.8,130.96
ORD-002350,2025-04-01,CUST-00027,Lucas Santos,33,Female,North America,Mexico,Clothing,Timberland Boots,3,213.02,15.0,543.2,47.6,258.56
ORD-002351,2025-04-01,CUST-00530,Mason Wright,53,Male,Asia Pacific,Australia,Clothing,Under Armour Sports Bra,4,67.01,0.0,268.04,37.3,99.98
ORD-002352,2025-04-02,CUST-01199,Ava King,32,Female,Latin America,Argentina,Home & Kitchen,Cuisinart 12-Piece Cookware Set,2,322.72,13.0,561.53,32.2,180.81
ORD-002353,2025-04-02,CUST-00235,Lucas Khan,18,Female,Middle East,Saudi Arabia,Beauty & Personal Care,Bath & Body Works Candle Set,2,53.18,11.0,94.66,43.9,41.56
ORD-002354,2025-04-02,CUST-01768,Thomas Miller,40,Male,Middle East,UAE,Electronics,USB-C Hub 7-in-1,1,79.39,12.0,69.86,16.0,11.18
ORD-002355,2025-04-02,CUST-00778,Noah Allen,18,Male,Latin America,Argentina,Beauty & Personal Care,Neutrogena SPF 50 Sunscreen,5,20.15,6.0,94.7,35.4,33.52
ORD-002356,2025-04-02,CUST-00462,Thomas White,43,Male,Europe,Italy,Electronics,"LG OLED 55"" TV",1,2051.74,14.0,1764.5,19.0,335.25
ORD-002357,2025-04-02,CUST-01717,Priya Müller,23,Female,Asia Pacific,Australia,Electronics,Samsung Galaxy S24,2,1004.85,6.0,1889.12,9.1,171.91
ORD-002358,2025-04-02,CUST-00112,Amelia Green,40,Male,Middle East,Qatar,Sports & Outdoors,Fitbit Charge 6,2,194.13,11.0,345.55,19.1,66.0
ORD-002359,2025-04-02,CUST-01435,Noah Green,46,Male,North America,Mexico,Sports & Outdoors,Speedo Swim Goggles,3,36.34,0.0,109.02,18.6,20.28
ORD-002360,2025-04-03,CUST-00230,Karen Anderson,40,Male,Europe,Spain,Electronics,Apple Watch Series 9,2,532.54,0.0,1065.08,17.3,184.26
ORD-002361,2025-04-03,CUST-01618,Patricia Hall,31,Female,Middle East,UAE,Electronics,"LG OLED 55"" TV",1,1834.22,9.0,1669.14,12.9,215.32
ORD-002362,2025-04-03,CUST-01105,Mia Kim,42,Male,North America,Mexico,Clothing,Levi's 501 Jeans,2,107.79,19.0,174.62,40.1,70.02
ORD-002363,2025-04-03,CUST-01464,Linda Taylor,32,Male,Asia Pacific,South Korea,Electronics,iPad Pro 11-inch,1,1256.51,3.0,1218.81,16.0,195.01
ORD-002364,2025-04-03,CUST-00601,Karen Garcia,31,Male,Latin America,Colombia,Home & Kitchen,Nespresso Vertuo Coffee Machine,3,235.68,12.0,622.2,37.3,232.08
ORD-002365,2025-04-03,CUST-01345,Olivia Walker,28,Female,North America,Canada,Electronics,Ring Video Doorbell,1,129.27,0.0,129.27,17.2,22.23
ORD-002366,2025-04-03,CUST-01677,Liam Taylor,39,Female,Latin America,Argentina,Home & Kitchen,Instant Pot Duo 7-in-1,1,113.04,6.0,106.26,39.5,41.97
ORD-002367,2025-04-03,CUST-01001,Priya Schmidt,46,Male,Middle East,UAE,Clothing,Adidas Ultraboost Shoes,2,178.56,22.0,278.55,35.4,98.61
ORD-002368,2025-04-03,CUST-01017,Ahmed Green,29,Female,Latin America,Argentina,Electronics,USB-C Hub 7-in-1,2,74.49,7.0,138.55,17.6,24.38
ORD-002369,2025-04-03,CUST-00672,Riley Anderson,31,Male,Europe,Netherlands,Home & Kitchen,Cuisinart 12-Piece Cookware Set,1,310.67,16.0,260.96,29.4,76.72
ORD-002370,2025-04-03,CUST-00197,Jennifer Chen,46,Male,Europe,Germany,Beauty & Personal Care,Foreo LUNA Face Massager,3,164.15,19.0,398.88,51.0,203.43
ORD-002371,2025-04-03,CUST-00364,Harry Johnson,28,Male,Latin America,Argentina,Electronics,iPhone 15 Pro,2,1348.89,9.0,2454.98,9.6,235.68
ORD-002372,2025-04-04,CUST-00832,Oliver Schmidt,27,Male,Latin America,Argentina,Sports & Outdoors,Camping Sleeping Bag -10°C,2,87.4,18.0,143.34,27.8,39.85
ORD-002373,2025-04-04,CUST-00233,Susan Thompson,49,Male,Latin America,Argentina,Home & Kitchen,Nespresso Vertuo Coffee Machine,3,176.86,0.0,530.58,37.3,197.91
ORD-002374,2025-04-04,CUST-00112,Amelia Green,40,Male,Middle East,Qatar,Beauty & Personal Care,Bath & Body Works Candle Set,4,41.59,19.0,134.75,43.0,57.94
ORD-002375,2025-04-04,CUST-00295,Hana Lopez,46,Female,Asia Pacific,South Korea,Home & Kitchen,Philips Hue Smart Bulb Set,2,63.23,20.0,101.17,26.3,26.61
ORD-002376,2025-04-04,CUST-01031,Ahmed Jones,26,Male,Latin America,Argentina,Home & Kitchen,Weighted Blanket 15lbs,2,105.0,0.0,210.0,35.4,74.34
ORD-002377,2025-04-04,CUST-00941,Jessica Patel,35,Female,Middle East,Saudi Arabia,Sports & Outdoors,Spalding NBA Basketball,2,47.2,16.0,79.3,37.4,29.66
ORD-002378,2025-04-04,CUST-00515,Liam Chen,42,Female,Asia Pacific,Japan,Electronics,Samsung Galaxy S24,1,1154.56,10.0,1039.1,15.3,158.98
ORD-002379,2025-04-04,CUST-01188,Isabella Schmidt,21,Female,Asia Pacific,India,Electronics,"LG OLED 55"" TV",2,1954.14,0.0,3908.28,10.1,394.74
ORD-002380,2025-04-04,CUST-01425,Amelia Mitchell,32,Male,Middle East,Qatar,Clothing,Puma Running Shorts,3,38.16,5.0,108.76,42.6,46.33
ORD-002381,2025-04-04,CUST-00920,Aiden Ahmed,25,Male,North America,USA,Sports & Outdoors,Fitbit Charge 6,1,184.08,12.0,161.99,30.7,49.73
ORD-002382,2025-04-05,CUST-01305,Ava Müller,40,Male,North America,Mexico,Electronics,Canon EOS R50 Camera,2,986.45,5.0,1874.26,15.2,284.89
ORD-002383,2025-04-05,CUST-01147,Ali Ahmed,42,Male,Middle East,Qatar,Home & Kitchen,Air Purifier HEPA,3,240.63,6.0,678.58,33.0,223.93
ORD-002384,2025-04-05,CUST-00181,Harry Smith,34,Female,Asia Pacific,South Korea,Clothing,H&M Cotton T-Shirt Pack,2,32.75,0.0,65.5,48.0,31.44
ORD-002385,2025-04-05,CUST-00122,Priya Taylor,36,Male,Europe,Spain,Electronics,"LG OLED 55"" TV",2,1939.25,0.0,3878.5,16.2,628.32
ORD-002386,2025-04-05,CUST-01437,Ethan Young,26,Male,North America,Mexico,Clothing,North Face Fleece Jacket,4,178.2,24.0,541.73,37.2,201.52
ORD-002387,2025-04-05,CUST-00971,Karen Flores,41,Female,Asia Pacific,South Korea,Clothing,Under Armour Sports Bra,2,70.38,0.0,140.76,33.6,47.3
ORD-002388,2025-04-05,CUST-00177,Riley Schmidt,45,Male,Middle East,UAE,Sports & Outdoors,Wilson Tennis Racket Pro,3,167.52,0.0,502.56,20.6,103.53
ORD-002389,2025-04-05,CUST-00177,Riley Schmidt,45,Male,Middle East,UAE,Electronics,GoPro Hero 12,1,444.56,0.0,444.56,12.7,56.46
ORD-002390,2025-04-05,CUST-00537,Fatima Taylor,28,Male,Europe,Spain,Sports & Outdoors,TRX Suspension Trainer,1,228.03,20.0,182.42,24.3,44.33
ORD-002391,2025-04-05,CUST-00458,Carlos Nguyen,37,Female,Middle East,Qatar,Beauty & Personal Care,Foreo LUNA Face Massager,3,142.52,3.0,414.73,58.9,244.28
ORD-002392,2025-04-06,CUST-01649,Ethan Young,32,Female,North America,Canada,Clothing,Zara Wool Coat,4,213.55,6.0,802.95,43.9,352.5
ORD-002393,2025-04-06,CUST-01590,Carlos White,27,Male,Europe,Netherlands,Sports & Outdoors,Resistance Bands Set,1,24.92,0.0,24.92,23.1,5.76
ORD-002394,2025-04-06,CUST-00097,Ravi Fernandez,57,Male,Europe,Netherlands,Home & Kitchen,Air Purifier HEPA,2,264.92,0.0,529.84,32.6,172.73
ORD-002395,2025-04-06,CUST-01355,Ethan Thomas,32,Female,Middle East,UAE,Home & Kitchen,Nespresso Vertuo Coffee Machine,3,240.1,5.0,684.28,37.5,256.61
ORD-002396,2025-04-06,CUST-00802,Richard Davis,23,Male,North America,Canada,Sports & Outdoors,Speedo Swim Goggles,1,27.43,0.0,27.43,21.9,6.01
ORD-002397,2025-04-06,CUST-00779,Mia Young,28,Female,North America,Canada,Electronics,GoPro Hero 12,1,511.2,13.0,444.74,14.3,63.6
ORD-002398,2025-04-06,CUST-01114,Lisa Dupont,37,Female,North America,Canada,Sports & Outdoors,Yoga Mat Premium Non-Slip,2,48.62,0.0,97.24,35.4,34.42
ORD-002399,2025-04-06,CUST-00641,Patricia Fernandez,60,Male,Europe,UK,Clothing,Uniqlo Down Jacket,3,104.21,0.0,312.63,33.6,105.04
ORD-002400,2025-04-06,CUST-01051,Priya Harris,33,Male,Middle East,Saudi Arabia,Clothing,Tommy Hilfiger Polo Shirt,2,87.6,29.0,124.39,35.8,44.53
ORD-002401,2025-04-06,CUST-01791,Lisa Green,46,Female,Asia Pacific,Singapore,Home & Kitchen,KitchenAid Stand Mixer,1,429.68,10.0,386.71,38.5,148.88
ORD-002402,2025-04-06,CUST-01531,Jennifer Walker,30,Male,Europe,Italy,Home & Kitchen,Instant Pot Duo 7-in-1,2,130.05,0.0,260.1,38.2,99.36
ORD-002403,2025-04-06,CUST-01395,Robert Wright,40,Male,North America,Mexico,Sports & Outdoors,TRX Suspension Trainer,2,197.33,0.0,394.66,32.4,127.87
ORD-002404,2025-04-06,CUST-00802,Richard Davis,23,Male,North America,Canada,Clothing,Converse Chuck Taylor All Star,1,77.97,13.0,67.83,48.5,32.9
ORD-002405,2025-04-07,CUST-01390,Mia Ahmed,26,Female,North America,Canada,Clothing,Gucci Belt,4,444.84,7.0,1654.8,45.0,744.66
ORD-002406,2025-04-07,CUST-00931,Joseph Ahmed,57,Female,Asia Pacific,India,Electronics,Samsung Galaxy S24,2,1232.22,0.0,2464.44,13.2,325.31
ORD-002407,2025-04-07,CUST-00862,Hana Roberts,42,Female,North America,Mexico,Beauty & Personal Care,Bath & Body Works Candle Set,1,53.83,14.0,46.29,42.0,19.44
ORD-002408,2025-04-07,CUST-00439,Ahmed Johnson,40,Female,Latin America,Argentina,Home & Kitchen,KitchenAid Stand Mixer,1,507.87,0.0,507.87,24.7,125.44
ORD-002409,2025-04-07,CUST-01349,Robert Khan,48,Female,Middle East,Qatar,Electronics,Bose SoundLink Speaker,2,241.19,8.0,443.79,11.3,50.15
ORD-002410,2025-04-07,CUST-00529,Michael Smith,37,Female,Middle East,Saudi Arabia,Home & Kitchen,Bamboo Cutting Board Set,2,46.45,0.0,92.9,22.8,21.18
ORD-002411,2025-04-07,CUST-01545,Oliver Adams,41,Female,Middle East,Qatar,Clothing,Calvin Klein Underwear Set,4,39.3,0.0,157.2,41.7,65.55
ORD-002412,2025-04-07,CUST-00771,Rafael Garcia,46,Male,Europe,UK,Sports & Outdoors,Trek FX3 Bicycle,1,952.48,16.0,800.08,28.5,228.02
ORD-002413,2025-04-07,CUST-00133,Riley Hall,25,Male,Middle East,Saudi Arabia,Electronics,GoPro Hero 12,2,446.69,8.0,821.91,16.5,135.62
ORD-002414,2025-04-07,CUST-00056,Wei Garcia,46,Male,Europe,Spain,Clothing,Gucci Belt,4,483.39,21.0,1527.51,47.5,725.57
ORD-002415,2025-04-07,CUST-00817,Rafael Brown,30,Male,Middle East,UAE,Electronics,Sony PlayStation 5,2,714.18,15.0,1214.11,8.8,106.84
ORD-002416,2025-04-07,CUST-01542,Ahmed Jackson,35,Female,North America,USA,Electronics,iPhone 15 Pro,1,1200.64,10.0,1080.58,12.5,135.07
ORD-002417,2025-04-07,CUST-01788,Lucas Chen,44,Female,Middle East,Saudi Arabia,Electronics,iPad Pro 11-inch,2,1256.76,10.0,2262.17,12.7,287.3
ORD-002418,2025-04-08,CUST-01584,Barbara Schmidt,38,Male,Asia Pacific,Singapore,Sports & Outdoors,Spalding NBA Basketball,3,47.93,11.0,127.97,21.0,26.87
ORD-002419,2025-04-08,CUST-01147,Ali Ahmed,42,Male,Middle East,Qatar,Electronics,"LG OLED 55"" TV",1,1784.08,5.0,1694.88,10.9,184.74
ORD-002420,2025-04-08,CUST-01614,Mary Schmidt,32,Male,Latin America,Argentina,Beauty & Personal Care,Dyson Airwrap Styler,4,576.62,15.0,1960.51,56.4,1105.73
ORD-002421,2025-04-08,CUST-00597,Ravi Adams,55,Male,Asia Pacific,South Korea,Clothing,Calvin Klein Underwear Set,4,55.79,21.0,176.3,47.3,83.39
ORD-002422,2025-04-08,CUST-01457,David Flores,66,Male,Europe,France,Electronics,Bose SoundLink Speaker,1,250.71,0.0,250.71,10.9,27.33
ORD-002423,2025-04-08,CUST-00178,Ethan Adams,38,Female,Latin America,Colombia,Home & Kitchen,French Press Coffee Maker,2,41.39,17.0,68.71,23.1,15.87
ORD-002424,2025-04-08,CUST-01219,Patricia Kim,35,Female,Europe,Germany,Beauty & Personal Care,Dyson Airwrap Styler,1,671.69,0.0,671.69,50.3,337.86
ORD-002425,2025-04-08,CUST-00063,Rafael Roberts,33,Male,Latin America,Colombia,Sports & Outdoors,Trek FX3 Bicycle,2,1030.74,22.0,1607.95,36.6,588.51
ORD-002426,2025-04-08,CUST-01426,Lisa Patel,24,Male,Asia Pacific,India,Electronics,Kindle Paperwhite,1,163.73,4.0,157.18,12.3,19.33
ORD-002427,2025-04-08,CUST-00706,Ethan Thompson,33,Female,Asia Pacific,South Korea,Clothing,Zara Wool Coat,3,163.41,16.0,411.79,45.4,186.95
ORD-002428,2025-04-08,CUST-00222,Ethan Kim,25,Male,Latin America,Argentina,Electronics,Samsung Galaxy S24,2,1040.38,15.0,1768.65,12.8,226.39
ORD-002429,2025-04-08,CUST-00995,Susan Miller,33,Male,North America,Mexico,Home & Kitchen,Nespresso Vertuo Coffee Machine,1,257.43,12.0,226.54,31.7,71.81
ORD-002430,2025-04-09,CUST-00456,Yuki Ali,40,Male,Latin America,Colombia,Electronics,iPhone 15 Pro,2,1203.31,11.0,2141.89,8.2,175.63
ORD-002431,2025-04-09,CUST-01749,Mia Jones,26,Female,Asia Pacific,Singapore,Clothing,Puma Running Shorts,1,35.81,16.0,30.08,42.1,12.66
ORD-002432,2025-04-09,CUST-01694,Yuki Lopez,33,Male,Asia Pacific,Australia,Electronics,Canon EOS R50 Camera,2,850.19,16.0,1428.32,16.2,231.39
ORD-002433,2025-04-09,CUST-00598,James Thompson,40,Male,North America,Mexico,Home & Kitchen,Bamboo Cutting Board Set,1,39.75,0.0,39.75,22.6,8.98
ORD-002434,2025-04-09,CUST-00608,Laila Fernandez,34,Male,Europe,France,Clothing,Gucci Belt,4,449.94,0.0,1799.76,44.4,799.09
ORD-002435,2025-04-09,CUST-00018,Jessica Kim,31,Female,Europe,Spain,Beauty & Personal Care,Dyson Airwrap Styler,3,659.65,0.0,1978.95,38.6,763.87
ORD-002436,2025-04-09,CUST-01650,Noah Carter,34,Female,Latin America,Argentina,Home & Kitchen,Instant Pot Duo 7-in-1,3,112.29,15.0,286.34,31.4,89.91
ORD-002437,2025-04-09,CUST-00556,Fatima Baker,40,Female,Latin America,Colombia,Electronics,"LG OLED 55"" TV",2,1595.86,8.0,2936.38,13.1,384.67
ORD-002438,2025-04-09,CUST-00279,Mia Santos,18,Female,North America,USA,Electronics,Ring Video Doorbell,2,182.78,0.0,365.56,8.2,29.98
ORD-002439,2025-04-09,CUST-01675,Richard Singh,28,Female,Europe,UK,Beauty & Personal Care,Philips Norelco Shaver,3,176.82,9.0,482.72,50.6,244.26
ORD-002440,2025-04-09,CUST-00160,Karen Anderson,22,Male,Europe,Netherlands,Electronics,GoPro Hero 12,2,509.07,0.0,1018.14,13.5,137.45
ORD-002441,2025-04-09,CUST-00283,John Brown,33,Female,Asia Pacific,Singapore,Home & Kitchen,Instant Pot Duo 7-in-1,1,107.79,0.0,107.79,35.7,38.48
ORD-002442,2025-04-09,CUST-01053,Emma Baker,36,Male,North America,Canada,Sports & Outdoors,Foam Roller Set,3,40.17,7.0,112.07,30.5,34.18
ORD-002443,2025-04-09,CUST-00632,Karen Harris,59,Female,Asia Pacific,India,Beauty & Personal Care,Oral-B Electric Toothbrush Pro,2,78.5,1.0,155.43,44.9,69.79
ORD-002444,2025-04-09,CUST-01416,Olivia Brown,39,Female,Asia Pacific,India,Clothing,Calvin Klein Underwear Set,3,42.46,0.0,127.38,38.7,49.3
ORD-002445,2025-04-10,CUST-00041,Sarah Lopez,44,Female,Latin America,Brazil,Electronics,Bose SoundLink Speaker,2,259.99,8.0,478.38,18.7,89.46
ORD-002446,2025-04-10,CUST-00151,Priya Carter,19,Male,Latin America,Colombia,Electronics,Canon EOS R50 Camera,1,895.75,15.0,761.39,11.7,89.08
ORD-002447,2025-04-10,CUST-00411,Patricia Miller,18,Male,Latin America,Brazil,Electronics,GoPro Hero 12,1,432.63,5.0,411.0,9.8,40.28
ORD-002448,2025-04-10,CUST-00102,Amelia Wang,39,Male,Middle East,Saudi Arabia,Home & Kitchen,LED Desk Lamp with USB,2,59.37,0.0,118.74,22.5,26.72
ORD-002449,2025-04-10,CUST-01682,Mary Roberts,36,Female,North America,USA,Electronics,"LG OLED 55"" TV",1,2020.52,12.0,1778.06,11.7,208.03
ORD-002450,2025-04-10,CUST-00526,Muhammad Williams,35,Female,Latin America,Colombia,Electronics,Apple Watch Series 9,1,476.84,9.0,433.92,9.6,41.66
ORD-002451,2025-04-11,CUST-00865,Wei Jones,43,Female,Europe,UK,Home & Kitchen,LED Desk Lamp with USB,2,53.43,0.0,106.86,32.6,34.84
ORD-002452,2025-04-11,CUST-01732,Aiden Rossi,38,Female,Europe,Spain,Home & Kitchen,LED Desk Lamp with USB,1,42.4,0.0,42.4,38.1,16.15
ORD-002453,2025-04-11,CUST-01013,Charlotte Flores,35,Female,Asia Pacific,South Korea,Home & Kitchen,Dyson V15 Vacuum,1,871.75,0.0,871.75,30.7,267.63
ORD-002454,2025-04-11,CUST-00197,Jennifer Chen,46,Male,Europe,Germany,Sports & Outdoors,Peloton Bike+,1,2679.32,4.0,2572.15,26.9,691.91
ORD-002455,2025-04-11,CUST-00091,Mia Flores,41,Female,Latin America,Colombia,Home & Kitchen,LED Desk Lamp with USB,3,44.58,15.0,113.68,20.7,23.53
ORD-002456,2025-04-11,CUST-00260,Patricia Anderson,34,Male,Latin America,Colombia,Home & Kitchen,IKEA KALLAX Shelf Unit,1,217.74,18.0,178.55,31.5,56.24
ORD-002457,2025-04-11,CUST-00952,Ava Khan,33,Male,North America,Mexico,Clothing,Timberland Boots,1,210.91,25.0,158.18,51.6,81.62
ORD-002458,2025-04-12,CUST-00025,Sofia Mitchell,43,Male,North America,Mexico,Electronics,Samsung Galaxy S24,2,1216.18,2.0,2383.71,15.6,371.86
ORD-002459,2025-04-12,CUST-00295,Hana Lopez,46,Female,Asia Pacific,South Korea,Beauty & Personal Care,The Ordinary Serum Set,3,35.55,14.0,91.72,37.7,34.58
ORD-002460,2025-04-12,CUST-01396,Linda Harris,20,Female,Asia Pacific,Australia,Clothing,Uniqlo Down Jacket,1,156.64,23.0,120.61,45.9,55.36
ORD-002461,2025-04-12,CUST-00023,Chen Jones,19,Female,Europe,Netherlands,Sports & Outdoors,Bowflex SelectTech Dumbbells,2,454.87,0.0,909.74,29.9,272.01
ORD-002462,2025-04-12,CUST-00191,Emma Wang,25,Female,North America,Canada,Home & Kitchen,Ninja Air Fryer XL,1,118.32,8.0,108.85,27.3,29.72
ORD-002463,2025-04-12,CUST-00426,Ravi Young,23,Female,Middle East,UAE,Sports & Outdoors,Camping Sleeping Bag -10°C,3,108.64,21.0,257.48,24.3,62.57
ORD-002464,2025-04-12,CUST-01188,Isabella Schmidt,21,Female,Asia Pacific,India,Clothing,Gucci Belt,2,517.92,24.0,787.24,40.6,319.62
ORD-002465,2025-04-12,CUST-00221,Ava Green,60,Male,North America,USA,Clothing,Ray-Ban Aviator Sunglasses,1,207.12,0.0,207.12,35.7,73.94
ORD-002466,2025-04-12,CUST-00356,Emma Kim,52,Male,Latin America,Brazil,Clothing,Gucci Belt,1,481.71,5.0,457.62,39.5,180.76
ORD-002467,2025-04-12,CUST-01522,Ravi Singh,32,Female,Asia Pacific,South Korea,Beauty & Personal Care,Philips Norelco Shaver,1,164.98,8.0,151.78,42.8,64.96
ORD-002468,2025-04-13,CUST-00659,Ana Müller,49,Male,Asia Pacific,India,Beauty & Personal Care,Philips Norelco Shaver,3,134.6,1.0,399.76,44.4,177.49
ORD-002469,2025-04-13,CUST-00769,Charles Taylor,36,Female,Europe,France,Electronics,Samsung Galaxy S24,1,1126.7,0.0,1126.7,19.7,221.96
ORD-002470,2025-04-13,CUST-01158,Yuki White,28,Female,Asia Pacific,Japan,Clothing,Levi's 501 Jeans,1,102.87,0.0,102.87,42.7,43.93
ORD-002471,2025-04-13,CUST-01594,Riley Johnson,18,Female,Asia Pacific,India,Clothing,H&M Cotton T-Shirt Pack,2,29.56,22.0,46.11,35.7,16.46
ORD-002472,2025-04-13,CUST-01641,Riley Wright,30,Male,Asia Pacific,Australia,Home & Kitchen,LED Desk Lamp with USB,2,57.04,0.0,114.08,34.0,38.79
ORD-002473,2025-04-13,CUST-01191,Linda Lee,39,Female,North America,Mexico,Beauty & Personal Care,Philips Norelco Shaver,5,102.96,13.0,447.88,48.1,215.43
ORD-002474,2025-04-13,CUST-01659,Zara Davis,27,Female,Middle East,UAE,Beauty & Personal Care,Moroccanoil Hair Oil,2,34.86,15.0,59.26,52.4,31.05
ORD-002475,2025-04-13,CUST-00496,Ali Martin,28,Male,North America,Canada,Home & Kitchen,Ninja Air Fryer XL,2,117.09,0.0,234.18,37.3,87.35
ORD-002476,2025-04-13,CUST-01491,Patricia Jackson,55,Female,Europe,Spain,Electronics,GoPro Hero 12,1,435.21,6.0,409.1,12.1,49.5
ORD-002477,2025-04-13,CUST-01731,Sophia Taylor,18,Female,Europe,France,Clothing,Ray-Ban Aviator Sunglasses,1,191.12,7.0,177.74,37.2,66.12
ORD-002478,2025-04-13,CUST-00378,Patricia Brown,34,Female,Europe,Spain,Electronics,Samsung Galaxy S24,2,928.37,0.0,1856.74,11.8,219.1
ORD-002479,2025-04-13,CUST-01705,Isabella Nguyen,18,Female,Middle East,Saudi Arabia,Home & Kitchen,French Press Coffee Maker,1,31.19,9.0,28.38,26.2,7.44
ORD-002480,2025-04-13,CUST-00577,Mason Green,32,Male,North America,USA,Electronics,Samsung Galaxy S24,1,1327.92,1.0,1314.64,18.0,236.64
ORD-002481,2025-04-14,CUST-01652,Richard Allen,37,Female,Asia Pacific,Japan,Home & Kitchen,Ninja Air Fryer XL,2,146.78,20.0,234.85,29.8,69.99
ORD-002482,2025-04-14,CUST-00115,Emma White,40,Female,North America,Canada,Beauty & Personal Care,Moroccanoil Hair Oil,3,32.37,2.0,95.17,45.9,43.68
ORD-002483,2025-04-15,CUST-00655,Priya Khan,34,Female,North America,Canada,Home & Kitchen,Philips Hue Smart Bulb Set,1,88.33,9.0,80.38,23.8,19.13
ORD-002484,2025-04-15,CUST-01150,Amelia Walker,19,Female,Europe,France,Clothing,Uniqlo Down Jacket,1,111.6,0.0,111.6,31.8,35.49
ORD-002485,2025-04-15,CUST-00692,John Thompson,51,Female,Asia Pacific,Australia,Clothing,Levi's 501 Jeans,1,66.7,14.0,57.36,32.6,18.7
ORD-002486,2025-04-15,CUST-00848,Thomas Nguyen,42,Male,Latin America,Brazil,Beauty & Personal Care,Bioderma Micellar Water 500ml,3,17.09,0.0,51.27,49.6,25.43
ORD-002487,2025-04-15,CUST-00816,Layla Miller,41,Male,Asia Pacific,Singapore,Home & Kitchen,IKEA KALLAX Shelf Unit,3,184.15,4.0,530.35,31.0,164.41
ORD-002488,2025-04-15,CUST-00494,Susan Hall,49,Male,Latin America,Colombia,Beauty & Personal Care,The Ordinary Serum Set,1,25.45,10.0,22.91,48.4,11.09
ORD-002489,2025-04-15,CUST-01050,Priya Allen,36,Male,Middle East,UAE,Electronics,Bose SoundLink Speaker,2,215.08,14.0,369.94,16.6,61.41
ORD-002490,2025-04-15,CUST-01615,Emma Anderson,28,Male,Asia Pacific,Singapore,Beauty & Personal Care,Foreo LUNA Face Massager,5,171.73,0.0,858.65,58.2,499.73
ORD-002491,2025-04-15,CUST-01737,Ali Williams,44,Female,Middle East,Saudi Arabia,Sports & Outdoors,TRX Suspension Trainer,2,225.92,0.0,451.84,18.4,83.14
ORD-002492,2025-04-15,CUST-00485,Michael Carter,46,Male,Middle East,UAE,Electronics,Apple Watch Series 9,1,464.42,10.0,417.98,14.1,58.94
ORD-002493,2025-04-15,CUST-00056,Wei Garcia,46,Male,Europe,Spain,Sports & Outdoors,Spalding NBA Basketball,1,37.89,20.0,30.31,22.8,6.91
ORD-002494,2025-04-15,CUST-01318,Michael Taylor,21,Male,Europe,France,Beauty & Personal Care,Charlotte Tilbury Lipstick,2,44.55,4.0,85.54,45.7,39.09
ORD-002495,2025-04-15,CUST-00008,Charlotte Williams,41,Female,Asia Pacific,India,Beauty & Personal Care,Dyson Airwrap Styler,4,601.58,7.0,2237.88,36.2,810.11
ORD-002496,2025-04-15,CUST-01038,Emma Roberts,45,Female,Latin America,Argentina,Clothing,North Face Fleece Jacket,2,133.7,25.0,200.55,52.8,105.89
ORD-002497,2025-04-15,CUST-00897,Jennifer White,35,Female,North America,Mexico,Electronics,Apple MacBook Air M2,2,1232.56,15.0,2095.35,14.8,310.11
ORD-002498,2025-04-16,CUST-00990,Yuki Martin,31,Female,Asia Pacific,Japan,Beauty & Personal Care,Charlotte Tilbury Lipstick,2,37.33,7.0,69.43,50.4,34.99
ORD-002499,2025-04-16,CUST-00782,Priya King,41,Female,Middle East,UAE,Clothing,Zara Wool Coat,1,189.47,18.0,155.37,45.6,70.85
ORD-002500,2025-04-16,CUST-01000,Susan Jackson,37,Female,North America,Mexico,Clothing,Tommy Hilfiger Polo Shirt,3,63.59,0.0,190.77,46.4,88.52
ORD-002501,2025-04-16,CUST-01676,Zara Patel,22,Female,Middle East,Qatar,Electronics,Ring Video Doorbell,1,212.87,14.0,183.07,16.4,30.02
ORD-002502,2025-04-16,CUST-01291,Linda Green,26,Male,North America,Canada,Clothing,Calvin Klein Underwear Set,2,39.67,28.0,57.12,52.1,29.76
ORD-002503,2025-04-16,CUST-00454,Sarah Walker,42,Female,Asia Pacific,South Korea,Electronics,iPhone 15 Pro,1,1035.63,0.0,1035.63,14.2,147.06
ORD-002504,2025-04-16,CUST-01546,Carlos Rossi,24,Female,Latin America,Brazil,Electronics,USB-C Hub 7-in-1,1,70.65,10.0,63.59,19.1,12.15
ORD-002505,2025-04-16,CUST-00462,Thomas White,43,Male,Europe,Italy,Clothing,Timberland Boots,2,230.69,19.0,373.72,37.0,138.28
ORD-002506,2025-04-16,CUST-01479,Jennifer Smith,42,Female,Europe,France,Clothing,Zara Wool Coat,4,203.96,11.0,726.1,32.6,236.71
ORD-002507,2025-04-16,CUST-00372,Sarah Green,18,Female,Latin America,Brazil,Home & Kitchen,LED Desk Lamp with USB,3,60.1,20.0,144.24,24.0,34.62
ORD-002508,2025-04-16,CUST-01228,Sofia Smith,19,Male,Europe,France,Electronics,GoPro Hero 12,2,452.91,0.0,905.82,9.0,81.52
ORD-002509,2025-04-16,CUST-01369,Ethan Green,21,Male,Latin America,Colombia,Electronics,Sony WH-1000XM5 Headphones,1,295.64,15.0,251.29,19.6,49.25
ORD-002510,2025-04-17,CUST-01718,Fatima Johnson,32,Female,Europe,Italy,Clothing,Gucci Belt,3,401.09,0.0,1203.27,37.5,451.23
ORD-002511,2025-04-17,CUST-00773,Thomas Kim,18,Male,North America,Mexico,Sports & Outdoors,Fitbit Charge 6,3,201.64,8.0,556.53,33.7,187.55
ORD-002512,2025-04-17,CUST-00009,Jennifer Roberts,37,Female,Latin America,Brazil,Clothing,Uniqlo Down Jacket,4,125.88,29.0,357.5,44.0,157.3
ORD-002513,2025-04-17,CUST-01651,Ethan Mitchell,33,Female,Europe,UK,Electronics,Sony WH-1000XM5 Headphones,1,330.46,3.0,320.55,12.1,38.79
ORD-002514,2025-04-17,CUST-00586,Priya Santos,27,Female,Asia Pacific,Australia,Electronics,Canon EOS R50 Camera,2,885.26,0.0,1770.52,10.3,182.36
ORD-002515,2025-04-17,CUST-01766,Hana Chen,34,Female,North America,Mexico,Beauty & Personal Care,Charlotte Tilbury Lipstick,1,40.43,9.0,36.79,48.3,17.77
ORD-002516,2025-04-17,CUST-00731,Karen Wang,49,Female,Middle East,UAE,Home & Kitchen,Bamboo Cutting Board Set,1,54.57,5.0,51.84,22.0,11.4
ORD-002517,2025-04-18,CUST-00571,Priya Dupont,23,Male,Middle East,Saudi Arabia,Clothing,Gucci Belt,1,426.05,20.0,340.84,31.9,108.73
ORD-002518,2025-04-18,CUST-01142,Muhammad Allen,46,Female,Europe,Netherlands,Sports & Outdoors,Foam Roller Set,1,29.02,5.0,27.57,24.8,6.84
ORD-002519,2025-04-18,CUST-00857,Linda Williams,28,Male,Asia Pacific,Japan,Clothing,Zara Wool Coat,2,165.21,0.0,330.42,33.8,111.68
ORD-002520,2025-04-18,CUST-00413,Ethan Kim,18,Male,North America,Mexico,Clothing,H&M Cotton T-Shirt Pack,2,25.44,7.0,47.32,33.3,15.76
ORD-002521,2025-04-18,CUST-00495,Ravi Schmidt,52,Male,Europe,Spain,Sports & Outdoors,TRX Suspension Trainer,2,179.59,0.0,359.18,27.5,98.77
ORD-002522,2025-04-18,CUST-01552,Riley Thompson,41,Male,North America,Mexico,Clothing,Nike Air Max 270,4,127.58,26.0,377.64,42.3,159.74
ORD-002523,2025-04-18,CUST-01460,Lucas Jones,56,Female,North America,USA,Home & Kitchen,Instant Pot Duo 7-in-1,3,135.32,0.0,405.96,27.1,110.02
ORD-002524,2025-04-18,CUST-01688,Liam White,36,Male,Middle East,Qatar,Home & Kitchen,Nespresso Vertuo Coffee Machine,1,193.39,0.0,193.39,23.5,45.45
ORD-002525,2025-04-18,CUST-00818,Sofia Thompson,24,Female,Asia Pacific,Australia,Home & Kitchen,Nespresso Vertuo Coffee Machine,2,213.79,1.0,423.3,23.8,100.75
ORD-002526,2025-04-18,CUST-00880,Laila Dupont,18,Male,Latin America,Colombia,Clothing,Under Armour Sports Bra,1,56.09,26.0,41.51,41.1,17.06
ORD-002527,2025-04-18,CUST-00788,Lucas Adams,18,Male,North America,USA,Home & Kitchen,Nespresso Vertuo Coffee Machine,1,196.34,7.0,182.6,22.8,41.63
ORD-002528,2025-04-18,CUST-00511,Karen Nelson,65,Female,Europe,France,Beauty & Personal Care,Philips Norelco Shaver,2,152.52,0.0,305.04,39.6,120.8
ORD-002529,2025-04-18,CUST-01389,Jennifer Hall,34,Male,Asia Pacific,South Korea,Electronics,"LG OLED 55"" TV",1,1783.38,0.0,1783.38,15.3,272.86
ORD-002530,2025-04-19,CUST-00744,Layla Walker,33,Female,North America,Mexico,Home & Kitchen,Philips Hue Smart Bulb Set,3,85.75,0.0,257.25,33.9,87.21
ORD-002531,2025-04-19,CUST-01656,Amelia Thompson,46,Female,Latin America,Colombia,Clothing,Ray-Ban Aviator Sunglasses,2,212.17,29.0,301.28,55.0,165.7
ORD-002532,2025-04-19,CUST-01777,Layla Lopez,18,Male,Asia Pacific,India,Beauty & Personal Care,La Mer Moisturizing Cream,3,397.87,16.0,1002.63,52.0,521.37
ORD-002533,2025-04-19,CUST-00288,Ana Flores,22,Male,Europe,UK,Electronics,Samsung Galaxy S24,1,1050.69,11.0,935.11,8.4,78.55
ORD-002534,2025-04-19,CUST-00074,Sarah Taylor,44,Male,Middle East,Qatar,Clothing,North Face Fleece Jacket,3,136.62,12.0,360.68,35.4,127.68
ORD-002535,2025-04-19,CUST-01063,Priya Walker,50,Male,Latin America,Colombia,Beauty & Personal Care,The Ordinary Serum Set,2,25.62,1.0,50.73,47.6,24.15
ORD-002536,2025-04-19,CUST-01225,Karen Martinez,40,Female,Asia Pacific,India,Sports & Outdoors,Trek FX3 Bicycle,3,962.21,21.0,2280.44,28.7,654.49
ORD-002537,2025-04-19,CUST-00056,Wei Garcia,46,Male,Europe,Spain,Sports & Outdoors,Foam Roller Set,1,45.75,22.0,35.69,19.2,6.85
ORD-002538,2025-04-19,CUST-01061,Linda Singh,33,Male,Middle East,Saudi Arabia,Home & Kitchen,Philips Hue Smart Bulb Set,1,77.15,12.0,67.89,36.8,24.98
ORD-002539,2025-04-20,CUST-00652,Aiden Mitchell,49,Female,North America,Canada,Electronics,Kindle Paperwhite,2,176.0,1.0,348.48,12.1,42.17
ORD-002540,2025-04-20,CUST-01340,Oliver Fernandez,36,Male,Europe,Spain,Clothing,Levi's 501 Jeans,1,97.11,23.0,74.77,41.5,31.03
ORD-002541,2025-04-20,CUST-00096,Riley Torres,26,Female,Latin America,Brazil,Home & Kitchen,Instant Pot Duo 7-in-1,3,121.07,11.0,323.26,32.2,104.09
ORD-002542,2025-04-20,CUST-00235,Lucas Khan,18,Female,Middle East,Saudi Arabia,Home & Kitchen,IKEA KALLAX Shelf Unit,2,219.4,4.0,421.25,25.2,106.16
ORD-002543,2025-04-20,CUST-00470,Noah Baker,37,Female,Asia Pacific,India,Electronics,Dell XPS 15 Laptop,2,1320.84,15.0,2245.43,14.6,327.83
ORD-002544,2025-04-20,CUST-00786,Isabella Singh,24,Male,Latin America,Colombia,Electronics,Sony WH-1000XM5 Headphones,1,379.32,11.0,337.59,8.6,29.03
ORD-002545,2025-04-20,CUST-00838,John Ali,39,Male,Latin America,Colombia,Home & Kitchen,Air Purifier HEPA,3,266.8,6.0,752.38,36.0,270.86
ORD-002546,2025-04-20,CUST-00283,John Brown,33,Female,Asia Pacific,Singapore,Clothing,Levi's 501 Jeans,1,78.82,0.0,78.82,32.0,25.22
ORD-002547,2025-04-20,CUST-00289,Noah Wright,55,Male,Latin America,Colombia,Electronics,iPad Pro 11-inch,1,1087.18,11.0,967.59,18.9,182.87
ORD-002548,2025-04-20,CUST-01424,Noah Hill,38,Female,Asia Pacific,Australia,Sports & Outdoors,Hydro Flask 32oz Water Bottle,2,45.88,3.0,89.01,31.8,28.31
ORD-002549,2025-04-20,CUST-01361,Karen Wright,37,Male,Asia Pacific,Australia,Home & Kitchen,Smart Thermostat Google Nest,2,192.9,12.0,339.5,34.5,117.13
ORD-002550,2025-04-20,CUST-01694,Yuki Lopez,33,Male,Asia Pacific,Australia,Electronics,iPad Pro 11-inch,1,940.8,11.0,837.31,11.3,94.62
ORD-002551,2025-04-20,CUST-00160,Karen Anderson,22,Male,Europe,Netherlands,Clothing,Adidas Ultraboost Shoes,4,212.02,10.0,763.27,45.6,348.05
ORD-002552,2025-04-20,CUST-01285,Emma Harris,49,Male,Asia Pacific,Australia,Clothing,Puma Running Shorts,2,51.5,0.0,103.0,32.4,33.37
ORD-002553,2025-04-20,CUST-01656,Amelia Thompson,46,Female,Latin America,Colombia,Home & Kitchen,Dyson V15 Vacuum,2,721.88,19.0,1169.45,37.7,440.88
ORD-002554,2025-04-21,CUST-01668,Olivia Nguyen,18,Female,Latin America,Brazil,Sports & Outdoors,Resistance Bands Set,1,24.05,0.0,24.05,30.2,7.26
ORD-002555,2025-04-21,CUST-00694,Jennifer Singh,41,Male,North America,USA,Sports & Outdoors,Trek FX3 Bicycle,3,1002.07,0.0,3006.21,35.3,1061.19
ORD-002556,2025-04-21,CUST-01474,Linda Harris,42,Female,Middle East,Qatar,Electronics,USB-C Hub 7-in-1,1,79.38,10.0,71.44,10.8,7.72
ORD-002557,2025-04-21,CUST-01366,William Carter,44,Male,Asia Pacific,Australia,Clothing,Zara Wool Coat,2,204.51,0.0,409.02,45.0,184.06
ORD-002558,2025-04-21,CUST-01022,Layla Ali,18,Male,Latin America,Argentina,Electronics,"LG OLED 55"" TV",1,1625.4,8.0,1495.37,12.1,180.94
ORD-002559,2025-04-21,CUST-01017,Ahmed Green,29,Female,Latin America,Argentina,Clothing,Gucci Belt,4,416.98,0.0,1667.92,47.1,785.59
ORD-002560,2025-04-21,CUST-01088,Susan Hall,36,Male,Asia Pacific,Japan,Clothing,Adidas Ultraboost Shoes,2,166.13,11.0,295.71,52.8,156.13
ORD-002561,2025-04-21,CUST-00322,Ava Adams,32,Male,Latin America,Colombia,Clothing,Tommy Hilfiger Polo Shirt,1,88.38,0.0,88.38,52.7,46.58
ORD-002562,2025-04-21,CUST-01510,Riley Flores,41,Male,Asia Pacific,South Korea,Electronics,Samsung Galaxy S24,1,1079.26,16.0,906.58,17.0,154.12
ORD-002563,2025-04-21,CUST-01389,Jennifer Hall,34,Male,Asia Pacific,South Korea,Home & Kitchen,KitchenAid Stand Mixer,1,435.14,0.0,435.14,26.1,113.57
ORD-002564,2025-04-22,CUST-00420,Karen Jackson,18,Female,Middle East,UAE,Electronics,Kindle Paperwhite,1,170.71,10.0,153.64,11.7,17.98
ORD-002565,2025-04-22,CUST-00271,Charles Davis,58,Female,Latin America,Argentina,Home & Kitchen,Nespresso Vertuo Coffee Machine,3,188.88,17.0,470.31,34.2,160.85
ORD-002566,2025-04-22,CUST-00936,Zara Johnson,47,Female,Asia Pacific,Singapore,Clothing,Levi's 501 Jeans,2,75.46,22.0,117.72,37.5,44.15
ORD-002567,2025-04-22,CUST-00927,Hana Smith,38,Male,North America,Canada,Electronics,Bose SoundLink Speaker,1,238.08,11.0,211.89,18.0,38.14
ORD-002568,2025-04-22,CUST-01199,Ava King,32,Female,Latin America,Argentina,Home & Kitchen,IKEA KALLAX Shelf Unit,3,218.99,12.0,578.13,24.2,139.91
ORD-002569,2025-04-22,CUST-00036,Linda Martin,46,Female,Asia Pacific,Singapore,Electronics,USB-C Hub 7-in-1,2,68.29,4.0,131.12,15.7,20.59
ORD-002570,2025-04-22,CUST-00136,Ahmed Nguyen,18,Male,Europe,UK,Clothing,Levi's 501 Jeans,4,93.27,0.0,373.08,53.9,201.09
ORD-002571,2025-04-22,CUST-01056,Liam Garcia,40,Male,Middle East,UAE,Clothing,Zara Wool Coat,1,171.67,1.0,169.95,37.7,64.07
ORD-002572,2025-04-23,CUST-01585,Patricia Hill,39,Male,Middle East,UAE,Beauty & Personal Care,Philips Norelco Shaver,4,114.32,0.0,457.28,45.0,205.78
ORD-002573,2025-04-23,CUST-01421,Ava Patel,40,Female,Latin America,Brazil,Electronics,Apple Watch Series 9,2,458.6,4.0,880.51,18.4,162.01
ORD-002574,2025-04-23,CUST-00630,Isabella Singh,30,Male,Latin America,Colombia,Home & Kitchen,KitchenAid Stand Mixer,2,461.51,0.0,923.02,38.6,356.29
ORD-002575,2025-04-23,CUST-00545,Wei Khan,19,Female,Latin America,Brazil,Beauty & Personal Care,CeraVe Moisturizing Cream,1,22.38,0.0,22.38,56.8,12.71
ORD-002576,2025-04-23,CUST-01761,Lucas Miller,40,Female,Europe,UK,Beauty & Personal Care,Fenty Beauty Foundation,2,55.77,8.0,102.62,51.2,52.54
ORD-002577,2025-04-23,CUST-00007,Jennifer Scott,29,Male,Europe,France,Sports & Outdoors,Trek FX3 Bicycle,2,1048.26,15.0,1782.04,36.5,650.44
ORD-002578,2025-04-23,CUST-01322,Robert Johnson,43,Male,North America,Canada,Clothing,Uniqlo Down Jacket,1,113.73,6.0,106.91,33.3,35.6
ORD-002579,2025-04-23,CUST-00088,Ethan Singh,37,Male,Latin America,Brazil,Home & Kitchen,Roomba i7+ Robot Vacuum,3,919.77,16.0,2317.82,36.6,848.32
ORD-002580,2025-04-23,CUST-00999,Patricia Young,23,Male,Asia Pacific,Japan,Electronics,Apple Watch Series 9,2,592.61,0.0,1185.22,14.8,175.41
ORD-002581,2025-04-24,CUST-00369,Aiden Green,33,Female,Europe,Italy,Electronics,USB-C Hub 7-in-1,2,75.39,0.0,150.78,16.8,25.33
ORD-002582,2025-04-24,CUST-00028,Amelia Wang,31,Female,Latin America,Brazil,Clothing,Levi's 501 Jeans,2,106.61,17.0,176.97,38.2,67.6
ORD-002583,2025-04-24,CUST-00788,Lucas Adams,18,Male,North America,USA,Home & Kitchen,Philips Hue Smart Bulb Set,1,58.72,19.0,47.56,29.2,13.89
ORD-002584,2025-04-24,CUST-01398,Rafael Ahmed,35,Female,Middle East,Saudi Arabia,Clothing,Calvin Klein Underwear Set,1,36.91,11.0,32.85,31.7,10.41
ORD-002585,2025-04-24,CUST-01434,Ali Dupont,31,Female,Asia Pacific,South Korea,Beauty & Personal Care,Bath & Body Works Candle Set,2,39.68,19.0,64.28,46.3,29.76
ORD-002586,2025-04-24,CUST-01514,Charles Green,18,Male,Europe,Italy,Home & Kitchen,Weighted Blanket 15lbs,1,93.87,0.0,93.87,21.1,19.81
ORD-002587,2025-04-24,CUST-01685,Ahmed Thomas,43,Female,Europe,Germany,Sports & Outdoors,Garmin GPS Running Watch,2,341.08,20.0,545.73,37.2,203.01
ORD-002588,2025-04-24,CUST-00527,Michael Fernandez,42,Male,Latin America,Colombia,Sports & Outdoors,Bowflex SelectTech Dumbbells,1,360.95,0.0,360.95,34.9,125.97
ORD-002589,2025-04-24,CUST-00205,Ali Ali,18,Male,Middle East,Saudi Arabia,Electronics,Apple MacBook Air M2,2,1506.6,13.0,2621.48,16.4,429.92
ORD-002590,2025-04-24,CUST-01299,Mason Nelson,29,Male,Middle East,Qatar,Sports & Outdoors,TRX Suspension Trainer,1,218.36,1.0,216.18,21.0,45.4
ORD-002591,2025-04-24,CUST-00559,Lisa Williams,37,Male,North America,Mexico,Electronics,Canon EOS R50 Camera,1,803.67,0.0,803.67,14.9,119.75
ORD-002592,2025-04-24,CUST-01625,Patricia Adams,18,Male,Asia Pacific,Australia,Home & Kitchen,IKEA KALLAX Shelf Unit,1,160.94,20.0,128.75,31.7,40.81
ORD-002593,2025-04-25,CUST-00809,Karen Torres,31,Male,Latin America,Colombia,Sports & Outdoors,Spalding NBA Basketball,3,54.48,4.0,156.9,29.0,45.5
ORD-002594,2025-04-25,CUST-00632,Karen Harris,59,Female,Asia Pacific,India,Clothing,Tommy Hilfiger Polo Shirt,2,94.11,19.0,152.46,47.9,73.03
ORD-002595,2025-04-25,CUST-00949,Aiden Mitchell,37,Female,North America,Mexico,Electronics,Kindle Paperwhite,2,167.3,5.0,317.87,16.2,51.49
ORD-002596,2025-04-25,CUST-00034,Layla Ahmed,42,Female,Latin America,Brazil,Sports & Outdoors,Wilson Tennis Racket Pro,1,176.07,4.0,169.03,18.5,31.27
ORD-002597,2025-04-25,CUST-00972,Ethan Taylor,37,Female,Latin America,Colombia,Home & Kitchen,Ninja Air Fryer XL,3,164.12,16.0,413.58,32.3,133.59
ORD-002598,2025-04-25,CUST-01596,James Davis,45,Female,Europe,Germany,Electronics,Bose SoundLink Speaker,1,233.5,8.0,214.82,8.8,18.9
ORD-002599,2025-04-25,CUST-01754,Jessica Schmidt,41,Male,Middle East,Saudi Arabia,Electronics,iPhone 15 Pro,1,1211.45,16.0,1017.62,18.8,191.31
ORD-002600,2025-04-25,CUST-00798,Ravi Singh,26,Male,Middle East,UAE,Home & Kitchen,Roomba i7+ Robot Vacuum,3,770.21,9.0,2102.67,28.2,592.95
ORD-002601,2025-04-25,CUST-00661,Riley Williams,31,Male,Latin America,Argentina,Beauty & Personal Care,Dyson Airwrap Styler,4,695.49,6.0,2615.04,59.0,1542.87
ORD-002602,2025-04-25,CUST-00092,Oliver Lopez,38,Female,Europe,Spain,Electronics,iPad Pro 11-inch,1,1079.14,13.0,938.85,15.1,141.77
ORD-002603,2025-04-25,CUST-01468,Susan Torres,35,Female,North America,Canada,Home & Kitchen,Weighted Blanket 15lbs,3,95.35,20.0,228.84,33.0,75.52
ORD-002604,2025-04-25,CUST-00116,Karen Santos,34,Female,Asia Pacific,India,Sports & Outdoors,Bowflex SelectTech Dumbbells,3,442.72,5.0,1261.75,31.7,399.97
ORD-002605,2025-04-25,CUST-01476,Chen White,32,Male,Europe,Italy,Clothing,Zara Wool Coat,3,167.05,3.0,486.12,52.3,254.24
ORD-002606,2025-04-26,CUST-00961,Sophia Miller,39,Male,Asia Pacific,South Korea,Home & Kitchen,Nespresso Vertuo Coffee Machine,1,188.46,20.0,150.77,34.7,52.32
ORD-002607,2025-04-26,CUST-01175,Lucas Miller,46,Male,Asia Pacific,South Korea,Clothing,Converse Chuck Taylor All Star,4,70.18,5.0,266.68,40.4,107.74
ORD-002608,2025-04-26,CUST-00711,Lisa Rossi,41,Male,North America,USA,Sports & Outdoors,Trek FX3 Bicycle,1,907.43,21.0,716.87,28.7,205.74
ORD-002609,2025-04-26,CUST-01275,James Roberts,24,Female,Asia Pacific,India,Home & Kitchen,Dyson V15 Vacuum,2,826.3,20.0,1322.08,22.4,296.15
ORD-002610,2025-04-26,CUST-00873,Mary Baker,32,Male,North America,Mexico,Clothing,Gucci Belt,3,399.69,3.0,1163.1,34.8,404.76
ORD-002611,2025-04-26,CUST-00774,Mia Brown,32,Female,Middle East,Saudi Arabia,Home & Kitchen,Bamboo Cutting Board Set,1,37.04,17.0,30.74,33.0,10.14
ORD-002612,2025-04-26,CUST-00319,Ana Anderson,41,Male,Latin America,Brazil,Beauty & Personal Care,Philips Norelco Shaver,3,163.67,17.0,407.54,48.8,198.88
ORD-002613,2025-04-26,CUST-01559,Linda Jackson,21,Male,Asia Pacific,India,Home & Kitchen,Weighted Blanket 15lbs,1,78.67,0.0,78.67,20.9,16.44
ORD-002614,2025-04-26,CUST-01496,Charles Thomas,27,Male,Asia Pacific,Japan,Electronics,Sony PlayStation 5,2,657.23,8.0,1209.3,8.2,99.16
ORD-002615,2025-04-26,CUST-00730,Lisa Ali,31,Female,Asia Pacific,South Korea,Sports & Outdoors,Peloton Bike+,3,2905.79,0.0,8717.37,26.6,2318.82
ORD-002616,2025-04-26,CUST-01401,Laila Brown,38,Male,Europe,UK,Sports & Outdoors,Wilson Tennis Racket Pro,1,190.85,0.0,190.85,19.9,37.98
ORD-002617,2025-04-27,CUST-00006,Liam Young,44,Female,Europe,Netherlands,Home & Kitchen,KitchenAid Stand Mixer,3,484.95,17.0,1207.53,30.3,365.88
ORD-002618,2025-04-27,CUST-00108,Ravi Patel,52,Male,Latin America,Colombia,Home & Kitchen,Cuisinart 12-Piece Cookware Set,3,325.77,0.0,977.31,39.1,382.13
ORD-002619,2025-04-27,CUST-00466,Jessica Allen,31,Female,Latin America,Brazil,Electronics,GoPro Hero 12,1,488.05,1.0,483.17,15.8,76.34
ORD-002620,2025-04-27,CUST-01600,Barbara Dupont,30,Female,Middle East,Saudi Arabia,Sports & Outdoors,TRX Suspension Trainer,1,185.79,13.0,161.64,21.7,35.08
ORD-002621,2025-04-27,CUST-01401,Laila Brown,38,Male,Europe,UK,Home & Kitchen,Dyson V15 Vacuum,3,760.2,0.0,2280.6,30.2,688.74
ORD-002622,2025-04-27,CUST-01388,Riley Santos,26,Male,Middle East,UAE,Clothing,Timberland Boots,3,233.8,1.0,694.39,49.0,340.25
ORD-002623,2025-04-27,CUST-01055,Joseph Hill,46,Male,Latin America,Colombia,Clothing,Ray-Ban Aviator Sunglasses,3,181.9,0.0,545.7,38.2,208.46
ORD-002624,2025-04-27,CUST-01196,Hana Johnson,42,Male,Europe,UK,Clothing,H&M Cotton T-Shirt Pack,1,34.49,28.0,24.83,44.8,11.12
ORD-002625,2025-04-28,CUST-01553,Barbara Müller,37,Female,Asia Pacific,Japan,Clothing,Under Armour Sports Bra,3,61.12,2.0,179.69,32.6,58.58
ORD-002626,2025-04-28,CUST-01291,Linda Green,26,Male,North America,Canada,Clothing,Converse Chuck Taylor All Star,2,68.33,0.0,136.66,49.4,67.51
ORD-002627,2025-04-28,CUST-01643,Ali Baker,28,Female,Middle East,UAE,Beauty & Personal Care,La Mer Moisturizing Cream,1,316.15,14.0,271.89,48.9,132.95
ORD-002628,2025-04-28,CUST-00636,Charlotte Ali,34,Male,North America,USA,Electronics,"LG OLED 55"" TV",1,1748.82,16.0,1469.01,19.2,282.05
ORD-002629,2025-04-28,CUST-00584,Aiden Jones,46,Male,North America,Canada,Home & Kitchen,KitchenAid Stand Mixer,1,487.2,11.0,433.61,31.5,136.59
ORD-002630,2025-04-28,CUST-01733,Jessica Walker,37,Male,Middle East,UAE,Home & Kitchen,Nespresso Vertuo Coffee Machine,2,243.39,0.0,486.78,27.4,133.38
ORD-002631,2025-04-28,CUST-01548,Riley Walker,39,Female,Middle East,UAE,Electronics,Ring Video Doorbell,1,157.22,0.0,157.22,10.7,16.82
ORD-002632,2025-04-28,CUST-00322,Ava Adams,32,Male,Latin America,Colombia,Home & Kitchen,Air Purifier HEPA,1,208.2,0.0,208.2,39.4,82.03
ORD-002633,2025-04-28,CUST-00190,Liam Chen,33,Female,North America,Canada,Electronics,iPhone 15 Pro,2,1462.71,8.0,2691.39,16.4,441.39
ORD-002634,2025-04-28,CUST-01267,Fatima Taylor,18,Female,Middle East,UAE,Beauty & Personal Care,La Mer Moisturizing Cream,4,375.58,0.0,1502.32,55.0,826.28
ORD-002635,2025-05-01,CUST-00213,Barbara Santos,38,Male,North America,Canada,Clothing,Puma Running Shorts,4,41.42,0.0,165.68,47.4,78.53
ORD-002636,2025-05-01,CUST-00419,Hana Mitchell,38,Female,Asia Pacific,India,Sports & Outdoors,Garmin GPS Running Watch,2,380.86,6.0,716.02,32.4,231.99
ORD-002637,2025-05-01,CUST-01690,Ana Jones,42,Female,Europe,Spain,Sports & Outdoors,Peloton Bike+,1,2830.7,22.0,2207.95,31.9,704.34
ORD-002638,2025-05-01,CUST-00389,Zara Allen,31,Female,Europe,Italy,Electronics,Ring Video Doorbell,2,218.72,6.0,411.19,18.3,75.25
ORD-002639,2025-05-01,CUST-01340,Oliver Fernandez,36,Male,Europe,Spain,Home & Kitchen,Dyson V15 Vacuum,2,812.02,2.0,1591.56,29.2,464.74
ORD-002640,2025-05-01,CUST-01796,John Davis,45,Female,Latin America,Brazil,Sports & Outdoors,Bowflex SelectTech Dumbbells,1,482.47,0.0,482.47,27.9,134.61
ORD-002641,2025-05-01,CUST-01422,Charlotte Nelson,41,Male,Asia Pacific,South Korea,Electronics,Sony PlayStation 5,1,679.2,9.0,618.07,13.9,85.91
ORD-002642,2025-05-01,CUST-00478,Layla Williams,52,Male,Middle East,UAE,Home & Kitchen,KitchenAid Stand Mixer,1,526.16,17.0,436.71,22.7,99.13
ORD-002643,2025-05-01,CUST-00018,Jessica Kim,31,Female,Europe,Spain,Clothing,Levi's 501 Jeans,2,83.72,0.0,167.44,51.8,86.73
ORD-002644,2025-05-01,CUST-01077,John Martin,41,Male,Latin America,Colombia,Home & Kitchen,French Press Coffee Maker,1,40.61,8.0,37.36,30.1,11.25
ORD-002645,2025-05-01,CUST-01485,Zara Thomas,36,Male,Europe,Spain,Home & Kitchen,French Press Coffee Maker,1,45.89,16.0,38.55,24.1,9.29
ORD-002646,2025-05-01,CUST-01606,Linda Singh,18,Male,Middle East,Qatar,Beauty & Personal Care,CeraVe Moisturizing Cream,4,25.62,4.0,98.38,55.7,54.8
ORD-002647,2025-05-01,CUST-01726,Yuki Walker,24,Female,Asia Pacific,South Korea,Electronics,Sony PlayStation 5,1,601.7,9.0,547.55,17.9,98.01
ORD-002648,2025-05-01,CUST-00695,Fatima Brown,26,Male,Latin America,Argentina,Electronics,iPhone 15 Pro,2,1107.64,14.0,1905.14,12.1,230.52
ORD-002649,2025-05-01,CUST-00156,Carlos Ahmed,26,Female,North America,Canada,Clothing,Under Armour Sports Bra,1,69.51,0.0,69.51,37.6,26.14
ORD-002650,2025-05-01,CUST-00529,Michael Smith,37,Female,Middle East,Saudi Arabia,Beauty & Personal Care,Neutrogena SPF 50 Sunscreen,3,17.18,10.0,46.39,51.8,24.03
ORD-002651,2025-05-02,CUST-00179,Ava Jackson,25,Male,Europe,Italy,Sports & Outdoors,Trek FX3 Bicycle,1,821.15,0.0,821.15,36.3,298.08
ORD-002652,2025-05-02,CUST-00829,Mia Schmidt,37,Female,Asia Pacific,Japan,Sports & Outdoors,Trek FX3 Bicycle,2,817.44,2.0,1602.18,29.9,479.05
ORD-002653,2025-05-02,CUST-01064,Wei Anderson,18,Female,Asia Pacific,South Korea,Home & Kitchen,Dyson V15 Vacuum,3,773.7,5.0,2205.05,35.1,773.97
ORD-002654,2025-05-02,CUST-00742,Mia Davis,64,Female,Asia Pacific,India,Electronics,Sony WH-1000XM5 Headphones,2,356.03,0.0,712.06,16.4,116.78
ORD-002655,2025-05-02,CUST-01404,Oliver Green,43,Female,North America,Mexico,Clothing,Tommy Hilfiger Polo Shirt,1,81.4,21.0,64.31,38.0,24.44
ORD-002656,2025-05-02,CUST-01217,Barbara Ahmed,33,Male,North America,Canada,Home & Kitchen,Smart Thermostat Google Nest,2,208.13,16.0,349.66,33.8,118.19
ORD-002657,2025-05-02,CUST-00722,Patricia Taylor,40,Female,Asia Pacific,Japan,Home & Kitchen,IKEA KALLAX Shelf Unit,3,227.43,19.0,552.65,30.9,170.77
ORD-002658,2025-05-03,CUST-01569,James Young,32,Female,Asia Pacific,India,Electronics,Apple Watch Series 9,2,511.61,3.0,992.52,13.3,132.01
ORD-002659,2025-05-03,CUST-00936,Zara Johnson,47,Female,Asia Pacific,Singapore,Sports & Outdoors,Peloton Bike+,2,2836.41,8.0,5218.99,24.4,1273.43
ORD-002660,2025-05-03,CUST-00508,Chen Ahmed,56,Male,Asia Pacific,South Korea,Electronics,iPad Pro 11-inch,2,1245.35,15.0,2117.09,16.6,351.44
ORD-002661,2025-05-03,CUST-00332,Charlotte Wright,31,Male,Asia Pacific,India,Beauty & Personal Care,La Mer Moisturizing Cream,5,277.08,0.0,1385.4,46.5,644.21
ORD-002662,2025-05-03,CUST-01561,Jennifer Young,42,Male,Asia Pacific,India,Clothing,H&M Cotton T-Shirt Pack,2,36.64,0.0,73.28,36.0,26.38
ORD-002663,2025-05-03,CUST-00957,Harry Miller,30,Male,Europe,Spain,Sports & Outdoors,Foam Roller Set,2,45.16,0.0,90.32,37.7,34.05
ORD-002664,2025-05-03,CUST-00558,Muhammad White,50,Female,Latin America,Brazil,Sports & Outdoors,Resistance Bands Set,2,39.72,0.0,79.44,25.8,20.5
ORD-002665,2025-05-03,CUST-01160,Karen Anderson,30,Male,Middle East,Qatar,Clothing,Uniqlo Down Jacket,3,121.74,28.0,262.96,34.6,90.98
ORD-002666,2025-05-03,CUST-01490,David Hall,40,Female,Latin America,Argentina,Clothing,Zara Wool Coat,1,186.76,17.0,155.01,36.0,55.8
ORD-002667,2025-05-03,CUST-01168,Ravi Santos,25,Male,Asia Pacific,Australia,Clothing,H&M Cotton T-Shirt Pack,3,28.71,7.0,80.1,49.0,39.25
ORD-002668,2025-05-03,CUST-00555,David Fernandez,39,Female,Europe,Spain,Sports & Outdoors,TRX Suspension Trainer,3,220.78,23.0,510.0,25.7,131.07
ORD-002669,2025-05-03,CUST-00500,Mary Wang,56,Female,Latin America,Argentina,Clothing,Tommy Hilfiger Polo Shirt,2,75.74,0.0,151.48,52.6,79.68
ORD-002670,2025-05-04,CUST-00171,Priya Torres,33,Male,Asia Pacific,India,Home & Kitchen,Instant Pot Duo 7-in-1,3,115.16,13.0,300.57,39.4,118.42
ORD-002671,2025-05-04,CUST-01019,Muhammad Wright,18,Female,Middle East,Saudi Arabia,Home & Kitchen,Air Purifier HEPA,2,281.92,8.0,518.73,29.3,151.99
ORD-002672,2025-05-04,CUST-01396,Linda Harris,20,Female,Asia Pacific,Australia,Home & Kitchen,IKEA KALLAX Shelf Unit,1,166.06,7.0,154.44,34.6,53.44
ORD-002673,2025-05-04,CUST-00094,Barbara Johnson,37,Male,Asia Pacific,Australia,Electronics,GoPro Hero 12,1,475.49,12.0,418.43,15.1,63.18
ORD-002674,2025-05-04,CUST-00753,Yuki Dupont,35,Male,Europe,UK,Electronics,iPhone 15 Pro,2,1214.01,0.0,2428.02,8.7,211.24
ORD-002675,2025-05-04,CUST-01653,Carlos Hill,45,Male,Latin America,Brazil,Electronics,iPad Pro 11-inch,2,961.78,1.0,1904.32,18.9,359.92
ORD-002676,2025-05-04,CUST-00136,Ahmed Nguyen,18,Male,Europe,UK,Sports & Outdoors,Camping Sleeping Bag -10°C,1,91.32,22.0,71.23,21.7,15.46
ORD-002677,2025-05-04,CUST-00332,Charlotte Wright,31,Male,Asia Pacific,India,Electronics,GoPro Hero 12,1,452.57,0.0,452.57,10.3,46.61
ORD-002678,2025-05-05,CUST-01554,Ana Brown,21,Male,Latin America,Colombia,Electronics,Sony PlayStation 5,2,614.24,0.0,1228.48,19.3,237.1
ORD-002679,2025-05-05,CUST-01115,William Jackson,41,Male,Asia Pacific,Australia,Clothing,Nike Air Max 270,3,152.02,18.0,373.97,50.8,189.98
ORD-002680,2025-05-05,CUST-00368,Robert Müller,48,Female,Middle East,Saudi Arabia,Electronics,Apple Watch Series 9,2,548.01,8.0,1008.34,19.1,192.59
ORD-002681,2025-05-05,CUST-00952,Ava Khan,33,Male,North America,Mexico,Beauty & Personal Care,Neutrogena SPF 50 Sunscreen,2,23.95,0.0,47.9,59.2,28.36
ORD-002682,2025-05-05,CUST-01643,Ali Baker,28,Female,Middle East,UAE,Clothing,H&M Cotton T-Shirt Pack,1,25.75,13.0,22.4,41.9,9.39
ORD-002683,2025-05-05,CUST-01241,Michael Williams,29,Female,North America,Canada,Home & Kitchen,Ninja Air Fryer XL,2,140.4,9.0,255.53,27.4,70.02
ORD-002684,2025-05-05,CUST-01356,Ravi Young,23,Male,Europe,UK,Sports & Outdoors,Coleman 4-Person Camping Tent,1,127.55,0.0,127.55,27.0,34.44
ORD-002685,2025-05-06,CUST-01164,Muhammad Flores,36,Female,North America,Canada,Electronics,"LG OLED 55"" TV",2,1781.4,0.0,3562.8,12.2,434.66
ORD-002686,2025-05-06,CUST-00959,Susan Nguyen,49,Male,Europe,Italy,Electronics,Bose SoundLink Speaker,2,230.68,0.0,461.36,14.6,67.36
ORD-002687,2025-05-06,CUST-01777,Layla Lopez,18,Male,Asia Pacific,India,Clothing,Calvin Klein Underwear Set,1,41.87,0.0,41.87,44.0,18.42
ORD-002688,2025-05-06,CUST-00522,Harry Lopez,36,Male,Middle East,Saudi Arabia,Clothing,Tommy Hilfiger Polo Shirt,4,73.04,18.0,239.57,46.5,111.4
ORD-002689,2025-05-06,CUST-01559,Linda Jackson,21,Male,Asia Pacific,India,Electronics,iPhone 15 Pro,2,1131.93,16.0,1901.64,19.4,368.92
ORD-002690,2025-05-06,CUST-00954,Wei Allen,34,Female,Europe,France,Electronics,GoPro Hero 12,1,538.03,11.0,478.85,14.1,67.52
ORD-002691,2025-05-06,CUST-01347,Charlotte Dupont,33,Male,Middle East,Saudi Arabia,Home & Kitchen,Philips Hue Smart Bulb Set,2,80.18,3.0,155.55,20.2,31.42
ORD-002692,2025-05-06,CUST-00032,Ali Garcia,30,Male,Europe,UK,Home & Kitchen,Instant Pot Duo 7-in-1,2,128.85,6.0,242.24,23.5,56.93
ORD-002693,2025-05-06,CUST-00337,Mason Ahmed,44,Female,Asia Pacific,India,Sports & Outdoors,Wilson Tennis Racket Pro,2,174.11,0.0,348.22,32.4,112.82
ORD-002694,2025-05-06,CUST-00618,Charlotte Carter,18,Male,North America,USA,Beauty & Personal Care,Charlotte Tilbury Lipstick,2,34.61,0.0,69.22,57.3,39.66
ORD-002695,2025-05-06,CUST-01502,Chen Singh,45,Female,Middle East,Saudi Arabia,Home & Kitchen,Nespresso Vertuo Coffee Machine,3,233.95,17.0,582.54,32.5,189.33
ORD-002696,2025-05-06,CUST-00150,Linda Roberts,27,Male,Asia Pacific,Japan,Home & Kitchen,Air Purifier HEPA,2,266.4,2.0,522.14,32.8,171.26
ORD-002697,2025-05-07,CUST-01128,Layla White,41,Female,Asia Pacific,South Korea,Clothing,Calvin Klein Underwear Set,1,54.79,24.0,41.64,48.4,20.15
ORD-002698,2025-05-07,CUST-00233,Susan Thompson,49,Male,Latin America,Argentina,Home & Kitchen,Bamboo Cutting Board Set,3,41.97,14.0,108.28,23.3,25.23
ORD-002699,2025-05-07,CUST-01460,Lucas Jones,56,Female,North America,USA,Clothing,Levi's 501 Jeans,4,93.47,11.0,332.75,33.9,112.8
ORD-002700,2025-05-07,CUST-01278,Richard Davis,46,Male,Europe,France,Home & Kitchen,Smart Thermostat Google Nest,3,191.78,16.0,483.29,38.7,187.03
ORD-002701,2025-05-07,CUST-00660,Ali Jackson,20,Male,Latin America,Colombia,Beauty & Personal Care,La Mer Moisturizing Cream,1,294.51,4.0,282.73,55.0,155.5
ORD-002702,2025-05-07,CUST-00288,Ana Flores,22,Male,Europe,UK,Clothing,Levi's 501 Jeans,1,73.65,0.0,73.65,32.1,23.64
ORD-002703,2025-05-07,CUST-01035,Priya Wang,29,Male,Middle East,Qatar,Electronics,Bose SoundLink Speaker,2,184.65,11.0,328.68,17.8,58.51
ORD-002704,2025-05-07,CUST-00403,Lisa Fernandez,30,Male,Latin America,Argentina,Clothing,Tommy Hilfiger Polo Shirt,2,79.97,0.0,159.94,34.5,55.18
ORD-002705,2025-05-07,CUST-00034,Layla Ahmed,42,Female,Latin America,Brazil,Beauty & Personal Care,La Mer Moisturizing Cream,1,281.62,16.0,236.56,41.0,96.99
ORD-002706,2025-05-08,CUST-00359,Lisa Taylor,36,Male,North America,Mexico,Clothing,Gucci Belt,2,470.8,15.0,800.36,30.2,241.71
ORD-002707,2025-05-08,CUST-01598,Liam Lopez,55,Female,Asia Pacific,South Korea,Electronics,Kindle Paperwhite,1,151.0,0.0,151.0,19.8,29.9
ORD-002708,2025-05-08,CUST-00105,Joseph Scott,34,Male,North America,USA,Clothing,North Face Fleece Jacket,4,150.71,0.0,602.84,32.7,197.13
ORD-002709,2025-05-08,CUST-01001,Priya Schmidt,46,Male,Middle East,UAE,Home & Kitchen,Cuisinart 12-Piece Cookware Set,2,209.76,12.0,369.18,25.5,94.14
ORD-002710,2025-05-08,CUST-00897,Jennifer White,35,Female,North America,Mexico,Home & Kitchen,Bamboo Cutting Board Set,2,51.88,16.0,87.16,31.5,27.46
ORD-002711,2025-05-08,CUST-00423,Harry Hill,28,Female,Europe,Germany,Clothing,Adidas Ultraboost Shoes,2,216.62,13.0,376.92,40.1,151.14
ORD-002712,2025-05-08,CUST-00314,Mason Chen,18,Female,Europe,Netherlands,Beauty & Personal Care,Philips Norelco Shaver,5,174.26,4.0,836.45,41.7,348.8
ORD-002713,2025-05-08,CUST-01522,Ravi Singh,32,Female,Asia Pacific,South Korea,Sports & Outdoors,Wilson Tennis Racket Pro,1,237.89,0.0,237.89,28.6,68.04
ORD-002714,2025-05-08,CUST-00735,Ava Rossi,43,Female,Asia Pacific,Singapore,Clothing,Zara Wool Coat,2,199.44,18.0,327.08,47.1,154.05
ORD-002715,2025-05-08,CUST-00035,Ana Walker,47,Male,Europe,Spain,Sports & Outdoors,Trek FX3 Bicycle,1,964.07,0.0,964.07,21.6,208.24
ORD-002716,2025-05-08,CUST-00081,Susan Khan,23,Female,North America,USA,Sports & Outdoors,Coleman 4-Person Camping Tent,3,187.45,8.0,517.36,22.2,114.85
ORD-002717,2025-05-08,CUST-01170,Sofia Kim,37,Female,North America,Canada,Home & Kitchen,Instant Pot Duo 7-in-1,3,112.24,7.0,313.15,39.9,124.95
ORD-002718,2025-05-08,CUST-00472,John Patel,45,Female,Asia Pacific,India,Clothing,Nike Air Max 270,4,167.86,11.0,597.58,45.4,271.3
ORD-002719,2025-05-08,CUST-00736,Liam Dupont,46,Male,Latin America,Colombia,Sports & Outdoors,Fitbit Charge 6,2,190.49,0.0,380.98,22.8,86.86
ORD-002720,2025-05-08,CUST-01414,William Wright,31,Male,North America,USA,Sports & Outdoors,Spalding NBA Basketball,1,45.26,23.0,34.85,35.6,12.41
ORD-002721,2025-05-09,CUST-01163,Ali Martin,31,Female,Europe,Netherlands,Clothing,H&M Cotton T-Shirt Pack,1,40.08,30.0,28.06,33.5,9.4
ORD-002722,2025-05-09,CUST-01141,Hana Wilson,42,Male,Middle East,Saudi Arabia,Beauty & Personal Care,Philips Norelco Shaver,3,175.42,0.0,526.26,52.9,278.39
ORD-002723,2025-05-09,CUST-00559,Lisa Williams,37,Male,North America,Mexico,Beauty & Personal Care,The Ordinary Serum Set,5,27.54,3.0,133.57,50.5,67.45
ORD-002724,2025-05-09,CUST-00348,Wei Lee,28,Male,Asia Pacific,Singapore,Beauty & Personal Care,Fenty Beauty Foundation,5,55.35,3.0,268.45,41.8,112.21
ORD-002725,2025-05-09,CUST-01325,Oliver Thompson,18,Male,Europe,France,Electronics,Sony WH-1000XM5 Headphones,1,388.29,16.0,326.16,19.3,62.95
ORD-002726,2025-05-09,CUST-00414,Ravi Lee,55,Male,Middle East,Qatar,Home & Kitchen,Roomba i7+ Robot Vacuum,3,761.74,0.0,2285.22,29.5,674.14
ORD-002727,2025-05-09,CUST-00515,Liam Chen,42,Female,Asia Pacific,Japan,Electronics,Samsung Galaxy S24,2,1015.22,11.0,1807.09,13.4,242.15
ORD-002728,2025-05-10,CUST-01746,Mary Jones,40,Female,Latin America,Brazil,Electronics,GoPro Hero 12,1,520.33,5.0,494.31,18.8,92.93
ORD-002729,2025-05-10,CUST-00355,Layla Nguyen,18,Female,Asia Pacific,Singapore,Sports & Outdoors,Hydro Flask 32oz Water Bottle,2,62.61,23.0,96.42,19.4,18.71
ORD-002730,2025-05-10,CUST-01399,Barbara Fernandez,47,Female,Middle East,Qatar,Electronics,Samsung Galaxy S24,2,1102.56,13.0,1918.45,10.5,201.44
ORD-002731,2025-05-10,CUST-00620,James Wright,21,Female,Asia Pacific,Japan,Home & Kitchen,KitchenAid Stand Mixer,2,442.0,15.0,751.4,28.6,214.9
ORD-002732,2025-05-10,CUST-00151,Priya Carter,19,Male,Latin America,Colombia,Electronics,iPad Pro 11-inch,2,1288.57,11.0,2293.65,17.7,405.98
ORD-002733,2025-05-10,CUST-00618,Charlotte Carter,18,Male,North America,USA,Sports & Outdoors,Peloton Bike+,3,2664.23,17.0,6633.93,20.7,1373.22
ORD-002734,2025-05-10,CUST-00020,Laila Khan,22,Female,Europe,Netherlands,Electronics,Sony WH-1000XM5 Headphones,1,374.84,8.0,344.85,8.9,30.69
ORD-002735,2025-05-10,CUST-01147,Ali Ahmed,42,Male,Middle East,Qatar,Electronics,iPad Pro 11-inch,1,1032.84,0.0,1032.84,17.4,179.71
ORD-002736,2025-05-10,CUST-00498,Patricia Miller,42,Female,North America,Mexico,Sports & Outdoors,Camping Sleeping Bag -10°C,3,148.34,0.0,445.02,23.0,102.35
ORD-002737,2025-05-10,CUST-00533,Mia Lopez,29,Female,Asia Pacific,India,Beauty & Personal Care,Bioderma Micellar Water 500ml,3,21.7,10.0,58.59,44.5,26.07
ORD-002738,2025-05-10,CUST-00204,Carlos Lee,37,Female,Asia Pacific,South Korea,Home & Kitchen,IKEA KALLAX Shelf Unit,3,202.44,13.0,528.37,31.3,165.38
ORD-002739,2025-05-11,CUST-01643,Ali Baker,28,Female,Middle East,UAE,Clothing,Converse Chuck Taylor All Star,2,86.53,4.0,166.14,44.5,73.93
ORD-002740,2025-05-11,CUST-01250,Rafael Jackson,32,Female,Latin America,Brazil,Sports & Outdoors,Yoga Mat Premium Non-Slip,1,36.08,24.0,27.42,27.4,7.51
ORD-002741,2025-05-11,CUST-00640,Michael Green,39,Male,Middle East,Saudi Arabia,Home & Kitchen,Instant Pot Duo 7-in-1,1,98.65,0.0,98.65,21.1,20.82
ORD-002742,2025-05-11,CUST-00796,Harry Brown,53,Female,Middle East,Saudi Arabia,Electronics,Sony PlayStation 5,1,611.05,6.0,574.39,19.8,113.73
ORD-002743,2025-05-11,CUST-00932,Thomas Thomas,47,Male,Middle East,Saudi Arabia,Electronics,Kindle Paperwhite,2,144.91,0.0,289.82,13.4,38.84
ORD-002744,2025-05-11,CUST-00745,Richard Allen,38,Male,North America,USA,Sports & Outdoors,Peloton Bike+,3,2841.98,0.0,8525.94,34.2,2915.87
ORD-002745,2025-05-11,CUST-01138,Lucas Roberts,31,Female,North America,Canada,Sports & Outdoors,Camping Sleeping Bag -10°C,1,124.12,5.0,117.91,18.9,22.28
ORD-002746,2025-05-11,CUST-01728,Richard Jones,30,Male,Middle East,UAE,Clothing,North Face Fleece Jacket,3,119.09,13.0,310.82,31.0,96.35
ORD-002747,2025-05-11,CUST-01223,Sofia Hall,50,Female,Asia Pacific,Singapore,Clothing,Timberland Boots,2,186.02,10.0,334.84,33.8,113.18
ORD-002748,2025-05-11,CUST-01455,Muhammad Martin,31,Male,Asia Pacific,India,Clothing,Puma Running Shorts,2,37.13,0.0,74.26,41.6,30.89
ORD-002749,2025-05-12,CUST-00880,Laila Dupont,18,Male,Latin America,Colombia,Sports & Outdoors,Peloton Bike+,2,2981.41,0.0,5962.82,36.2,2158.54
ORD-002750,2025-05-12,CUST-00521,Ahmed Green,32,Male,Latin America,Brazil,Beauty & Personal Care,Foreo LUNA Face Massager,3,172.13,13.0,449.26,42.8,192.28
ORD-002751,2025-05-12,CUST-01488,Riley Young,43,Male,Asia Pacific,Japan,Beauty & Personal Care,Neutrogena SPF 50 Sunscreen,4,20.25,19.0,65.61,53.3,34.97
ORD-002752,2025-05-12,CUST-00995,Susan Miller,33,Male,North America,Mexico,Electronics,Kindle Paperwhite,1,161.02,5.0,152.97,8.2,12.54
ORD-002753,2025-05-12,CUST-00646,Riley Johnson,57,Female,Latin America,Argentina,Beauty & Personal Care,Moroccanoil Hair Oil,2,30.41,19.0,49.26,41.6,20.49
ORD-002754,2025-05-12,CUST-01595,Patricia Walker,31,Female,Europe,Spain,Clothing,H&M Cotton T-Shirt Pack,4,30.38,0.0,121.52,50.3,61.12
ORD-002755,2025-05-12,CUST-01685,Ahmed Thomas,43,Female,Europe,Germany,Electronics,Sony WH-1000XM5 Headphones,1,322.0,0.0,322.0,13.1,42.18
ORD-002756,2025-05-12,CUST-00946,Wei Hall,66,Female,North America,Canada,Sports & Outdoors,Yoga Mat Premium Non-Slip,1,62.22,6.0,58.49,18.9,11.05
ORD-002757,2025-05-12,CUST-00421,Hana Thompson,37,Female,Asia Pacific,Australia,Clothing,Levi's 501 Jeans,4,85.46,13.0,297.4,50.4,149.89
ORD-002758,2025-05-13,CUST-01569,James Young,32,Female,Asia Pacific,India,Electronics,Sony PlayStation 5,2,634.79,14.0,1091.84,9.5,103.72
ORD-002759,2025-05-13,CUST-01468,Susan Torres,35,Female,North America,Canada,Beauty & Personal Care,CeraVe Moisturizing Cream,5,24.71,12.0,108.72,50.6,55.01
ORD-002760,2025-05-13,CUST-01354,Barbara Thompson,34,Male,Europe,UK,Electronics,iPad Pro 11-inch,2,1131.47,0.0,2262.94,12.7,287.39
ORD-002761,2025-05-13,CUST-01046,Charlotte Walker,35,Female,Europe,Germany,Home & Kitchen,French Press Coffee Maker,1,40.3,0.0,40.3,26.4,10.64
ORD-002762,2025-05-13,CUST-00204,Carlos Lee,37,Female,Asia Pacific,South Korea,Home & Kitchen,French Press Coffee Maker,3,37.88,0.0,113.64,29.6,33.64
ORD-002763,2025-05-13,CUST-01245,Aiden Hill,37,Female,Latin America,Colombia,Clothing,North Face Fleece Jacket,2,138.23,0.0,276.46,53.2,147.08
ORD-002764,2025-05-13,CUST-00115,Emma White,40,Female,North America,Canada,Electronics,Sony PlayStation 5,2,682.53,0.0,1365.06,16.9,230.7
ORD-002765,2025-05-13,CUST-01428,Robert Patel,31,Female,Latin America,Argentina,Clothing,H&M Cotton T-Shirt Pack,3,31.04,0.0,93.12,46.7,43.49
ORD-002766,2025-05-13,CUST-00213,Barbara Santos,38,Male,North America,Canada,Home & Kitchen,Dyson V15 Vacuum,3,740.12,0.0,2220.36,22.2,492.92
ORD-002767,2025-05-13,CUST-00901,Ava Wilson,44,Female,North America,USA,Beauty & Personal Care,CeraVe Moisturizing Cream,4,24.12,20.0,77.18,46.3,35.73
ORD-002768,2025-05-13,CUST-01435,Noah Green,46,Male,North America,Mexico,Electronics,USB-C Hub 7-in-1,2,88.14,0.0,176.28,18.1,31.91
ORD-002769,2025-05-14,CUST-01063,Priya Walker,50,Male,Latin America,Colombia,Clothing,Nike Air Max 270,2,119.82,10.0,215.68,49.7,107.19
ORD-002770,2025-05-14,CUST-01725,Richard Adams,55,Female,North America,Mexico,Sports & Outdoors,Spalding NBA Basketball,1,36.08,0.0,36.08,18.8,6.78
ORD-002771,2025-05-14,CUST-00853,Ravi Flores,18,Female,Latin America,Brazil,Electronics,"LG OLED 55"" TV",2,1654.32,14.0,2845.43,19.1,543.48
ORD-002772,2025-05-14,CUST-00338,Olivia Flores,18,Female,Europe,Netherlands,Home & Kitchen,Smart Thermostat Google Nest,3,179.04,0.0,537.12,22.3,119.78
ORD-002773,2025-05-14,CUST-00816,Layla Miller,41,Male,Asia Pacific,Singapore,Clothing,Puma Running Shorts,3,39.09,26.0,86.78,32.5,28.2
ORD-002774,2025-05-14,CUST-01055,Joseph Hill,46,Male,Latin America,Colombia,Sports & Outdoors,Foam Roller Set,1,42.84,17.0,35.56,37.7,13.41
ORD-002775,2025-05-14,CUST-01494,Ana Roberts,39,Female,North America,Canada,Clothing,Calvin Klein Underwear Set,2,40.82,0.0,81.64,42.3,34.53
ORD-002776,2025-05-14,CUST-01216,Riley Thomas,25,Male,Europe,France,Electronics,Apple MacBook Air M2,2,1380.5,16.0,2319.24,9.6,222.65
ORD-002777,2025-05-14,CUST-00586,Priya Santos,27,Female,Asia Pacific,Australia,Home & Kitchen,Philips Hue Smart Bulb Set,3,100.24,13.0,261.63,26.4,69.07
ORD-002778,2025-05-14,CUST-01563,Charlotte Hill,38,Male,Middle East,UAE,Clothing,Calvin Klein Underwear Set,3,40.94,29.0,87.2,53.4,46.56
ORD-002779,2025-05-14,CUST-00308,Charles Garcia,44,Male,Latin America,Brazil,Home & Kitchen,KitchenAid Stand Mixer,3,428.55,11.0,1144.23,23.1,264.32
ORD-002780,2025-05-14,CUST-00518,Sophia Hall,41,Male,Middle East,Saudi Arabia,Sports & Outdoors,Resistance Bands Set,1,38.87,8.0,35.76,19.2,6.87
ORD-002781,2025-05-14,CUST-00924,Richard Singh,18,Male,Middle East,Saudi Arabia,Sports & Outdoors,Resistance Bands Set,3,40.22,6.0,113.42,32.9,37.32
ORD-002782,2025-05-15,CUST-01313,Emma King,31,Male,Europe,Netherlands,Home & Kitchen,Smart Thermostat Google Nest,3,193.42,5.0,551.25,39.6,218.29
ORD-002783,2025-05-15,CUST-00385,Ravi Anderson,37,Female,Asia Pacific,India,Beauty & Personal Care,Olaplex No.3 Hair Perfector,2,46.87,20.0,74.99,58.4,43.79
ORD-002784,2025-05-15,CUST-00925,Oliver Ahmed,45,Male,Asia Pacific,Australia,Sports & Outdoors,Garmin GPS Running Watch,1,454.83,0.0,454.83,27.9,126.9
ORD-002785,2025-05-15,CUST-01358,Carlos Davis,23,Female,Middle East,Saudi Arabia,Sports & Outdoors,Speedo Swim Goggles,3,36.35,0.0,109.05,29.1,31.73
ORD-002786,2025-05-15,CUST-01520,Susan Lopez,42,Female,North America,USA,Clothing,Tommy Hilfiger Polo Shirt,4,63.75,4.0,244.8,35.6,87.15
ORD-002787,2025-05-15,CUST-00759,Ahmed Wilson,35,Male,North America,USA,Electronics,iPhone 15 Pro,1,1400.97,8.0,1288.89,11.8,152.09
ORD-002788,2025-05-15,CUST-01544,William Lee,29,Female,Asia Pacific,South Korea,Sports & Outdoors,Hydro Flask 32oz Water Bottle,1,48.62,15.0,41.33,18.1,7.48
ORD-002789,2025-05-16,CUST-01542,Ahmed Jackson,35,Female,North America,USA,Sports & Outdoors,Peloton Bike+,1,2978.92,0.0,2978.92,19.2,571.95
ORD-002790,2025-05-16,CUST-01498,Robert Martin,18,Female,Latin America,Brazil,Sports & Outdoors,Speedo Swim Goggles,3,24.62,6.0,69.43,18.2,12.64
ORD-002791,2025-05-16,CUST-01155,Mia Scott,40,Male,Europe,Germany,Electronics,USB-C Hub 7-in-1,1,91.33,0.0,91.33,15.9,14.52
ORD-002792,2025-05-16,CUST-00939,Sarah Lee,23,Female,North America,Mexico,Home & Kitchen,Smart Thermostat Google Nest,2,205.77,19.0,333.35,25.3,84.34
ORD-002793,2025-05-16,CUST-01137,Carlos Lee,25,Male,Europe,UK,Electronics,GoPro Hero 12,2,518.01,8.0,953.14,19.0,181.1
ORD-002794,2025-05-16,CUST-01442,Hana Williams,28,Male,Asia Pacific,South Korea,Beauty & Personal Care,Fenty Beauty Foundation,1,49.2,14.0,42.31,48.6,20.56
ORD-002795,2025-05-16,CUST-00947,Susan Santos,37,Female,Latin America,Argentina,Sports & Outdoors,Fitbit Charge 6,3,217.35,7.0,606.41,35.7,216.49
ORD-002796,2025-05-16,CUST-00672,Riley Anderson,31,Male,Europe,Netherlands,Beauty & Personal Care,Foreo LUNA Face Massager,5,165.9,20.0,663.6,38.0,252.17
ORD-002797,2025-05-16,CUST-00510,Sofia Scott,37,Male,Latin America,Brazil,Electronics,Apple Watch Series 9,1,516.36,0.0,516.36,14.3,73.84
ORD-002798,2025-05-17,CUST-01170,Sofia Kim,37,Female,North America,Canada,Electronics,Sony PlayStation 5,2,628.24,13.0,1093.14,15.0,163.97
ORD-002799,2025-05-17,CUST-00020,Laila Khan,22,Female,Europe,Netherlands,Home & Kitchen,Dyson V15 Vacuum,3,723.75,2.0,2127.82,34.6,736.23
ORD-002800,2025-05-17,CUST-01664,Mia Scott,32,Male,Middle East,UAE,Home & Kitchen,Bamboo Cutting Board Set,2,56.06,13.0,97.54,33.5,32.68
ORD-002801,2025-05-17,CUST-01486,Liam Green,51,Female,Europe,Spain,Home & Kitchen,French Press Coffee Maker,2,40.64,18.0,66.65,25.9,17.26
ORD-002802,2025-05-17,CUST-01137,Carlos Lee,25,Male,Europe,UK,Home & Kitchen,Philips Hue Smart Bulb Set,2,76.07,6.0,143.01,38.2,54.63
ORD-002803,2025-05-17,CUST-00714,Lucas Lopez,22,Male,Latin America,Argentina,Clothing,Calvin Klein Underwear Set,1,46.48,0.0,46.48,41.6,19.34
ORD-002804,2025-05-17,CUST-00752,James Hall,44,Female,Europe,Netherlands,Electronics,USB-C Hub 7-in-1,1,63.04,4.0,60.52,18.8,11.38
ORD-002805,2025-05-18,CUST-01257,Laila Khan,29,Male,Latin America,Argentina,Home & Kitchen,Ninja Air Fryer XL,1,141.27,14.0,121.49,28.7,34.87
ORD-002806,2025-05-18,CUST-01455,Muhammad Martin,31,Male,Asia Pacific,India,Home & Kitchen,Philips Hue Smart Bulb Set,2,95.84,0.0,191.68,36.4,69.77
ORD-002807,2025-05-18,CUST-00142,Richard White,27,Male,Asia Pacific,Japan,Beauty & Personal Care,Oral-B Electric Toothbrush Pro,3,89.79,0.0,269.37,59.3,159.74
ORD-002808,2025-05-18,CUST-01218,Sarah Singh,18,Female,Middle East,Saudi Arabia,Beauty & Personal Care,Olaplex No.3 Hair Perfector,1,34.92,10.0,31.43,46.0,14.46
ORD-002809,2025-05-18,CUST-00005,Zara Young,53,Female,Middle East,UAE,Home & Kitchen,KitchenAid Stand Mixer,1,506.49,20.0,405.19,35.5,143.84
ORD-002810,2025-05-18,CUST-00894,William Wang,31,Male,Europe,Spain,Beauty & Personal Care,Bath & Body Works Candle Set,4,48.95,15.0,166.43,36.4,60.58
ORD-002811,2025-05-18,CUST-00225,Patricia Torres,18,Female,Asia Pacific,South Korea,Home & Kitchen,Nespresso Vertuo Coffee Machine,2,226.94,12.0,399.41,21.4,85.47
ORD-002812,2025-05-18,CUST-01414,William Wright,31,Male,North America,USA,Home & Kitchen,Bamboo Cutting Board Set,1,50.13,0.0,50.13,33.2,16.64
ORD-002813,2025-05-18,CUST-00618,Charlotte Carter,18,Male,North America,USA,Electronics,Sony PlayStation 5,2,639.08,9.0,1163.13,13.9,161.68
ORD-002814,2025-05-18,CUST-00230,Karen Anderson,40,Male,Europe,Spain,Beauty & Personal Care,The Ordinary Serum Set,3,22.58,8.0,62.32,38.1,23.74
ORD-002815,2025-05-18,CUST-00745,Richard Allen,38,Male,North America,USA,Sports & Outdoors,Garmin GPS Running Watch,3,421.44,20.0,1011.46,25.5,257.92
ORD-002816,2025-05-18,CUST-01025,John Jackson,18,Male,North America,USA,Electronics,"LG OLED 55"" TV",1,1803.7,4.0,1731.55,13.0,225.1
ORD-002817,2025-05-18,CUST-01615,Emma Anderson,28,Male,Asia Pacific,Singapore,Electronics,Sony PlayStation 5,2,699.33,0.0,1398.66,8.1,113.29
ORD-002818,2025-05-18,CUST-01483,James Thompson,40,Male,Latin America,Colombia,Home & Kitchen,KitchenAid Stand Mixer,1,477.5,5.0,453.62,36.9,167.39
ORD-002819,2025-05-18,CUST-00241,Ava Ahmed,29,Female,Latin America,Colombia,Clothing,Puma Running Shorts,1,38.7,19.0,31.35,42.8,13.42
ORD-002820,2025-05-18,CUST-00134,Charlotte Thompson,32,Female,Middle East,UAE,Electronics,Samsung Galaxy S24,1,972.43,1.0,962.71,17.7,170.4
ORD-002821,2025-05-18,CUST-01147,Ali Ahmed,42,Male,Middle East,Qatar,Beauty & Personal Care,Moroccanoil Hair Oil,1,45.76,0.0,45.76,37.0,16.93
ORD-002822,2025-05-19,CUST-00413,Ethan Kim,18,Male,North America,Mexico,Electronics,Bose SoundLink Speaker,2,228.46,0.0,456.92,19.0,86.81
ORD-002823,2025-05-19,CUST-01234,Carlos Thomas,37,Male,Latin America,Brazil,Clothing,Puma Running Shorts,2,49.19,0.0,98.38,53.5,52.63
ORD-002824,2025-05-19,CUST-01280,Charles White,34,Female,North America,Mexico,Clothing,Under Armour Sports Bra,4,46.86,10.0,168.7,37.5,63.26
ORD-002825,2025-05-19,CUST-00609,Charlotte Hill,42,Female,North America,USA,Electronics,Sony WH-1000XM5 Headphones,2,421.53,1.0,834.63,17.5,146.06
ORD-002826,2025-05-19,CUST-01764,James Torres,50,Male,Asia Pacific,India,Sports & Outdoors,TRX Suspension Trainer,2,209.17,1.0,414.16,21.9,90.7
ORD-002827,2025-05-19,CUST-01492,John Adams,47,Male,North America,USA,Electronics,Bose SoundLink Speaker,2,210.59,1.0,416.97,19.2,80.06
ORD-002828,2025-05-19,CUST-00006,Liam Young,44,Female,Europe,Netherlands,Electronics,Dell XPS 15 Laptop,1,1423.41,0.0,1423.41,14.8,210.66
ORD-002829,2025-05-19,CUST-00302,John Nguyen,25,Female,Latin America,Brazil,Clothing,Adidas Ultraboost Shoes,4,182.08,18.0,597.22,51.1,305.18
ORD-002830,2025-05-19,CUST-01305,Ava Müller,40,Male,North America,Mexico,Home & Kitchen,French Press Coffee Maker,1,40.85,4.0,39.22,21.3,8.35
ORD-002831,2025-05-19,CUST-00041,Sarah Lopez,44,Female,Latin America,Brazil,Sports & Outdoors,Yoga Mat Premium Non-Slip,3,48.83,7.0,136.24,29.7,40.46
ORD-002832,2025-05-19,CUST-00879,Mason Taylor,29,Male,Europe,Spain,Home & Kitchen,IKEA KALLAX Shelf Unit,3,177.17,0.0,531.51,25.3,134.47
ORD-002833,2025-05-19,CUST-00556,Fatima Baker,40,Female,Latin America,Colombia,Beauty & Personal Care,Tatcha Rice Wash Cleanser,3,59.26,0.0,177.78,57.2,101.69
ORD-002834,2025-05-19,CUST-01149,Ethan Garcia,51,Female,Asia Pacific,Japan,Beauty & Personal Care,Bath & Body Works Candle Set,4,38.64,16.0,129.83,40.1,52.06
ORD-002835,2025-05-19,CUST-01448,Barbara Miller,35,Male,Europe,Italy,Beauty & Personal Care,La Mer Moisturizing Cream,5,238.69,0.0,1193.45,39.3,469.03
ORD-002836,2025-05-19,CUST-01305,Ava Müller,40,Male,North America,Mexico,Sports & Outdoors,Camping Sleeping Bag -10°C,1,143.01,6.0,134.43,27.4,36.83
ORD-002837,2025-05-19,CUST-00676,Mason Dupont,41,Female,North America,USA,Electronics,Kindle Paperwhite,1,151.05,6.0,141.99,19.2,27.26
ORD-002838,2025-05-20,CUST-01649,Ethan Young,32,Female,North America,Canada,Electronics,"LG OLED 55"" TV",1,1986.32,13.0,1728.1,17.6,304.15
ORD-002839,2025-05-20,CUST-01350,Yuki Young,52,Female,North America,USA,Electronics,Kindle Paperwhite,2,169.2,12.0,297.79,9.4,27.99
ORD-002840,2025-05-20,CUST-01511,Jennifer Santos,22,Female,Middle East,Saudi Arabia,Beauty & Personal Care,Moroccanoil Hair Oil,3,49.31,15.0,125.74,38.5,48.41
ORD-002841,2025-05-20,CUST-01461,Mia Müller,34,Female,Middle East,Qatar,Sports & Outdoors,Camping Sleeping Bag -10°C,1,129.37,21.0,102.2,33.2,33.93
ORD-002842,2025-05-20,CUST-00089,Sophia Roberts,38,Female,Europe,Spain,Electronics,Apple MacBook Air M2,1,1575.46,0.0,1575.46,9.4,148.09
ORD-002843,2025-05-21,CUST-00462,Thomas White,43,Male,Europe,Italy,Clothing,Levi's 501 Jeans,4,86.22,0.0,344.88,45.5,156.92
ORD-002844,2025-05-21,CUST-01103,Mason Torres,38,Female,North America,USA,Electronics,GoPro Hero 12,1,447.64,0.0,447.64,19.4,86.84
ORD-002845,2025-05-21,CUST-01195,Charles Singh,31,Male,Asia Pacific,Singapore,Sports & Outdoors,Trek FX3 Bicycle,2,873.6,0.0,1747.2,36.1,630.74
ORD-002846,2025-05-21,CUST-00329,Emma Walker,39,Male,North America,USA,Electronics,"LG OLED 55"" TV",2,1673.19,11.0,2978.28,19.8,589.7
ORD-002847,2025-05-21,CUST-00246,Robert Garcia,50,Female,Europe,Netherlands,Home & Kitchen,French Press Coffee Maker,3,29.34,0.0,88.02,25.1,22.09
ORD-002848,2025-05-21,CUST-01656,Amelia Thompson,46,Female,Latin America,Colombia,Electronics,GoPro Hero 12,2,470.21,9.0,855.78,15.3,130.93
ORD-002849,2025-05-21,CUST-00276,Priya King,32,Male,North America,Mexico,Electronics,Bose SoundLink Speaker,2,232.25,13.0,404.12,9.2,37.18
ORD-002850,2025-05-21,CUST-00088,Ethan Singh,37,Male,Latin America,Brazil,Electronics,Sony WH-1000XM5 Headphones,2,346.3,5.0,657.97,18.4,121.07
ORD-002851,2025-05-21,CUST-00085,Robert Singh,44,Female,Europe,France,Beauty & Personal Care,Bioderma Micellar Water 500ml,2,20.68,0.0,41.36,52.9,21.88
ORD-002852,2025-05-22,CUST-01203,Barbara Dupont,35,Male,Latin America,Argentina,Electronics,Sony WH-1000XM5 Headphones,2,396.78,0.0,793.56,19.8,157.12
ORD-002853,2025-05-22,CUST-01583,Layla Khan,30,Female,Europe,UK,Home & Kitchen,Nespresso Vertuo Coffee Machine,1,218.13,2.0,213.77,26.8,57.29
ORD-002854,2025-05-22,CUST-00377,Lucas Green,18,Female,North America,USA,Electronics,Bose SoundLink Speaker,2,260.25,10.0,468.45,11.3,52.93
ORD-002855,2025-05-22,CUST-00727,Olivia Green,26,Female,Asia Pacific,Singapore,Clothing,Under Armour Sports Bra,2,43.63,0.0,87.26,31.9,27.84
ORD-002856,2025-05-22,CUST-00259,Lisa Dupont,18,Female,Asia Pacific,Australia,Clothing,Ray-Ban Aviator Sunglasses,4,173.84,5.0,660.59,38.7,255.65
ORD-002857,2025-05-22,CUST-00981,Yuki Rossi,43,Female,Europe,Spain,Electronics,Apple MacBook Air M2,2,1370.04,12.0,2411.27,11.3,272.47
ORD-002858,2025-05-22,CUST-00168,Olivia Nguyen,30,Female,Middle East,UAE,Clothing,Ray-Ban Aviator Sunglasses,1,205.57,20.0,164.46,45.1,74.17
ORD-002859,2025-05-23,CUST-01673,Patricia Martin,48,Male,Latin America,Colombia,Clothing,Timberland Boots,1,223.43,20.0,178.74,30.7,54.87
ORD-002860,2025-05-23,CUST-00127,James Nguyen,41,Female,Asia Pacific,Japan,Clothing,Zara Wool Coat,1,184.68,28.0,132.97,34.7,46.14
ORD-002861,2025-05-23,CUST-00978,William Carter,33,Male,Asia Pacific,Singapore,Clothing,Converse Chuck Taylor All Star,1,88.96,0.0,88.96,51.6,45.9
ORD-002862,2025-05-23,CUST-00510,Sofia Scott,37,Male,Latin America,Brazil,Home & Kitchen,Cuisinart 12-Piece Cookware Set,3,231.11,9.0,630.93,27.0,170.35
ORD-002863,2025-05-23,CUST-01410,Ali Ali,18,Male,Middle East,Saudi Arabia,Beauty & Personal Care,Moroccanoil Hair Oil,2,49.62,0.0,99.24,53.8,53.39
ORD-002864,2025-05-23,CUST-01291,Linda Green,26,Male,North America,Canada,Home & Kitchen,Smart Thermostat Google Nest,1,162.72,0.0,162.72,29.5,48.0
ORD-002865,2025-05-23,CUST-00857,Linda Williams,28,Male,Asia Pacific,Japan,Home & Kitchen,Instant Pot Duo 7-in-1,1,121.43,0.0,121.43,20.7,25.14
ORD-002866,2025-05-23,CUST-00585,Michael Hall,35,Male,Middle East,UAE,Sports & Outdoors,Coleman 4-Person Camping Tent,3,128.38,14.0,331.22,33.3,110.3
ORD-002867,2025-05-23,CUST-00441,Muhammad Brown,28,Male,Middle East,Saudi Arabia,Electronics,Dell XPS 15 Laptop,1,1615.75,0.0,1615.75,16.8,271.45
ORD-002868,2025-05-23,CUST-01714,Sophia Harris,27,Male,North America,Canada,Clothing,Gucci Belt,1,460.34,0.0,460.34,32.2,148.23
ORD-002869,2025-05-23,CUST-01018,Robert Carter,26,Male,Latin America,Colombia,Electronics,Apple Watch Series 9,1,559.5,13.0,486.76,14.9,72.53
ORD-002870,2025-05-23,CUST-00679,Robert Martinez,25,Female,Europe,Germany,Sports & Outdoors,Foam Roller Set,2,41.7,17.0,69.22,32.8,22.7
ORD-002871,2025-05-23,CUST-00941,Jessica Patel,35,Female,Middle East,Saudi Arabia,Electronics,Apple MacBook Air M2,1,1274.49,0.0,1274.49,10.0,127.45
ORD-002872,2025-05-23,CUST-00514,Mia Miller,57,Male,Middle East,Qatar,Electronics,iPhone 15 Pro,1,1359.34,0.0,1359.34,13.8,187.59
ORD-002873,2025-05-23,CUST-01651,Ethan Mitchell,33,Female,Europe,UK,Home & Kitchen,Cuisinart 12-Piece Cookware Set,2,220.29,3.0,427.36,27.6,117.95
ORD-002874,2025-05-24,CUST-00273,Michael Martin,26,Female,Asia Pacific,Japan,Home & Kitchen,Weighted Blanket 15lbs,2,120.22,3.0,233.23,33.5,78.13
ORD-002875,2025-05-24,CUST-01047,Ahmed Jones,46,Male,Latin America,Argentina,Home & Kitchen,Dyson V15 Vacuum,1,837.93,0.0,837.93,37.2,311.71
ORD-002876,2025-05-24,CUST-00505,James Walker,32,Male,Asia Pacific,Japan,Clothing,Calvin Klein Underwear Set,4,54.21,9.0,197.32,37.0,73.01
ORD-002877,2025-05-24,CUST-00056,Wei Garcia,46,Male,Europe,Spain,Electronics,Canon EOS R50 Camera,1,859.11,0.0,859.11,11.5,98.8
ORD-002878,2025-05-24,CUST-00833,Layla Jones,49,Male,Latin America,Brazil,Beauty & Personal Care,Tatcha Rice Wash Cleanser,3,52.76,16.0,132.96,54.4,72.33
ORD-002879,2025-05-24,CUST-00382,Fatima Lee,21,Female,Latin America,Brazil,Sports & Outdoors,Yoga Mat Premium Non-Slip,3,49.51,0.0,148.53,31.8,47.23
ORD-002880,2025-05-24,CUST-01376,Oliver Singh,41,Male,Europe,UK,Electronics,Apple MacBook Air M2,2,1495.43,11.0,2661.87,15.5,412.59
ORD-002881,2025-05-25,CUST-00723,Sofia White,41,Male,Europe,Germany,Electronics,iPad Pro 11-inch,1,1352.75,12.0,1190.42,14.8,176.18
ORD-002882,2025-05-25,CUST-00341,Chen Ali,42,Male,Europe,UK,Sports & Outdoors,Coleman 4-Person Camping Tent,3,188.0,8.0,518.88,27.7,143.73
ORD-002883,2025-05-25,CUST-00748,Karen White,25,Female,North America,USA,Sports & Outdoors,Hydro Flask 32oz Water Bottle,2,56.32,0.0,112.64,27.4,30.86
ORD-002884,2025-05-25,CUST-00633,Barbara Miller,47,Male,Europe,Germany,Electronics,Canon EOS R50 Camera,1,796.84,0.0,796.84,10.3,82.07
ORD-002885,2025-05-25,CUST-01056,Liam Garcia,40,Male,Middle East,UAE,Clothing,Adidas Ultraboost Shoes,1,209.19,14.0,179.9,35.0,62.97
ORD-002886,2025-05-25,CUST-01279,David Singh,18,Male,Middle East,Saudi Arabia,Electronics,Dell XPS 15 Laptop,2,1584.08,12.0,2787.98,14.5,404.26
ORD-002887,2025-05-25,CUST-01054,Mason Santos,22,Female,Europe,UK,Beauty & Personal Care,Neutrogena SPF 50 Sunscreen,3,17.82,11.0,47.58,36.4,17.32
ORD-002888,2025-05-25,CUST-00171,Priya Torres,33,Male,Asia Pacific,India,Electronics,Dell XPS 15 Laptop,1,1491.86,0.0,1491.86,18.8,280.47
ORD-002889,2025-05-25,CUST-01355,Ethan Thomas,32,Female,Middle East,UAE,Home & Kitchen,Roomba i7+ Robot Vacuum,2,839.48,18.0,1376.75,32.5,447.44
ORD-002890,2025-05-26,CUST-00288,Ana Flores,22,Male,Europe,UK,Sports & Outdoors,Wilson Tennis Racket Pro,1,180.53,6.0,169.7,31.1,52.78
ORD-002891,2025-05-26,CUST-01730,Noah Carter,28,Male,North America,Canada,Clothing,Uniqlo Down Jacket,2,97.52,27.0,142.38,30.6,43.57
ORD-002892,2025-05-26,CUST-01643,Ali Baker,28,Female,Middle East,UAE,Sports & Outdoors,Peloton Bike+,1,2874.67,20.0,2299.74,18.1,416.25
ORD-002893,2025-05-26,CUST-00028,Amelia Wang,31,Female,Latin America,Brazil,Clothing,Uniqlo Down Jacket,3,100.6,0.0,301.8,39.6,119.51
ORD-002894,2025-05-26,CUST-00689,Jennifer Adams,18,Female,Europe,Germany,Sports & Outdoors,Camping Sleeping Bag -10°C,1,124.52,15.0,105.84,31.1,32.92
ORD-002895,2025-05-26,CUST-01203,Barbara Dupont,35,Male,Latin America,Argentina,Electronics,Kindle Paperwhite,2,147.8,1.0,292.64,13.4,39.21
ORD-002896,2025-05-26,CUST-01218,Sarah Singh,18,Female,Middle East,Saudi Arabia,Electronics,iPad Pro 11-inch,1,1239.26,14.0,1065.76,11.2,119.37
ORD-002897,2025-05-26,CUST-01560,Amelia Martinez,42,Male,Middle East,UAE,Home & Kitchen,Ninja Air Fryer XL,1,149.72,6.0,140.74,25.5,35.89
ORD-002898,2025-05-26,CUST-00630,Isabella Singh,30,Male,Latin America,Colombia,Home & Kitchen,Bamboo Cutting Board Set,1,52.39,7.0,48.72,32.3,15.74
ORD-002899,2025-05-26,CUST-00056,Wei Garcia,46,Male,Europe,Spain,Electronics,Bose SoundLink Speaker,1,234.5,0.0,234.5,13.6,31.89
ORD-002900,2025-05-26,CUST-00171,Priya Torres,33,Male,Asia Pacific,India,Beauty & Personal Care,CeraVe Moisturizing Cream,1,22.04,17.0,18.29,40.9,7.48
ORD-002901,2025-05-26,CUST-01657,Liam Brown,45,Male,North America,Canada,Electronics,Dell XPS 15 Laptop,1,1306.49,7.0,1215.04,8.2,99.63
ORD-002902,2025-05-26,CUST-01237,Ava Allen,18,Female,Asia Pacific,Japan,Electronics,"LG OLED 55"" TV",1,1717.27,6.0,1614.23,9.2,148.51
ORD-002903,2025-05-26,CUST-00682,Chen Chen,21,Female,Latin America,Brazil,Sports & Outdoors,Coleman 4-Person Camping Tent,1,179.7,8.0,165.32,32.5,53.73
ORD-002904,2025-05-26,CUST-00936,Zara Johnson,47,Female,Asia Pacific,Singapore,Clothing,H&M Cotton T-Shirt Pack,2,28.69,3.0,55.66,39.1,21.76
ORD-002905,2025-05-26,CUST-00880,Laila Dupont,18,Male,Latin America,Colombia,Sports & Outdoors,Wilson Tennis Racket Pro,2,188.03,23.0,289.57,23.1,66.89
ORD-002906,2025-05-27,CUST-01631,Liam White,36,Female,Asia Pacific,Australia,Clothing,Uniqlo Down Jacket,4,95.97,15.0,326.3,33.1,108.01
ORD-002907,2025-05-27,CUST-01216,Riley Thomas,25,Male,Europe,France,Clothing,Timberland Boots,4,228.24,21.0,721.24,46.8,337.54
ORD-002908,2025-05-27,CUST-00008,Charlotte Williams,41,Female,Asia Pacific,India,Electronics,Samsung Galaxy S24,1,1101.46,0.0,1101.46,15.5,170.73
ORD-002909,2025-05-27,CUST-00308,Charles Garcia,44,Male,Latin America,Brazil,Home & Kitchen,Cuisinart 12-Piece Cookware Set,3,287.29,0.0,861.87,26.7,230.12
ORD-002910,2025-05-27,CUST-00185,Priya Nguyen,44,Male,Latin America,Argentina,Home & Kitchen,Dyson V15 Vacuum,3,739.21,3.0,2151.1,28.8,619.52
ORD-002911,2025-05-27,CUST-00260,Patricia Anderson,34,Male,Latin America,Colombia,Clothing,Timberland Boots,1,189.23,15.0,160.85,36.7,59.03
ORD-002912,2025-05-27,CUST-01280,Charles White,34,Female,North America,Mexico,Electronics,"LG OLED 55"" TV",1,1860.35,0.0,1860.35,18.4,342.3
ORD-002913,2025-05-28,CUST-01398,Rafael Ahmed,35,Female,Middle East,Saudi Arabia,Beauty & Personal Care,Charlotte Tilbury Lipstick,4,46.27,2.0,181.38,43.5,78.9
ORD-002914,2025-05-28,CUST-00542,Richard Green,18,Female,Europe,France,Clothing,North Face Fleece Jacket,4,153.41,29.0,435.68,38.8,169.04
ORD-002915,2025-05-28,CUST-01666,Zara Jackson,21,Female,North America,Canada,Home & Kitchen,Dyson V15 Vacuum,3,778.42,0.0,2335.26,36.9,861.71
ORD-002916,2025-05-28,CUST-01774,William Wright,26,Male,Latin America,Brazil,Beauty & Personal Care,Foreo LUNA Face Massager,5,144.2,7.0,670.53,58.3,390.92
ORD-002917,2025-05-28,CUST-00355,Layla Nguyen,18,Female,Asia Pacific,Singapore,Clothing,Puma Running Shorts,3,41.57,0.0,124.71,32.7,40.78
ORD-002918,2025-05-28,CUST-00564,Ana Lee,26,Female,Latin America,Brazil,Clothing,Uniqlo Down Jacket,2,148.2,29.0,210.44,49.8,104.8
ORD-002919,2025-05-28,CUST-00504,Laila Scott,39,Male,Middle East,Qatar,Home & Kitchen,Cuisinart 12-Piece Cookware Set,2,314.02,14.0,540.11,36.9,199.3
ORD-002920,2025-05-28,CUST-01336,Liam Müller,42,Female,Europe,Spain,Home & Kitchen,KitchenAid Stand Mixer,1,427.68,15.0,363.53,29.6,107.6
ORD-002921,2025-06-01,CUST-00274,Sophia Walker,37,Male,Latin America,Argentina,Home & Kitchen,Instant Pot Duo 7-in-1,3,116.82,0.0,350.46,40.0,140.18
ORD-002922,2025-06-01,CUST-01490,David Hall,40,Female,Latin America,Argentina,Electronics,Canon EOS R50 Camera,1,777.48,9.0,707.51,16.1,113.91
ORD-002923,2025-06-01,CUST-00243,Isabella Flores,36,Male,Latin America,Colombia,Home & Kitchen,Smart Thermostat Google Nest,3,189.23,0.0,567.69,22.9,130.0
ORD-002924,2025-06-01,CUST-01303,Mia Green,36,Male,Middle East,Qatar,Electronics,Canon EOS R50 Camera,1,836.16,23.0,643.84,8.0,51.51
ORD-002925,2025-06-01,CUST-00984,James Smith,42,Female,Asia Pacific,Australia,Clothing,Converse Chuck Taylor All Star,4,90.12,20.0,288.38,50.9,146.79
ORD-002926,2025-06-01,CUST-00903,Wei Ahmed,40,Female,North America,USA,Electronics,Canon EOS R50 Camera,2,954.78,7.0,1775.89,9.6,170.49
ORD-002927,2025-06-01,CUST-01346,Ahmed Flores,18,Male,Latin America,Brazil,Clothing,Puma Running Shorts,2,48.22,0.0,96.44,46.2,44.56
ORD-002928,2025-06-01,CUST-00231,Linda Singh,19,Male,Latin America,Argentina,Sports & Outdoors,Speedo Swim Goggles,1,32.76,31.0,22.6,22.5,5.09
ORD-002929,2025-06-02,CUST-00221,Ava Green,60,Male,North America,USA,Electronics,USB-C Hub 7-in-1,2,79.91,0.0,159.82,13.4,21.42
ORD-002930,2025-06-02,CUST-00565,William Santos,29,Male,Latin America,Argentina,Home & Kitchen,LED Desk Lamp with USB,1,66.48,0.0,66.48,35.2,23.4
ORD-002931,2025-06-02,CUST-01087,Hana Patel,20,Male,Europe,Italy,Clothing,H&M Cotton T-Shirt Pack,4,34.58,0.0,138.32,51.0,70.54
ORD-002932,2025-06-02,CUST-01721,Ravi Fernandez,48,Female,Middle East,Qatar,Sports & Outdoors,Camping Sleeping Bag -10°C,1,110.54,9.0,100.59,36.7,36.92
ORD-002933,2025-06-02,CUST-01221,Ava Ali,19,Male,Asia Pacific,Singapore,Sports & Outdoors,Fitbit Charge 6,1,190.41,28.0,137.1,35.4,48.53
ORD-002934,2025-06-02,CUST-01235,Yuki Green,32,Male,Asia Pacific,Singapore,Home & Kitchen,Ninja Air Fryer XL,1,138.58,6.0,130.27,32.2,41.95
ORD-002935,2025-06-02,CUST-00454,Sarah Walker,42,Female,Asia Pacific,South Korea,Sports & Outdoors,Fitbit Charge 6,2,203.88,19.0,330.29,33.6,110.98
ORD-002936,2025-06-02,CUST-01728,Richard Jones,30,Male,Middle East,UAE,Electronics,iPhone 15 Pro,1,1057.02,21.0,835.05,18.5,154.48
ORD-002937,2025-06-02,CUST-00043,Mia Dupont,39,Female,Asia Pacific,Singapore,Clothing,Tommy Hilfiger Polo Shirt,1,69.22,38.0,42.92,48.8,20.94
ORD-002938,2025-06-02,CUST-00911,Layla Smith,22,Male,Latin America,Colombia,Electronics,Samsung Galaxy S24,1,1100.5,0.0,1100.5,18.3,201.39
ORD-002939,2025-06-02,CUST-00081,Susan Khan,23,Female,North America,USA,Electronics,Kindle Paperwhite,2,160.38,0.0,320.76,16.4,52.6
ORD-002940,2025-06-03,CUST-01272,Yuki Young,43,Male,Europe,Germany,Clothing,North Face Fleece Jacket,4,175.58,30.0,491.62,39.4,193.7
ORD-002941,2025-06-03,CUST-01438,Sophia Martin,19,Male,Europe,France,Clothing,Calvin Klein Underwear Set,4,43.09,0.0,172.36,33.4,57.57
ORD-002942,2025-06-03,CUST-01428,Robert Patel,31,Female,Latin America,Argentina,Electronics,Dell XPS 15 Laptop,2,1619.17,0.0,3238.34,19.8,641.19
ORD-002943,2025-06-03,CUST-01015,Ana Flores,26,Female,Asia Pacific,Japan,Clothing,Calvin Klein Underwear Set,2,43.89,0.0,87.78,30.1,26.42
ORD-002944,2025-06-03,CUST-01670,Zara Hill,44,Female,North America,USA,Beauty & Personal Care,CeraVe Moisturizing Cream,2,20.47,14.0,35.21,45.1,15.88
ORD-002945,2025-06-03,CUST-00091,Mia Flores,41,Female,Latin America,Colombia,Clothing,Adidas Ultraboost Shoes,2,214.07,34.0,282.57,47.3,133.66
ORD-002946,2025-06-03,CUST-00532,Jennifer Davis,37,Female,North America,Canada,Beauty & Personal Care,Charlotte Tilbury Lipstick,2,41.79,2.0,81.91,42.9,35.14
ORD-002947,2025-06-03,CUST-00553,Riley Taylor,19,Female,Middle East,Qatar,Beauty & Personal Care,Bath & Body Works Candle Set,1,38.99,29.0,27.68,58.3,16.14
ORD-002948,2025-06-03,CUST-01396,Linda Harris,20,Female,Asia Pacific,Australia,Home & Kitchen,Smart Thermostat Google Nest,2,160.35,4.0,307.87,32.7,100.67
ORD-002949,2025-06-03,CUST-01245,Aiden Hill,37,Female,Latin America,Colombia,Sports & Outdoors,Garmin GPS Running Watch,2,323.05,28.0,465.19,35.3,164.21
ORD-002950,2025-06-03,CUST-01195,Charles Singh,31,Male,Asia Pacific,Singapore,Electronics,iPhone 15 Pro,1,1100.61,0.0,1100.61,16.2,178.3
ORD-002951,2025-06-03,CUST-00812,Wei Schmidt,60,Male,Europe,Germany,Electronics,iPhone 15 Pro,1,1059.67,9.0,964.3,12.6,121.5
ORD-002952,2025-06-03,CUST-01591,Fatima Wright,56,Male,Middle East,UAE,Clothing,Gucci Belt,1,417.67,0.0,417.67,51.0,213.01
ORD-002953,2025-06-03,CUST-00990,Yuki Martin,31,Female,Asia Pacific,Japan,Clothing,Tommy Hilfiger Polo Shirt,4,79.48,31.0,219.36,35.8,78.53
ORD-002954,2025-06-03,CUST-01044,Michael Williams,40,Male,Asia Pacific,South Korea,Home & Kitchen,KitchenAid Stand Mixer,2,474.35,5.0,901.26,25.4,228.92
ORD-002955,2025-06-03,CUST-01376,Oliver Singh,41,Male,Europe,UK,Home & Kitchen,Air Purifier HEPA,2,285.17,22.0,444.87,28.7,127.68
ORD-002956,2025-06-03,CUST-00213,Barbara Santos,38,Male,North America,Canada,Clothing,Gucci Belt,3,415.92,38.0,773.61,43.9,339.61
ORD-002957,2025-06-03,CUST-00924,Richard Singh,18,Male,Middle East,Saudi Arabia,Electronics,"LG OLED 55"" TV",2,1600.67,6.0,3009.26,13.4,403.24
ORD-002958,2025-06-04,CUST-00322,Ava Adams,32,Male,Latin America,Colombia,Home & Kitchen,French Press Coffee Maker,1,54.33,22.0,42.38,25.3,10.72
ORD-002959,2025-06-04,CUST-00366,Riley Wang,33,Male,Middle East,Qatar,Sports & Outdoors,Resistance Bands Set,1,37.02,0.0,37.02,22.3,8.26
ORD-002960,2025-06-04,CUST-00064,Linda Miller,39,Female,North America,USA,Sports & Outdoors,Speedo Swim Goggles,2,27.74,0.0,55.48,33.8,18.75
ORD-002961,2025-06-04,CUST-01286,Richard Scott,22,Female,Europe,Netherlands,Home & Kitchen,Ninja Air Fryer XL,3,148.81,19.0,361.61,37.4,135.24
ORD-002962,2025-06-04,CUST-01616,Harry Davis,40,Female,Asia Pacific,India,Clothing,North Face Fleece Jacket,1,118.67,19.0,96.12,45.5,43.73
ORD-002963,2025-06-04,CUST-00807,Ahmed Wilson,46,Male,Latin America,Brazil,Home & Kitchen,Ninja Air Fryer XL,2,127.35,0.0,254.7,24.1,61.38
ORD-002964,2025-06-04,CUST-00251,Rafael Adams,42,Male,Latin America,Brazil,Home & Kitchen,Ninja Air Fryer XL,2,131.1,8.0,241.22,27.9,67.3
ORD-002965,2025-06-04,CUST-01796,John Davis,45,Female,Latin America,Brazil,Beauty & Personal Care,CeraVe Moisturizing Cream,3,20.4,0.0,61.2,53.5,32.74
ORD-002966,2025-06-04,CUST-00655,Priya Khan,34,Female,North America,Canada,Beauty & Personal Care,Bioderma Micellar Water 500ml,5,15.29,25.0,57.34,46.0,26.38
ORD-002967,2025-06-04,CUST-01611,Linda Miller,21,Male,Middle East,Saudi Arabia,Sports & Outdoors,Peloton Bike+,2,2977.23,23.0,4584.93,19.2,880.31
ORD-002968,2025-06-04,CUST-01432,Mary Wang,23,Male,Latin America,Argentina,Home & Kitchen,French Press Coffee Maker,3,38.46,6.0,108.46,28.0,30.37
ORD-002969,2025-06-04,CUST-00321,Layla Wright,41,Male,Europe,Netherlands,Clothing,Nike Air Max 270,2,156.49,33.0,209.7,32.2,67.52
ORD-002970,2025-06-04,CUST-00234,Layla Davis,29,Female,Europe,Netherlands,Home & Kitchen,French Press Coffee Maker,1,41.9,21.0,33.1,36.5,12.08
ORD-002971,2025-06-04,CUST-00333,Ava Allen,18,Female,Middle East,Qatar,Home & Kitchen,Smart Thermostat Google Nest,2,171.54,0.0,343.08,24.7,84.74
ORD-002972,2025-06-04,CUST-00514,Mia Miller,57,Male,Middle East,Qatar,Home & Kitchen,Roomba i7+ Robot Vacuum,1,842.24,12.0,741.17,22.4,166.02
ORD-002973,2025-06-04,CUST-00328,John Lee,30,Female,North America,Mexico,Electronics,Samsung Galaxy S24,2,998.64,25.0,1497.96,12.9,193.24
ORD-002974,2025-06-04,CUST-00359,Lisa Taylor,36,Male,North America,Mexico,Electronics,Ring Video Doorbell,1,233.32,23.0,179.66,10.1,18.15
ORD-002975,2025-06-04,CUST-01278,Richard Davis,46,Male,Europe,France,Electronics,Bose SoundLink Speaker,2,265.65,0.0,531.3,12.4,65.88
ORD-002976,2025-06-04,CUST-00602,Charlotte Anderson,18,Male,North America,Mexico,Beauty & Personal Care,Oral-B Electric Toothbrush Pro,3,87.29,14.0,225.21,40.1,90.31
ORD-002977,2025-06-04,CUST-00152,Zara Hill,46,Female,Middle East,Saudi Arabia,Electronics,iPad Pro 11-inch,1,1060.54,8.0,975.7,11.4,111.23
ORD-002978,2025-06-05,CUST-01120,Susan Anderson,18,Male,Latin America,Brazil,Sports & Outdoors,Bowflex SelectTech Dumbbells,1,354.43,33.0,237.47,34.0,80.74
ORD-002979,2025-06-05,CUST-00631,Emma Martinez,31,Female,Europe,France,Home & Kitchen,Roomba i7+ Robot Vacuum,1,745.83,0.0,745.83,21.1,157.37
ORD-002980,2025-06-05,CUST-01370,Aiden King,23,Male,North America,USA,Clothing,Ray-Ban Aviator Sunglasses,2,167.57,0.0,335.14,44.1,147.8
ORD-002981,2025-06-05,CUST-01254,Riley Mitchell,34,Female,Latin America,Colombia,Electronics,Ring Video Doorbell,1,141.63,24.0,107.64,18.5,19.91
ORD-002982,2025-06-05,CUST-00139,Aiden Roberts,26,Female,Europe,France,Sports & Outdoors,Wilson Tennis Racket Pro,2,191.13,0.0,382.26,34.0,129.97
ORD-002983,2025-06-05,CUST-00504,Laila Scott,39,Male,Middle East,Qatar,Sports & Outdoors,Wilson Tennis Racket Pro,3,217.45,0.0,652.35,21.3,138.95
ORD-002984,2025-06-05,CUST-00214,Jennifer Lopez,25,Female,Middle East,Qatar,Sports & Outdoors,Spalding NBA Basketball,1,41.81,20.0,33.45,37.8,12.64
ORD-002985,2025-06-05,CUST-00382,Fatima Lee,21,Female,Latin America,Brazil,Clothing,Adidas Ultraboost Shoes,4,185.81,0.0,743.24,46.6,346.35
ORD-002986,2025-06-05,CUST-00168,Olivia Nguyen,30,Female,Middle East,UAE,Home & Kitchen,Bamboo Cutting Board Set,1,33.32,0.0,33.32,26.6,8.86
ORD-002987,2025-06-05,CUST-01622,Oliver Anderson,27,Male,Middle East,UAE,Electronics,Samsung Galaxy S24,1,972.27,7.0,904.21,13.2,119.36
ORD-002988,2025-06-05,CUST-01564,Mary Flores,44,Female,Middle East,Saudi Arabia,Electronics,iPhone 15 Pro,2,1228.01,0.0,2456.02,8.3,203.85
ORD-002989,2025-06-05,CUST-00380,Thomas Dupont,48,Male,North America,Canada,Home & Kitchen,Ninja Air Fryer XL,1,142.55,8.0,131.15,36.0,47.21
ORD-002990,2025-06-05,CUST-01178,Ava Jones,37,Female,Latin America,Brazil,Beauty & Personal Care,Charlotte Tilbury Lipstick,3,41.1,29.0,87.54,39.1,34.23
ORD-002991,2025-06-05,CUST-01205,Sofia Wang,43,Male,Europe,Italy,Clothing,Timberland Boots,3,222.51,14.0,574.08,30.0,172.22
ORD-002992,2025-06-05,CUST-01497,Zara Smith,30,Male,Latin America,Argentina,Clothing,Timberland Boots,1,217.27,21.0,171.64,35.2,60.42
ORD-002993,2025-06-05,CUST-00596,Amelia Patel,28,Female,Asia Pacific,Australia,Clothing,Tommy Hilfiger Polo Shirt,3,66.53,23.0,153.68,54.0,82.99
ORD-002994,2025-06-06,CUST-01686,Richard Johnson,38,Male,Latin America,Brazil,Home & Kitchen,LED Desk Lamp with USB,3,56.76,21.0,134.52,37.5,50.45
ORD-002995,2025-06-06,CUST-00323,Laila Johnson,39,Female,Middle East,Saudi Arabia,Home & Kitchen,Roomba i7+ Robot Vacuum,3,676.95,28.0,1462.21,37.8,552.72
ORD-002996,2025-06-06,CUST-00818,Sofia Thompson,24,Female,Asia Pacific,Australia,Sports & Outdoors,Resistance Bands Set,3,31.94,0.0,95.82,24.3,23.28
ORD-002997,2025-06-06,CUST-00596,Amelia Patel,28,Female,Asia Pacific,Australia,Home & Kitchen,Smart Thermostat Google Nest,2,202.6,23.0,312.0,28.6,89.23
ORD-002998,2025-06-06,CUST-00459,Susan Santos,22,Female,Europe,France,Sports & Outdoors,Fitbit Charge 6,3,189.33,0.0,567.99,36.2,205.61
ORD-002999,2025-06-06,CUST-00525,Zara Torres,37,Female,Middle East,Qatar,Sports & Outdoors,Camping Sleeping Bag -10°C,3,86.62,22.0,202.69,25.0,50.67
ORD-003000,2025-06-06,CUST-01700,Richard Flores,18,Male,North America,USA,Electronics,Kindle Paperwhite,2,138.0,26.0,204.24,15.2,31.04
ORD-003001,2025-06-06,CUST-00225,Patricia Torres,18,Female,Asia Pacific,South Korea,Clothing,Under Armour Sports Bra,1,59.84,20.0,47.87,44.6,21.35
ORD-003002,2025-06-06,CUST-00263,Isabella Davis,39,Female,Latin America,Brazil,Beauty & Personal Care,Charlotte Tilbury Lipstick,3,42.27,0.0,126.81,55.6,70.51
ORD-003003,2025-06-06,CUST-01245,Aiden Hill,37,Female,Latin America,Colombia,Home & Kitchen,Cuisinart 12-Piece Cookware Set,2,276.53,0.0,553.06,26.1,144.35
ORD-003004,2025-06-06,CUST-01300,Carlos Dupont,40,Male,North America,Mexico,Beauty & Personal Care,Fenty Beauty Foundation,5,41.46,24.0,157.55,54.0,85.08
ORD-003005,2025-06-06,CUST-00266,Emma Davis,46,Female,Europe,France,Sports & Outdoors,Bowflex SelectTech Dumbbells,3,408.22,5.0,1163.43,29.8,346.7
ORD-003006,2025-06-06,CUST-01624,Harry Green,26,Male,Middle East,UAE,Beauty & Personal Care,Olaplex No.3 Hair Perfector,1,40.66,12.0,35.78,48.1,17.21
ORD-003007,2025-06-06,CUST-00019,Barbara Thompson,34,Female,Middle East,Qatar,Home & Kitchen,Ninja Air Fryer XL,3,163.53,0.0,490.59,20.2,99.1
ORD-003008,2025-06-06,CUST-01276,Wei Wright,19,Male,Europe,UK,Home & Kitchen,Weighted Blanket 15lbs,3,96.8,9.0,264.26,38.1,100.68
ORD-003009,2025-06-07,CUST-01544,William Lee,29,Female,Asia Pacific,South Korea,Home & Kitchen,LED Desk Lamp with USB,3,53.29,14.0,137.49,38.9,53.48
ORD-003010,2025-06-07,CUST-01495,Ahmed Anderson,24,Male,Middle East,Saudi Arabia,Clothing,Puma Running Shorts,4,48.27,31.0,133.23,37.0,49.3
ORD-003011,2025-06-07,CUST-00434,Patricia Roberts,26,Male,North America,Mexico,Clothing,Calvin Klein Underwear Set,3,51.92,8.0,143.3,41.1,58.9
ORD-003012,2025-06-07,CUST-00127,James Nguyen,41,Female,Asia Pacific,Japan,Clothing,Adidas Ultraboost Shoes,1,185.56,0.0,185.56,40.1,74.41
ORD-003013,2025-06-07,CUST-00323,Laila Johnson,39,Female,Middle East,Saudi Arabia,Home & Kitchen,Bamboo Cutting Board Set,1,55.97,27.0,40.86,22.4,9.15
ORD-003014,2025-06-07,CUST-01356,Ravi Young,23,Male,Europe,UK,Home & Kitchen,Ninja Air Fryer XL,2,140.87,8.0,259.2,34.8,90.2
ORD-003015,2025-06-07,CUST-00611,Lucas Wright,52,Female,North America,Canada,Electronics,Samsung Galaxy S24,1,979.7,0.0,979.7,19.1,187.12
ORD-003016,2025-06-07,CUST-00167,Zara Hill,35,Male,Middle East,Saudi Arabia,Beauty & Personal Care,Philips Norelco Shaver,3,105.79,23.0,244.37,41.7,101.9
ORD-003017,2025-06-07,CUST-00682,Chen Chen,21,Female,Latin America,Brazil,Electronics,Samsung Galaxy S24,1,1150.53,21.0,908.92,13.6,123.61
ORD-003018,2025-06-08,CUST-01583,Layla Khan,30,Female,Europe,UK,Sports & Outdoors,Bowflex SelectTech Dumbbells,3,479.03,34.0,948.48,35.4,335.76
ORD-003019,2025-06-08,CUST-01116,Mia Nelson,42,Male,Latin America,Argentina,Electronics,Sony WH-1000XM5 Headphones,1,316.12,4.0,303.48,11.9,36.11
ORD-003020,2025-06-08,CUST-01500,Zara Miller,53,Female,North America,Canada,Home & Kitchen,KitchenAid Stand Mixer,3,455.2,0.0,1365.6,39.4,538.05
ORD-003021,2025-06-08,CUST-01427,Ana Khan,39,Male,Europe,Spain,Sports & Outdoors,Peloton Bike+,3,2810.67,15.0,7167.21,32.6,2336.51
ORD-003022,2025-06-08,CUST-01584,Barbara Schmidt,38,Male,Asia Pacific,Singapore,Clothing,H&M Cotton T-Shirt Pack,3,24.93,2.0,73.29,34.3,25.14
ORD-003023,2025-06-08,CUST-00825,Priya Dupont,32,Male,Asia Pacific,South Korea,Home & Kitchen,Dyson V15 Vacuum,3,844.71,0.0,2534.13,28.1,712.09
ORD-003024,2025-06-08,CUST-01386,Isabella White,38,Female,Europe,France,Home & Kitchen,KitchenAid Stand Mixer,3,494.65,0.0,1483.95,29.2,433.31
ORD-003025,2025-06-08,CUST-00645,Mia Brown,27,Male,Asia Pacific,Japan,Electronics,Canon EOS R50 Camera,2,967.48,13.0,1683.42,12.9,217.16
ORD-003026,2025-06-08,CUST-00412,Sofia Fernandez,42,Male,Asia Pacific,Singapore,Home & Kitchen,Nespresso Vertuo Coffee Machine,3,248.95,0.0,746.85,24.6,183.73
ORD-003027,2025-06-08,CUST-00525,Zara Torres,37,Female,Middle East,Qatar,Clothing,North Face Fleece Jacket,2,160.76,26.0,237.92,47.2,112.3
ORD-003028,2025-06-08,CUST-00174,Charles Flores,27,Male,Europe,France,Beauty & Personal Care,Tatcha Rice Wash Cleanser,5,60.64,29.0,215.27,48.9,105.27
ORD-003029,2025-06-08,CUST-00307,Hana Adams,36,Male,Europe,France,Electronics,Ring Video Doorbell,1,224.64,3.0,217.9,12.5,27.24
ORD-003030,2025-06-08,CUST-01433,Jessica Singh,29,Female,Europe,Spain,Beauty & Personal Care,Tatcha Rice Wash Cleanser,3,60.55,0.0,181.65,56.9,103.36
ORD-003031,2025-06-08,CUST-00417,Susan Rossi,36,Female,North America,Canada,Beauty & Personal Care,Charlotte Tilbury Lipstick,3,46.18,0.0,138.54,43.2,59.85
ORD-003032,2025-06-08,CUST-01366,William Carter,44,Male,Asia Pacific,Australia,Clothing,Timberland Boots,4,206.92,1.0,819.4,49.0,401.51
ORD-003033,2025-06-08,CUST-00038,Robert Schmidt,31,Male,Latin America,Brazil,Electronics,Bose SoundLink Speaker,1,257.58,4.0,247.28,19.5,48.22
ORD-003034,2025-06-08,CUST-01487,Barbara Thompson,51,Female,North America,Canada,Electronics,Apple Watch Series 9,1,551.06,13.0,479.42,17.5,83.9
ORD-003035,2025-06-08,CUST-00371,Ravi Wright,22,Male,Asia Pacific,Singapore,Electronics,iPad Pro 11-inch,1,1106.55,0.0,1106.55,9.8,108.44
ORD-003036,2025-06-08,CUST-01684,Richard Jackson,37,Male,Asia Pacific,Japan,Electronics,Sony WH-1000XM5 Headphones,1,308.52,1.0,305.43,17.5,53.45
ORD-003037,2025-06-08,CUST-01286,Richard Scott,22,Female,Europe,Netherlands,Clothing,Uniqlo Down Jacket,2,145.43,6.0,273.41,34.2,93.51
ORD-003038,2025-06-08,CUST-00655,Priya Khan,34,Female,North America,Canada,Electronics,iPad Pro 11-inch,2,1010.51,13.0,1758.29,14.7,258.47
ORD-003039,2025-06-08,CUST-00302,John Nguyen,25,Female,Latin America,Brazil,Beauty & Personal Care,Foreo LUNA Face Massager,5,102.52,8.0,471.59,58.4,275.41
ORD-003040,2025-06-09,CUST-01604,Hana Roberts,54,Male,Latin America,Colombia,Electronics,Apple Watch Series 9,1,499.29,0.0,499.29,14.0,69.9
ORD-003041,2025-06-09,CUST-00830,Chen Brown,19,Female,North America,USA,Sports & Outdoors,Wilson Tennis Racket Pro,1,224.96,19.0,182.22,19.6,35.72
ORD-003042,2025-06-09,CUST-00169,Liam Nguyen,54,Male,Asia Pacific,Japan,Home & Kitchen,Dyson V15 Vacuum,1,833.99,27.0,608.81,24.8,150.98
ORD-003043,2025-06-09,CUST-00827,Ava Williams,40,Male,Europe,Netherlands,Electronics,Ring Video Doorbell,1,201.9,0.0,201.9,11.1,22.41
ORD-003044,2025-06-09,CUST-01368,Amelia Jackson,21,Male,Europe,Germany,Home & Kitchen,Air Purifier HEPA,1,210.32,21.0,166.15,37.5,62.31
ORD-003045,2025-06-09,CUST-00171,Priya Torres,33,Male,Asia Pacific,India,Beauty & Personal Care,Bioderma Micellar Water 500ml,5,20.28,24.0,77.06,54.3,41.84
ORD-003046,2025-06-09,CUST-00559,Lisa Williams,37,Male,North America,Mexico,Electronics,Sony WH-1000XM5 Headphones,2,375.63,0.0,751.26,10.6,79.63
ORD-003047,2025-06-09,CUST-01143,Amelia Carter,18,Male,Middle East,Qatar,Electronics,USB-C Hub 7-in-1,1,85.3,11.0,75.92,11.2,8.5
ORD-003048,2025-06-09,CUST-01450,Carlos Davis,36,Female,North America,Canada,Electronics,Sony PlayStation 5,1,618.83,0.0,618.83,15.8,97.78
ORD-003049,2025-06-09,CUST-01318,Michael Taylor,21,Male,Europe,France,Home & Kitchen,Instant Pot Duo 7-in-1,1,122.82,22.0,95.8,27.6,26.44
ORD-003050,2025-06-09,CUST-00652,Aiden Mitchell,49,Female,North America,Canada,Sports & Outdoors,Resistance Bands Set,2,30.87,25.0,46.3,36.2,16.76
ORD-003051,2025-06-09,CUST-00414,Ravi Lee,55,Male,Middle East,Qatar,Clothing,Puma Running Shorts,2,34.09,20.0,54.54,54.3,29.62
ORD-003052,2025-06-09,CUST-01553,Barbara Müller,37,Female,Asia Pacific,Japan,Beauty & Personal Care,CeraVe Moisturizing Cream,5,21.07,9.0,95.87,51.9,49.76
ORD-003053,2025-06-09,CUST-01693,Muhammad Lee,39,Male,Latin America,Colombia,Clothing,Ray-Ban Aviator Sunglasses,4,198.87,4.0,763.66,45.3,345.94
ORD-003054,2025-06-09,CUST-01356,Ravi Young,23,Male,Europe,UK,Clothing,Under Armour Sports Bra,1,64.88,25.0,48.66,33.9,16.5
ORD-003055,2025-06-09,CUST-01255,Patricia Allen,19,Female,North America,USA,Home & Kitchen,Weighted Blanket 15lbs,1,97.83,0.0,97.83,33.1,32.38
ORD-003056,2025-06-10,CUST-00716,Richard Jackson,25,Male,Latin America,Brazil,Sports & Outdoors,Coleman 4-Person Camping Tent,3,162.91,0.0,488.73,37.5,183.27
ORD-003057,2025-06-10,CUST-01287,Patricia Hill,18,Female,North America,Canada,Electronics,Samsung Galaxy S24,1,1136.51,0.0,1136.51,13.4,152.29
ORD-003058,2025-06-10,CUST-00485,Michael Carter,46,Male,Middle East,UAE,Home & Kitchen,IKEA KALLAX Shelf Unit,2,208.56,11.0,371.24,20.9,77.59
ORD-003059,2025-06-10,CUST-01563,Charlotte Hill,38,Male,Middle East,UAE,Clothing,Under Armour Sports Bra,1,49.24,20.0,39.39,33.1,13.04
ORD-003060,2025-06-10,CUST-01588,Ahmed Nguyen,25,Female,Middle East,Saudi Arabia,Clothing,Converse Chuck Taylor All Star,1,82.55,0.0,82.55,50.3,41.52
ORD-003061,2025-06-10,CUST-01492,John Adams,47,Male,North America,USA,Beauty & Personal Care,Charlotte Tilbury Lipstick,1,39.52,0.0,39.52,40.4,15.97
ORD-003062,2025-06-10,CUST-01198,Wei Thomas,22,Female,Middle East,Saudi Arabia,Clothing,Timberland Boots,1,213.62,28.0,153.81,49.8,76.6
ORD-003063,2025-06-10,CUST-01716,Liam Lopez,40,Female,Middle East,Qatar,Electronics,Canon EOS R50 Camera,1,822.25,6.0,772.91,19.3,149.17
ORD-003064,2025-06-11,CUST-01368,Amelia Jackson,21,Male,Europe,Germany,Beauty & Personal Care,Olaplex No.3 Hair Perfector,1,42.09,7.0,39.14,53.4,20.9
ORD-003065,2025-06-11,CUST-01007,Emma Smith,54,Female,North America,USA,Electronics,Ring Video Doorbell,1,198.12,7.0,184.25,18.8,34.64
ORD-003066,2025-06-11,CUST-00544,Olivia King,43,Male,Middle East,Qatar,Home & Kitchen,Weighted Blanket 15lbs,3,100.12,21.0,237.28,31.3,74.27
ORD-003067,2025-06-11,CUST-00137,Hana Schmidt,29,Female,Latin America,Brazil,Beauty & Personal Care,The Ordinary Serum Set,5,27.25,0.0,136.25,55.8,76.03
ORD-003068,2025-06-11,CUST-01295,Ahmed Hill,43,Male,Middle East,Saudi Arabia,Home & Kitchen,Bamboo Cutting Board Set,1,50.12,21.0,39.59,31.5,12.47
ORD-003069,2025-06-11,CUST-01252,William Williams,40,Male,Middle East,Qatar,Home & Kitchen,Nespresso Vertuo Coffee Machine,1,247.86,1.0,245.38,39.0,95.7
ORD-003070,2025-06-11,CUST-00808,Lucas Scott,25,Female,Middle East,Qatar,Sports & Outdoors,Resistance Bands Set,1,31.23,18.0,25.61,35.0,8.96
ORD-003071,2025-06-12,CUST-00226,Jennifer Singh,28,Female,Europe,UK,Home & Kitchen,Weighted Blanket 15lbs,2,94.25,14.0,162.11,27.6,44.74
ORD-003072,2025-06-12,CUST-01204,Layla Chen,41,Male,Asia Pacific,Singapore,Home & Kitchen,Roomba i7+ Robot Vacuum,2,914.41,0.0,1828.82,25.5,466.35
ORD-003073,2025-06-12,CUST-00827,Ava Williams,40,Male,Europe,Netherlands,Electronics,Bose SoundLink Speaker,2,199.4,0.0,398.8,10.0,39.88
ORD-003074,2025-06-12,CUST-01202,Ana Wright,44,Female,North America,USA,Sports & Outdoors,Yoga Mat Premium Non-Slip,1,51.38,0.0,51.38,20.0,10.28
ORD-003075,2025-06-12,CUST-01271,Carlos Martinez,30,Female,Latin America,Argentina,Home & Kitchen,Instant Pot Duo 7-in-1,3,113.72,26.0,252.46,20.3,51.25
ORD-003076,2025-06-12,CUST-00094,Barbara Johnson,37,Male,Asia Pacific,Australia,Electronics,Sony PlayStation 5,1,675.62,24.0,513.47,12.5,64.18
ORD-003077,2025-06-12,CUST-01766,Hana Chen,34,Female,North America,Mexico,Electronics,Dell XPS 15 Laptop,1,1638.27,0.0,1638.27,18.4,301.44
ORD-003078,2025-06-12,CUST-00284,Wei Ahmed,23,Male,Asia Pacific,Japan,Sports & Outdoors,Fitbit Charge 6,2,190.23,8.0,350.02,21.2,74.2
ORD-003079,2025-06-12,CUST-00178,Ethan Adams,38,Female,Latin America,Colombia,Clothing,Gucci Belt,2,421.38,19.0,682.64,46.3,316.06
ORD-003080,2025-06-12,CUST-00938,Olivia Carter,30,Female,Europe,France,Home & Kitchen,Ninja Air Fryer XL,3,138.78,29.0,295.6,38.4,113.51
ORD-003081,2025-06-13,CUST-01326,Priya Brown,30,Female,Middle East,Saudi Arabia,Clothing,Timberland Boots,1,209.81,32.0,142.67,35.8,51.08
ORD-003082,2025-06-13,CUST-00188,Michael Carter,35,Female,Asia Pacific,Japan,Home & Kitchen,Roomba i7+ Robot Vacuum,3,958.29,3.0,2788.62,33.9,945.34
ORD-003083,2025-06-13,CUST-00515,Liam Chen,42,Female,Asia Pacific,Japan,Sports & Outdoors,Wilson Tennis Racket Pro,3,219.84,0.0,659.52,28.0,184.67
ORD-003084,2025-06-13,CUST-01188,Isabella Schmidt,21,Female,Asia Pacific,India,Sports & Outdoors,Wilson Tennis Racket Pro,3,211.94,0.0,635.82,36.4,231.44
ORD-003085,2025-06-13,CUST-00534,Aiden Miller,37,Female,Latin America,Argentina,Home & Kitchen,Dyson V15 Vacuum,1,686.77,21.0,542.55,30.8,167.11
ORD-003086,2025-06-13,CUST-00906,Noah Williams,25,Female,Middle East,Qatar,Beauty & Personal Care,La Mer Moisturizing Cream,2,412.33,6.0,775.18,51.0,395.34
ORD-003087,2025-06-13,CUST-01094,Susan Scott,43,Female,Middle East,Qatar,Electronics,Bose SoundLink Speaker,1,227.0,5.0,215.65,8.7,18.76
ORD-003088,2025-06-13,CUST-00235,Lucas Khan,18,Female,Middle East,Saudi Arabia,Home & Kitchen,Bamboo Cutting Board Set,1,39.4,0.0,39.4,39.5,15.56
ORD-003089,2025-06-13,CUST-00333,Ava Allen,18,Female,Middle East,Qatar,Electronics,iPad Pro 11-inch,2,1222.68,7.0,2274.18,11.4,259.26
ORD-003090,2025-06-13,CUST-00627,Jennifer Williams,18,Female,Europe,Netherlands,Clothing,Zara Wool Coat,2,196.68,0.0,393.36,49.9,196.29
ORD-003091,2025-06-13,CUST-01012,William Nelson,32,Male,Europe,Netherlands,Sports & Outdoors,TRX Suspension Trainer,1,225.43,1.0,223.18,36.5,81.46
ORD-003092,2025-06-13,CUST-01267,Fatima Taylor,18,Female,Middle East,UAE,Home & Kitchen,Cuisinart 12-Piece Cookware Set,2,280.46,0.0,560.92,20.1,112.74
ORD-003093,2025-06-13,CUST-00035,Ana Walker,47,Male,Europe,Spain,Sports & Outdoors,Bowflex SelectTech Dumbbells,3,375.94,6.0,1060.15,25.5,270.34
ORD-003094,2025-06-13,CUST-00895,Patricia Taylor,18,Male,North America,Mexico,Sports & Outdoors,Yoga Mat Premium Non-Slip,1,50.27,19.0,40.72,28.4,11.56
ORD-003095,2025-06-13,CUST-01393,Sophia Flores,40,Male,Middle East,Qatar,Sports & Outdoors,Trek FX3 Bicycle,3,795.92,6.0,2244.49,19.6,439.92
ORD-003096,2025-06-13,CUST-00815,Sofia Rossi,53,Female,Latin America,Colombia,Electronics,"LG OLED 55"" TV",1,1710.5,12.0,1505.24,8.4,126.44
ORD-003097,2025-06-13,CUST-00286,Lucas Anderson,18,Female,Europe,France,Beauty & Personal Care,Neutrogena SPF 50 Sunscreen,1,16.52,6.0,15.53,45.5,7.07
ORD-003098,2025-06-14,CUST-00359,Lisa Taylor,36,Male,North America,Mexico,Sports & Outdoors,Garmin GPS Running Watch,1,375.52,6.0,352.99,28.8,101.66
ORD-003099,2025-06-14,CUST-01336,Liam Müller,42,Female,Europe,Spain,Beauty & Personal Care,Philips Norelco Shaver,1,116.77,11.0,103.93,52.4,54.46
ORD-003100,2025-06-14,CUST-00477,David Wilson,29,Female,Middle East,UAE,Electronics,iPad Pro 11-inch,1,983.06,13.0,855.26,15.8,135.13
ORD-003101,2025-06-14,CUST-00788,Lucas Adams,18,Male,North America,USA,Electronics,GoPro Hero 12,2,514.37,21.0,812.7,13.6,110.53
ORD-003102,2025-06-14,CUST-01186,Mason Mitchell,52,Male,North America,USA,Electronics,Apple MacBook Air M2,2,1521.25,0.0,3042.5,15.3,465.5
ORD-003103,2025-06-14,CUST-01609,Riley Johnson,27,Male,Asia Pacific,Singapore,Beauty & Personal Care,The Ordinary Serum Set,4,28.2,20.0,90.24,58.6,52.88
ORD-003104,2025-06-14,CUST-01153,Liam Adams,37,Male,Latin America,Brazil,Electronics,Samsung Galaxy S24,2,1066.18,16.0,1791.18,20.0,358.24
ORD-003105,2025-06-14,CUST-00647,Jessica Thomas,45,Female,Middle East,UAE,Electronics,iPad Pro 11-inch,1,1177.55,0.0,1177.55,16.7,196.65
ORD-003106,2025-06-14,CUST-01271,Carlos Martinez,30,Female,Latin America,Argentina,Electronics,Kindle Paperwhite,2,158.62,0.0,317.24,14.8,46.95
ORD-003107,2025-06-15,CUST-01019,Muhammad Wright,18,Female,Middle East,Saudi Arabia,Electronics,Ring Video Doorbell,2,160.94,24.0,244.63,18.2,44.52
ORD-003108,2025-06-15,CUST-01672,Noah Smith,55,Female,Latin America,Argentina,Home & Kitchen,Instant Pot Duo 7-in-1,2,131.88,5.0,250.57,29.1,72.92
ORD-003109,2025-06-15,CUST-01203,Barbara Dupont,35,Male,Latin America,Argentina,Sports & Outdoors,Trek FX3 Bicycle,2,937.93,25.0,1406.89,32.1,451.61
ORD-003110,2025-06-15,CUST-01161,Wei Roberts,25,Male,Asia Pacific,Japan,Electronics,Ring Video Doorbell,1,139.04,23.0,107.06,10.2,10.92
ORD-003111,2025-06-15,CUST-01194,Richard Roberts,54,Male,Europe,Italy,Clothing,North Face Fleece Jacket,3,129.85,25.0,292.16,36.2,105.76
ORD-003112,2025-06-15,CUST-00927,Hana Smith,38,Male,North America,Canada,Electronics,Kindle Paperwhite,2,130.55,12.0,229.77,13.3,30.56
ORD-003113,2025-06-16,CUST-00365,Hana White,23,Female,North America,Mexico,Electronics,"LG OLED 55"" TV",1,1790.74,25.0,1343.06,11.8,158.48
ORD-003114,2025-06-16,CUST-00050,Oliver Lopez,39,Female,North America,Canada,Electronics,Apple MacBook Air M2,1,1357.59,13.0,1181.1,19.1,225.59
ORD-003115,2025-06-16,CUST-01366,William Carter,44,Male,Asia Pacific,Australia,Electronics,Sony PlayStation 5,1,680.5,12.0,598.84,9.6,57.49
ORD-003116,2025-06-16,CUST-00897,Jennifer White,35,Female,North America,Mexico,Home & Kitchen,Smart Thermostat Google Nest,3,157.05,0.0,471.15,28.0,131.92
ORD-003117,2025-06-16,CUST-01728,Richard Jones,30,Male,Middle East,UAE,Clothing,Converse Chuck Taylor All Star,1,85.88,7.0,79.87,32.0,25.56
ORD-003118,2025-06-17,CUST-00230,Karen Anderson,40,Male,Europe,Spain,Beauty & Personal Care,Oral-B Electric Toothbrush Pro,3,90.39,8.0,249.48,42.5,106.03
ORD-003119,2025-06-17,CUST-00371,Ravi Wright,22,Male,Asia Pacific,Singapore,Beauty & Personal Care,Fenty Beauty Foundation,5,52.98,0.0,264.9,43.2,114.44
ORD-003120,2025-06-17,CUST-01472,Jennifer Wright,37,Male,Latin America,Argentina,Clothing,Under Armour Sports Bra,2,46.77,36.0,59.87,32.1,19.22
ORD-003121,2025-06-17,CUST-00913,Thomas Mitchell,40,Female,Europe,Italy,Clothing,H&M Cotton T-Shirt Pack,4,40.92,0.0,163.68,45.5,74.47
ORD-003122,2025-06-17,CUST-00341,Chen Ali,42,Male,Europe,UK,Beauty & Personal Care,Tatcha Rice Wash Cleanser,4,45.78,14.0,157.48,51.5,81.1
ORD-003123,2025-06-17,CUST-00327,Yuki Thomas,39,Female,Middle East,Qatar,Sports & Outdoors,Hydro Flask 32oz Water Bottle,1,51.2,21.0,40.45,19.6,7.93
ORD-003124,2025-06-17,CUST-00004,Ana Kim,32,Male,North America,Mexico,Electronics,Ring Video Doorbell,1,227.77,21.0,179.94,11.9,21.41
ORD-003125,2025-06-17,CUST-00545,Wei Khan,19,Female,Latin America,Brazil,Electronics,Apple Watch Series 9,2,498.28,25.0,747.42,9.2,68.76
ORD-003126,2025-06-17,CUST-00189,Ethan Kim,38,Male,North America,Mexico,Electronics,Dell XPS 15 Laptop,2,1325.17,9.0,2411.81,17.8,429.3
ORD-003127,2025-06-17,CUST-01176,Oliver Walker,49,Male,North America,Canada,Electronics,GoPro Hero 12,1,489.52,11.0,435.67,15.6,67.96
ORD-003128,2025-06-18,CUST-00459,Susan Santos,22,Female,Europe,France,Home & Kitchen,IKEA KALLAX Shelf Unit,3,159.85,9.0,436.39,26.1,113.9
ORD-003129,2025-06-18,CUST-01626,Olivia Wang,18,Female,Latin America,Argentina,Clothing,Gucci Belt,4,384.04,31.0,1059.95,37.3,395.36
ORD-003130,2025-06-18,CUST-00572,Robert Lopez,34,Female,Middle East,Qatar,Clothing,Timberland Boots,1,207.67,21.0,164.06,45.9,75.3
ORD-003131,2025-06-18,CUST-00614,Sarah Williams,38,Male,North America,USA,Clothing,North Face Fleece Jacket,2,149.51,32.0,203.33,51.5,104.71
ORD-003132,2025-06-18,CUST-01208,Charles Taylor,42,Female,Middle East,Saudi Arabia,Clothing,Under Armour Sports Bra,4,46.53,12.0,163.79,54.4,89.1
ORD-003133,2025-06-18,CUST-01513,Mia Ali,39,Female,North America,USA,Electronics,USB-C Hub 7-in-1,2,60.37,24.0,91.76,19.2,17.62
ORD-003134,2025-06-18,CUST-00508,Chen Ahmed,56,Male,Asia Pacific,South Korea,Clothing,Calvin Klein Underwear Set,1,37.66,33.0,25.23,33.1,8.35
ORD-003135,2025-06-18,CUST-01715,Layla Khan,35,Male,Europe,Italy,Beauty & Personal Care,Bath & Body Works Candle Set,3,36.03,0.0,108.09,41.0,44.32
ORD-003136,2025-06-18,CUST-01374,Jennifer Hill,49,Male,Europe,Germany,Electronics,Sony PlayStation 5,2,663.6,0.0,1327.2,19.7,261.46
ORD-003137,2025-06-19,CUST-00744,Layla Walker,33,Female,North America,Mexico,Clothing,H&M Cotton T-Shirt Pack,2,32.08,0.0,64.16,38.4,24.64
ORD-003138,2025-06-19,CUST-01757,Patricia Fernandez,39,Male,Middle East,UAE,Home & Kitchen,Roomba i7+ Robot Vacuum,3,758.09,7.0,2115.07,21.8,461.09
ORD-003139,2025-06-19,CUST-01714,Sophia Harris,27,Male,North America,Canada,Home & Kitchen,French Press Coffee Maker,3,34.31,17.0,85.43,23.3,19.91
ORD-003140,2025-06-19,CUST-00696,Ali Martin,27,Female,Latin America,Argentina,Sports & Outdoors,Speedo Swim Goggles,2,24.44,11.0,43.5,23.2,10.09
ORD-003141,2025-06-19,CUST-01800,Harry Wright,27,Male,Europe,Italy,Home & Kitchen,Weighted Blanket 15lbs,3,98.33,0.0,294.99,23.0,67.85
ORD-003142,2025-06-19,CUST-01406,Ravi Williams,25,Male,Asia Pacific,South Korea,Home & Kitchen,Dyson V15 Vacuum,1,672.88,12.0,592.13,37.0,219.09
ORD-003143,2025-06-19,CUST-01657,Liam Brown,45,Male,North America,Canada,Clothing,Nike Air Max 270,4,146.97,12.0,517.33,45.6,235.9
ORD-003144,2025-06-19,CUST-00698,Linda Santos,26,Male,Latin America,Colombia,Sports & Outdoors,Camping Sleeping Bag -10°C,1,90.42,24.0,68.72,33.6,23.09
ORD-003145,2025-06-19,CUST-00088,Ethan Singh,37,Male,Latin America,Brazil,Clothing,Zara Wool Coat,3,225.99,6.0,637.29,31.6,201.38
ORD-003146,2025-06-19,CUST-00859,Jessica Nguyen,53,Female,Asia Pacific,Australia,Electronics,Sony WH-1000XM5 Headphones,2,392.63,10.0,706.73,13.5,95.41
ORD-003147,2025-06-19,CUST-01722,Ali Lopez,30,Male,Asia Pacific,India,Beauty & Personal Care,Bioderma Micellar Water 500ml,5,15.61,12.0,68.68,44.9,30.84
ORD-003148,2025-06-20,CUST-00129,Wei Martinez,41,Female,Middle East,UAE,Electronics,Sony WH-1000XM5 Headphones,1,331.35,0.0,331.35,8.3,27.5
ORD-003149,2025-06-20,CUST-01098,Mia Martin,58,Female,Middle East,Qatar,Sports & Outdoors,Peloton Bike+,3,2867.08,0.0,8601.24,26.8,2305.13
ORD-003150,2025-06-20,CUST-00476,Ahmed Kim,51,Female,Asia Pacific,India,Sports & Outdoors,Camping Sleeping Bag -10°C,3,101.15,0.0,303.45,37.8,114.7
ORD-003151,2025-06-20,CUST-01234,Carlos Thomas,37,Male,Latin America,Brazil,Beauty & Personal Care,Fenty Beauty Foundation,3,51.4,0.0,154.2,48.7,75.1
ORD-003152,2025-06-20,CUST-00847,Susan Lopez,25,Male,North America,USA,Beauty & Personal Care,Olaplex No.3 Hair Perfector,2,34.04,0.0,68.08,56.4,38.4
ORD-003153,2025-06-20,CUST-01276,Wei Wright,19,Male,Europe,UK,Beauty & Personal Care,Olaplex No.3 Hair Perfector,2,37.43,0.0,74.86,47.3,35.41
ORD-003154,2025-06-20,CUST-00701,Emma Dupont,24,Female,Europe,Spain,Electronics,iPhone 15 Pro,1,1421.46,3.0,1378.82,9.3,128.23
ORD-003155,2025-06-20,CUST-01715,Layla Khan,35,Male,Europe,Italy,Clothing,Under Armour Sports Bra,2,64.26,8.0,118.24,48.0,56.76
ORD-003156,2025-06-20,CUST-01669,Sarah Wilson,49,Male,Latin America,Argentina,Home & Kitchen,Weighted Blanket 15lbs,2,79.88,1.0,158.16,36.2,57.25
ORD-003157,2025-06-20,CUST-01442,Hana Williams,28,Male,Asia Pacific,South Korea,Clothing,Ray-Ban Aviator Sunglasses,4,213.39,0.0,853.56,39.0,332.89
ORD-003158,2025-06-21,CUST-01414,William Wright,31,Male,North America,USA,Beauty & Personal Care,Foreo LUNA Face Massager,2,141.1,0.0,282.2,50.0,141.1
ORD-003159,2025-06-21,CUST-00206,Amelia Lee,18,Female,Latin America,Colombia,Sports & Outdoors,Garmin GPS Running Watch,3,321.23,12.0,848.05,24.4,206.92
ORD-003160,2025-06-21,CUST-00062,Mason Mitchell,29,Male,Asia Pacific,India,Beauty & Personal Care,Oral-B Electric Toothbrush Pro,1,99.15,0.0,99.15,49.3,48.88
ORD-003161,2025-06-21,CUST-00972,Ethan Taylor,37,Female,Latin America,Colombia,Clothing,Ray-Ban Aviator Sunglasses,3,186.68,14.0,481.63,46.6,224.44
ORD-003162,2025-06-21,CUST-01657,Liam Brown,45,Male,North America,Canada,Home & Kitchen,Ninja Air Fryer XL,1,138.95,0.0,138.95,20.8,28.9
ORD-003163,2025-06-21,CUST-01318,Michael Taylor,21,Male,Europe,France,Sports & Outdoors,Resistance Bands Set,3,35.21,8.0,97.18,32.9,31.97
ORD-003164,2025-06-21,CUST-01452,Ana Wright,30,Female,Europe,France,Clothing,Puma Running Shorts,2,34.96,4.0,67.12,52.0,34.9
ORD-003165,2025-06-21,CUST-01377,Linda Thompson,48,Female,Latin America,Brazil,Electronics,"LG OLED 55"" TV",2,1872.35,0.0,3744.7,8.5,318.3
ORD-003166,2025-06-21,CUST-00731,Karen Wang,49,Female,Middle East,UAE,Electronics,iPad Pro 11-inch,1,1116.76,24.0,848.74,16.5,140.04
ORD-003167,2025-06-21,CUST-01477,Ethan Lopez,45,Male,Europe,Italy,Beauty & Personal Care,Philips Norelco Shaver,2,120.45,29.0,171.04,51.1,87.4
ORD-003168,2025-06-21,CUST-01722,Ali Lopez,30,Male,Asia Pacific,India,Sports & Outdoors,Hydro Flask 32oz Water Bottle,1,61.0,29.0,43.31,28.0,12.13
ORD-003169,2025-06-21,CUST-00548,Isabella Thomas,33,Female,Latin America,Brazil,Home & Kitchen,KitchenAid Stand Mixer,3,494.59,17.0,1231.53,20.7,254.93
ORD-003170,2025-06-21,CUST-00459,Susan Santos,22,Female,Europe,France,Beauty & Personal Care,Moroccanoil Hair Oil,4,39.16,0.0,156.64,41.0,64.22
ORD-003171,2025-06-21,CUST-00727,Olivia Green,26,Female,Asia Pacific,Singapore,Sports & Outdoors,Garmin GPS Running Watch,1,481.37,22.0,375.47,29.5,110.76
ORD-003172,2025-06-21,CUST-00384,William Miller,35,Male,Latin America,Colombia,Beauty & Personal Care,Bioderma Micellar Water 500ml,3,17.25,2.0,50.72,46.6,23.64
ORD-003173,2025-06-21,CUST-00478,Layla Williams,52,Male,Middle East,UAE,Electronics,iPad Pro 11-inch,2,1149.56,12.0,2023.23,11.0,222.56
ORD-003174,2025-06-21,CUST-01498,Robert Martin,18,Female,Latin America,Brazil,Electronics,Dell XPS 15 Laptop,2,1349.64,0.0,2699.28,10.8,291.52
ORD-003175,2025-06-21,CUST-00407,Ana Garcia,38,Female,Asia Pacific,Japan,Home & Kitchen,Philips Hue Smart Bulb Set,1,90.64,13.0,78.86,35.7,28.15
ORD-003176,2025-06-22,CUST-00273,Michael Martin,26,Female,Asia Pacific,Japan,Clothing,Adidas Ultraboost Shoes,2,192.96,9.0,351.19,30.1,105.71
ORD-003177,2025-06-22,CUST-00918,Michael White,51,Male,Middle East,Qatar,Electronics,"LG OLED 55"" TV",1,1681.31,0.0,1681.31,8.7,146.27
ORD-003178,2025-06-22,CUST-00993,Wei Flores,46,Female,Asia Pacific,Japan,Home & Kitchen,IKEA KALLAX Shelf Unit,1,221.83,21.0,175.25,21.2,37.15
ORD-003179,2025-06-22,CUST-01482,Sarah Adams,43,Female,North America,USA,Home & Kitchen,Dyson V15 Vacuum,1,883.24,1.0,874.41,35.1,306.92
ORD-003180,2025-06-22,CUST-00829,Mia Schmidt,37,Female,Asia Pacific,Japan,Electronics,iPhone 15 Pro,1,1135.19,15.0,964.91,17.6,169.82
ORD-003181,2025-06-22,CUST-01718,Fatima Johnson,32,Female,Europe,Italy,Sports & Outdoors,Peloton Bike+,3,2941.25,0.0,8823.75,32.6,2876.54
ORD-003182,2025-06-22,CUST-00077,Joseph Jackson,23,Female,Middle East,UAE,Beauty & Personal Care,Bioderma Micellar Water 500ml,5,23.2,10.0,104.4,51.8,54.08
ORD-003183,2025-06-22,CUST-01383,Charles Taylor,55,Male,Latin America,Brazil,Electronics,Dell XPS 15 Laptop,2,1379.24,12.0,2427.46,12.4,301.01
ORD-003184,2025-06-22,CUST-01657,Liam Brown,45,Male,North America,Canada,Clothing,Gucci Belt,2,501.09,20.0,801.74,38.5,308.67
ORD-003185,2025-06-22,CUST-00886,Layla Thompson,40,Male,Asia Pacific,South Korea,Electronics,Apple MacBook Air M2,2,1213.37,8.0,2232.6,11.4,254.52
ORD-003186,2025-06-22,CUST-01174,Mia Taylor,33,Female,North America,Canada,Beauty & Personal Care,Charlotte Tilbury Lipstick,4,42.41,0.0,169.64,59.0,100.09
ORD-003187,2025-06-22,CUST-01502,Chen Singh,45,Female,Middle East,Saudi Arabia,Clothing,Adidas Ultraboost Shoes,3,180.58,18.0,444.23,47.2,209.68
ORD-003188,2025-06-23,CUST-01687,Amelia Ali,33,Male,Asia Pacific,Japan,Electronics,iPhone 15 Pro,2,1346.1,13.0,2342.21,15.5,363.04
ORD-003189,2025-06-23,CUST-00247,Laila Rossi,53,Male,North America,Canada,Electronics,iPad Pro 11-inch,2,969.38,6.0,1822.43,9.8,178.6
ORD-003190,2025-06-23,CUST-01759,James Allen,47,Male,North America,Canada,Electronics,Samsung Galaxy S24,2,1247.9,0.0,2495.8,16.8,419.29
ORD-003191,2025-06-23,CUST-01675,Richard Singh,28,Female,Europe,UK,Electronics,iPad Pro 11-inch,2,1327.1,0.0,2654.2,18.5,491.03
ORD-003192,2025-06-23,CUST-01747,Laila Torres,47,Female,Middle East,Saudi Arabia,Sports & Outdoors,Wilson Tennis Racket Pro,3,179.32,0.0,537.96,35.6,191.51
ORD-003193,2025-06-23,CUST-00143,Michael Jackson,18,Female,Asia Pacific,South Korea,Clothing,North Face Fleece Jacket,4,138.7,36.0,355.07,44.7,158.72
ORD-003194,2025-06-23,CUST-01718,Fatima Johnson,32,Female,Europe,Italy,Electronics,Apple Watch Series 9,2,548.92,0.0,1097.84,8.3,91.12
ORD-003195,2025-06-23,CUST-00679,Robert Martinez,25,Female,Europe,Germany,Electronics,GoPro Hero 12,1,522.07,17.0,433.32,16.1,69.76
ORD-003196,2025-06-23,CUST-00433,Layla Schmidt,41,Female,Latin America,Brazil,Beauty & Personal Care,Fenty Beauty Foundation,5,50.62,21.0,199.95,45.2,90.38
ORD-003197,2025-06-23,CUST-00421,Hana Thompson,37,Female,Asia Pacific,Australia,Clothing,Levi's 501 Jeans,1,91.34,3.0,88.6,53.2,47.14
ORD-003198,2025-06-23,CUST-01252,William Williams,40,Male,Middle East,Qatar,Clothing,Gucci Belt,1,428.33,12.0,376.93,44.9,169.24
ORD-003199,2025-06-23,CUST-00855,Oliver Martinez,18,Female,Europe,Germany,Home & Kitchen,Roomba i7+ Robot Vacuum,3,854.32,27.0,1870.96,21.7,406.0
ORD-003200,2025-06-23,CUST-01647,Carlos Ali,36,Male,Asia Pacific,Australia,Home & Kitchen,Bamboo Cutting Board Set,3,34.83,25.0,78.37,31.9,25.0
ORD-003201,2025-06-24,CUST-01483,James Thompson,40,Male,Latin America,Colombia,Beauty & Personal Care,Moroccanoil Hair Oil,4,30.38,19.0,98.43,43.9,43.21
ORD-003202,2025-06-24,CUST-00138,Charles Harris,48,Male,Middle East,UAE,Clothing,Converse Chuck Taylor All Star,4,87.81,0.0,351.24,46.0,161.57
ORD-003203,2025-06-24,CUST-00573,Harry White,34,Female,Middle East,UAE,Beauty & Personal Care,Charlotte Tilbury Lipstick,4,35.8,0.0,143.2,41.6,59.57
ORD-003204,2025-06-24,CUST-00400,Emma Thomas,40,Female,Middle East,Qatar,Clothing,Zara Wool Coat,2,231.18,31.0,319.03,45.1,143.88
ORD-003205,2025-06-24,CUST-00656,Rafael Martin,38,Male,Europe,UK,Beauty & Personal Care,Tatcha Rice Wash Cleanser,1,52.66,20.0,42.13,39.3,16.56
ORD-003206,2025-06-24,CUST-00122,Priya Taylor,36,Male,Europe,Spain,Sports & Outdoors,Peloton Bike+,1,2984.3,0.0,2984.3,37.0,1104.19
ORD-003207,2025-06-24,CUST-01175,Lucas Miller,46,Male,Asia Pacific,South Korea,Clothing,Puma Running Shorts,2,34.24,32.0,46.57,35.1,16.35
ORD-003208,2025-06-24,CUST-00741,Ethan Lopez,39,Female,Asia Pacific,Australia,Clothing,Ray-Ban Aviator Sunglasses,1,191.48,29.0,135.95,53.9,73.28
ORD-003209,2025-06-24,CUST-00138,Charles Harris,48,Male,Middle East,UAE,Electronics,Ring Video Doorbell,1,121.87,17.0,101.15,11.4,11.53
ORD-003210,2025-06-24,CUST-01533,Riley Adams,40,Female,Europe,Netherlands,Beauty & Personal Care,Olaplex No.3 Hair Perfector,1,41.44,12.0,36.47,57.2,20.86
ORD-003211,2025-06-24,CUST-00560,Mason Davis,43,Male,Asia Pacific,India,Clothing,Nike Air Max 270,4,156.32,34.0,412.68,38.7,159.71
ORD-003212,2025-06-24,CUST-00548,Isabella Thomas,33,Female,Latin America,Brazil,Home & Kitchen,Ninja Air Fryer XL,1,168.85,0.0,168.85,22.1,37.32
ORD-003213,2025-06-24,CUST-00216,Harry Wang,39,Female,Asia Pacific,South Korea,Beauty & Personal Care,CeraVe Moisturizing Cream,1,22.82,17.0,18.94,47.5,9.0
ORD-003214,2025-06-24,CUST-01271,Carlos Martinez,30,Female,Latin America,Argentina,Electronics,Samsung Galaxy S24,1,1041.88,7.0,968.95,8.1,78.48
ORD-003215,2025-06-24,CUST-00288,Ana Flores,22,Male,Europe,UK,Beauty & Personal Care,Neutrogena SPF 50 Sunscreen,1,17.82,25.0,13.37,44.6,5.96
ORD-003216,2025-06-25,CUST-00636,Charlotte Ali,34,Male,North America,USA,Electronics,Kindle Paperwhite,1,131.54,0.0,131.54,11.5,15.13
ORD-003217,2025-06-25,CUST-00936,Zara Johnson,47,Female,Asia Pacific,Singapore,Clothing,Timberland Boots,3,237.32,0.0,711.96,41.7,296.89
ORD-003218,2025-06-25,CUST-01363,Priya Wang,28,Male,North America,Mexico,Electronics,iPhone 15 Pro,2,1342.54,9.0,2443.42,19.9,486.24
ORD-003219,2025-06-25,CUST-01272,Yuki Young,43,Male,Europe,Germany,Electronics,Bose SoundLink Speaker,1,197.66,13.0,171.96,12.5,21.5
ORD-003220,2025-06-25,CUST-01253,Riley Scott,31,Male,North America,Mexico,Electronics,Samsung Galaxy S24,2,1088.18,3.0,2111.07,10.1,213.22
ORD-003221,2025-06-25,CUST-00421,Hana Thompson,37,Female,Asia Pacific,Australia,Home & Kitchen,LED Desk Lamp with USB,2,58.31,11.0,103.79,38.8,40.27
ORD-003222,2025-06-25,CUST-01430,Isabella Singh,42,Female,Asia Pacific,South Korea,Sports & Outdoors,Trek FX3 Bicycle,2,828.85,2.0,1624.55,34.7,563.72
ORD-003223,2025-06-25,CUST-00006,Liam Young,44,Female,Europe,Netherlands,Beauty & Personal Care,Philips Norelco Shaver,3,108.18,0.0,324.54,55.9,181.42
ORD-003224,2025-06-25,CUST-00415,Hana Patel,28,Male,Asia Pacific,Japan,Clothing,Nike Air Max 270,2,157.41,35.0,204.63,54.9,112.34
ORD-003225,2025-06-25,CUST-01796,John Davis,45,Female,Latin America,Brazil,Beauty & Personal Care,CeraVe Moisturizing Cream,2,27.16,21.0,42.91,49.1,21.07
ORD-003226,2025-06-25,CUST-01396,Linda Harris,20,Female,Asia Pacific,Australia,Clothing,H&M Cotton T-Shirt Pack,2,40.7,0.0,81.4,52.4,42.65
ORD-003227,2025-06-25,CUST-01613,Sofia Taylor,26,Female,Europe,France,Sports & Outdoors,Foam Roller Set,1,47.15,6.0,44.32,36.7,16.27
ORD-003228,2025-06-25,CUST-01458,Karen Garcia,21,Male,Asia Pacific,Singapore,Electronics,"LG OLED 55"" TV",1,1816.13,13.0,1580.03,9.3,146.94
ORD-003229,2025-06-25,CUST-00519,Emma Scott,51,Male,Middle East,Qatar,Beauty & Personal Care,Bioderma Micellar Water 500ml,4,14.29,21.0,45.16,53.2,24.03
ORD-003230,2025-06-25,CUST-00313,John Lee,42,Male,Asia Pacific,Australia,Electronics,Sony WH-1000XM5 Headphones,1,400.39,24.0,304.3,8.4,25.56
ORD-003231,2025-06-26,CUST-01389,Jennifer Hall,34,Male,Asia Pacific,South Korea,Clothing,Converse Chuck Taylor All Star,3,70.46,0.0,211.38,53.2,112.45
ORD-003232,2025-06-26,CUST-01407,Emma Scott,28,Female,North America,Canada,Electronics,Apple MacBook Air M2,1,1425.18,10.0,1282.66,17.2,220.62
ORD-003233,2025-06-26,CUST-01391,Charles Hill,28,Female,Middle East,UAE,Electronics,USB-C Hub 7-in-1,1,45.45,19.0,36.81,10.9,4.01
ORD-003234,2025-06-26,CUST-01345,Olivia Walker,28,Female,North America,Canada,Electronics,"LG OLED 55"" TV",1,1738.82,9.0,1582.33,12.5,197.79
ORD-003235,2025-06-26,CUST-00551,Riley Wilson,32,Male,North America,Canada,Home & Kitchen,Ninja Air Fryer XL,2,154.8,26.0,229.1,37.0,84.77
ORD-003236,2025-06-26,CUST-00945,Wei Smith,49,Female,North America,USA,Electronics,Apple MacBook Air M2,2,1486.72,19.0,2408.49,11.0,264.93
ORD-003237,2025-06-26,CUST-00193,Isabella Miller,48,Male,Asia Pacific,Australia,Electronics,"LG OLED 55"" TV",2,1769.99,23.0,2725.78,9.9,269.85
ORD-003238,2025-06-26,CUST-00853,Ravi Flores,18,Female,Latin America,Brazil,Electronics,Bose SoundLink Speaker,2,237.53,0.0,475.06,19.4,92.16
ORD-003239,2025-06-26,CUST-00785,Rafael Allen,29,Male,Asia Pacific,Japan,Clothing,Adidas Ultraboost Shoes,1,196.04,4.0,188.2,36.5,68.69
ORD-003240,2025-06-26,CUST-00023,Chen Jones,19,Female,Europe,Netherlands,Electronics,Bose SoundLink Speaker,2,194.11,20.0,310.58,16.1,50.0
ORD-003241,2025-06-26,CUST-01264,Sofia Patel,50,Male,Middle East,Saudi Arabia,Electronics,Kindle Paperwhite,2,128.78,25.0,193.17,13.1,25.31
ORD-003242,2025-06-26,CUST-01376,Oliver Singh,41,Male,Europe,UK,Home & Kitchen,Cuisinart 12-Piece Cookware Set,1,247.6,13.0,215.41,33.7,72.59
ORD-003243,2025-06-26,CUST-01664,Mia Scott,32,Male,Middle East,UAE,Sports & Outdoors,TRX Suspension Trainer,1,193.82,27.0,141.49,25.0,35.37
ORD-003244,2025-06-26,CUST-01112,Fatima Scott,51,Female,Latin America,Brazil,Electronics,Apple MacBook Air M2,1,1254.04,6.0,1178.8,11.6,136.74
ORD-003245,2025-06-26,CUST-00772,Barbara Garcia,18,Female,Latin America,Colombia,Home & Kitchen,Philips Hue Smart Bulb Set,3,93.92,5.0,267.67,39.1,104.66
ORD-003246,2025-06-26,CUST-00183,Fatima Santos,41,Female,Middle East,Saudi Arabia,Electronics,iPhone 15 Pro,2,1333.07,9.0,2426.19,13.1,317.83
ORD-003247,2025-06-26,CUST-00997,Riley White,35,Male,North America,USA,Clothing,Under Armour Sports Bra,4,66.58,0.0,266.32,36.8,98.01
ORD-003248,2025-06-26,CUST-01167,Wei King,18,Female,Latin America,Colombia,Beauty & Personal Care,Foreo LUNA Face Massager,3,114.31,0.0,342.93,42.8,146.77
ORD-003249,2025-06-27,CUST-01666,Zara Jackson,21,Female,North America,Canada,Clothing,Ray-Ban Aviator Sunglasses,2,203.62,6.0,382.81,46.8,179.16
ORD-003250,2025-06-27,CUST-01246,James Scott,27,Male,North America,Mexico,Sports & Outdoors,Bowflex SelectTech Dumbbells,1,454.49,32.0,309.05,33.1,102.3
ORD-003251,2025-06-27,CUST-01698,Ana Nelson,57,Female,Asia Pacific,India,Home & Kitchen,French Press Coffee Maker,1,31.76,0.0,31.76,34.7,11.02
ORD-003252,2025-06-27,CUST-01738,Carlos Schmidt,41,Female,Asia Pacific,Singapore,Sports & Outdoors,TRX Suspension Trainer,3,213.04,0.0,639.12,34.5,220.5
ORD-003253,2025-06-27,CUST-00880,Laila Dupont,18,Male,Latin America,Colombia,Sports & Outdoors,Spalding NBA Basketball,3,46.3,7.0,129.18,18.1,23.38
ORD-003254,2025-06-27,CUST-01147,Ali Ahmed,42,Male,Middle East,Qatar,Electronics,Samsung Galaxy S24,2,1275.83,0.0,2551.66,9.4,239.86
ORD-003255,2025-06-27,CUST-01747,Laila Torres,47,Female,Middle East,Saudi Arabia,Home & Kitchen,KitchenAid Stand Mixer,3,463.01,0.0,1389.03,34.3,476.44
ORD-003256,2025-06-27,CUST-01451,Sofia Martin,24,Female,Latin America,Argentina,Clothing,Nike Air Max 270,4,156.42,0.0,625.68,50.5,315.97
ORD-003257,2025-06-27,CUST-00376,Riley Walker,18,Female,Middle East,Qatar,Clothing,H&M Cotton T-Shirt Pack,3,22.84,28.0,49.33,43.4,21.41
ORD-003258,2025-06-27,CUST-01599,Ravi Wilson,46,Male,Middle East,Qatar,Clothing,Gucci Belt,4,360.3,0.0,1441.2,39.8,573.6
ORD-003259,2025-06-27,CUST-00074,Sarah Taylor,44,Male,Middle East,Qatar,Clothing,Zara Wool Coat,3,221.78,39.0,405.86,50.9,206.58
ORD-003260,2025-06-27,CUST-01077,John Martin,41,Male,Latin America,Colombia,Home & Kitchen,IKEA KALLAX Shelf Unit,3,230.33,23.0,532.06,24.4,129.82
ORD-003261,2025-06-28,CUST-01433,Jessica Singh,29,Female,Europe,Spain,Clothing,Uniqlo Down Jacket,3,102.45,11.0,273.54,52.7,144.16
ORD-003262,2025-06-28,CUST-00838,John Ali,39,Male,Latin America,Colombia,Home & Kitchen,Dyson V15 Vacuum,3,699.92,8.0,1931.78,20.7,399.88
ORD-003263,2025-06-28,CUST-00572,Robert Lopez,34,Female,Middle East,Qatar,Sports & Outdoors,Camping Sleeping Bag -10°C,3,137.49,23.0,317.6,29.4,93.37
ORD-003264,2025-06-28,CUST-00183,Fatima Santos,41,Female,Middle East,Saudi Arabia,Sports & Outdoors,Speedo Swim Goggles,1,30.06,0.0,30.06,24.7,7.42
ORD-003265,2025-06-28,CUST-00638,Olivia Torres,34,Male,North America,Mexico,Home & Kitchen,Instant Pot Duo 7-in-1,1,118.6,0.0,118.6,33.5,39.73
ORD-003266,2025-06-28,CUST-01705,Isabella Nguyen,18,Female,Middle East,Saudi Arabia,Electronics,Kindle Paperwhite,1,140.59,8.0,129.34,16.0,20.69
ORD-003267,2025-06-28,CUST-00037,Zara Roberts,24,Male,North America,Canada,Sports & Outdoors,Wilson Tennis Racket Pro,3,178.88,0.0,536.64,35.0,187.82
ORD-003268,2025-06-28,CUST-01311,William Allen,42,Male,North America,Mexico,Home & Kitchen,Roomba i7+ Robot Vacuum,2,775.41,19.0,1256.16,21.6,271.33
ORD-003269,2025-07-01,CUST-00206,Amelia Lee,18,Female,Latin America,Colombia,Sports & Outdoors,Wilson Tennis Racket Pro,3,180.21,10.0,486.57,37.8,183.92
ORD-003270,2025-07-01,CUST-01618,Patricia Hall,31,Female,Middle East,UAE,Electronics,Apple MacBook Air M2,2,1263.15,17.0,2096.83,17.1,358.56
ORD-003271,2025-07-01,CUST-01647,Carlos Ali,36,Male,Asia Pacific,Australia,Electronics,"LG OLED 55"" TV",2,1561.32,0.0,3122.64,11.2,349.74
ORD-003272,2025-07-01,CUST-00409,Fatima Müller,28,Female,Europe,Spain,Beauty & Personal Care,Olaplex No.3 Hair Perfector,5,37.22,16.0,156.32,36.4,56.9
ORD-003273,2025-07-01,CUST-00760,Linda Wright,18,Male,North America,Mexico,Clothing,Levi's 501 Jeans,3,100.63,15.0,256.61,37.6,96.49
ORD-003274,2025-07-01,CUST-00785,Rafael Allen,29,Male,Asia Pacific,Japan,Clothing,Nike Air Max 270,4,153.22,0.0,612.88,32.9,201.64
ORD-003275,2025-07-01,CUST-00024,Layla Thompson,37,Female,Middle East,Qatar,Clothing,Ray-Ban Aviator Sunglasses,3,164.41,2.0,483.37,40.9,197.7
ORD-003276,2025-07-01,CUST-00372,Sarah Green,18,Female,Latin America,Brazil,Clothing,North Face Fleece Jacket,4,153.4,18.0,503.15,45.1,226.92
ORD-003277,2025-07-01,CUST-00828,William Taylor,43,Female,Asia Pacific,South Korea,Electronics,Sony WH-1000XM5 Headphones,2,328.4,16.0,551.71,8.5,46.9
ORD-003278,2025-07-01,CUST-00916,Lisa Patel,59,Female,Latin America,Argentina,Home & Kitchen,Weighted Blanket 15lbs,3,74.02,0.0,222.06,27.6,61.29
ORD-003279,2025-07-01,CUST-00249,Olivia Singh,59,Female,Asia Pacific,Japan,Electronics,Canon EOS R50 Camera,2,931.97,16.0,1565.71,16.7,261.47
ORD-003280,2025-07-01,CUST-00877,Lucas Baker,36,Female,Asia Pacific,Australia,Beauty & Personal Care,Charlotte Tilbury Lipstick,2,48.18,16.0,80.94,46.2,37.39
ORD-003281,2025-07-02,CUST-00017,Sophia Young,27,Female,Europe,UK,Home & Kitchen,French Press Coffee Maker,1,33.2,10.0,29.88,37.6,11.23
ORD-003282,2025-07-02,CUST-00260,Patricia Anderson,34,Male,Latin America,Colombia,Electronics,iPad Pro 11-inch,1,1317.5,0.0,1317.5,18.0,237.15
ORD-003283,2025-07-02,CUST-01101,Layla Mitchell,38,Male,Middle East,UAE,Clothing,North Face Fleece Jacket,2,138.2,30.0,193.48,35.2,68.1
ORD-003284,2025-07-02,CUST-00032,Ali Garcia,30,Male,Europe,UK,Electronics,Sony PlayStation 5,1,670.64,4.0,643.81,15.9,102.37
ORD-003285,2025-07-02,CUST-01778,Ahmed Allen,30,Male,Asia Pacific,Japan,Electronics,Sony WH-1000XM5 Headphones,2,304.61,5.0,578.76,8.7,50.35
ORD-003286,2025-07-02,CUST-01598,Liam Lopez,55,Female,Asia Pacific,South Korea,Clothing,Under Armour Sports Bra,2,70.46,12.0,124.01,43.4,53.82
ORD-003287,2025-07-02,CUST-00980,William Müller,33,Female,Latin America,Argentina,Home & Kitchen,Smart Thermostat Google Nest,1,195.68,3.0,189.81,24.6,46.69
ORD-003288,2025-07-02,CUST-01519,Zara Garcia,44,Female,Asia Pacific,India,Clothing,Tommy Hilfiger Polo Shirt,2,87.93,25.0,131.9,47.7,62.92
ORD-003289,2025-07-02,CUST-00576,Yuki Lopez,35,Male,North America,USA,Clothing,Nike Air Max 270,2,122.81,36.0,157.2,31.7,49.83
ORD-003290,2025-07-02,CUST-01405,Lucas Thompson,58,Female,Asia Pacific,Singapore,Electronics,iPhone 15 Pro,2,1300.57,19.0,2106.92,15.9,335.0
ORD-003291,2025-07-02,CUST-00643,Harry Jones,48,Female,North America,Mexico,Beauty & Personal Care,Dyson Airwrap Styler,3,728.34,2.0,2141.32,59.2,1267.66
ORD-003292,2025-07-02,CUST-00454,Sarah Walker,42,Female,Asia Pacific,South Korea,Beauty & Personal Care,Bath & Body Works Candle Set,4,36.5,22.0,113.88,50.6,57.62
ORD-003293,2025-07-03,CUST-01017,Ahmed Green,29,Female,Latin America,Argentina,Home & Kitchen,KitchenAid Stand Mixer,1,506.12,0.0,506.12,20.3,102.74
ORD-003294,2025-07-03,CUST-00916,Lisa Patel,59,Female,Latin America,Argentina,Electronics,Apple Watch Series 9,1,484.13,24.0,367.94,17.0,62.55
ORD-003295,2025-07-03,CUST-00365,Hana White,23,Female,North America,Mexico,Sports & Outdoors,Foam Roller Set,2,54.76,0.0,109.52,32.4,35.48
ORD-003296,2025-07-03,CUST-01169,Harry Martinez,38,Male,Latin America,Brazil,Electronics,GoPro Hero 12,2,470.46,23.0,724.51,13.0,94.19
ORD-003297,2025-07-03,CUST-00521,Ahmed Green,32,Male,Latin America,Brazil,Beauty & Personal Care,Tatcha Rice Wash Cleanser,1,48.15,0.0,48.15,52.5,25.28
ORD-003298,2025-07-03,CUST-01068,Mary Allen,44,Female,Asia Pacific,Singapore,Home & Kitchen,Ninja Air Fryer XL,3,150.41,0.0,451.23,38.6,174.17
ORD-003299,2025-07-03,CUST-01371,Chen Carter,41,Female,Asia Pacific,Australia,Electronics,Kindle Paperwhite,2,145.82,14.0,250.81,15.0,37.62
ORD-003300,2025-07-03,CUST-01120,Susan Anderson,18,Male,Latin America,Brazil,Home & Kitchen,KitchenAid Stand Mixer,1,433.71,17.0,359.98,35.9,129.23
ORD-003301,2025-07-03,CUST-00129,Wei Martinez,41,Female,Middle East,UAE,Home & Kitchen,Weighted Blanket 15lbs,1,67.57,4.0,64.87,37.9,24.59
ORD-003302,2025-07-03,CUST-01718,Fatima Johnson,32,Female,Europe,Italy,Sports & Outdoors,Camping Sleeping Bag -10°C,3,136.48,8.0,376.68,18.7,70.44
ORD-003303,2025-07-03,CUST-01249,Hana Jackson,56,Female,North America,Canada,Home & Kitchen,LED Desk Lamp with USB,3,42.05,6.0,118.58,35.2,41.74
ORD-003304,2025-07-03,CUST-00357,William Fernandez,38,Female,Middle East,Saudi Arabia,Electronics,Sony WH-1000XM5 Headphones,1,333.38,0.0,333.38,17.1,57.01
ORD-003305,2025-07-03,CUST-01543,Lucas Harris,26,Male,Asia Pacific,Singapore,Electronics,GoPro Hero 12,2,473.26,1.0,937.05,10.6,99.33
ORD-003306,2025-07-03,CUST-00411,Patricia Miller,18,Male,Latin America,Brazil,Electronics,Apple Watch Series 9,1,523.5,24.0,397.86,15.2,60.47
ORD-003307,2025-07-03,CUST-01298,Isabella Carter,26,Male,Middle East,Qatar,Electronics,iPad Pro 11-inch,2,1197.77,18.0,1964.34,10.1,198.4
ORD-003308,2025-07-03,CUST-00180,Robert Young,28,Male,Latin America,Colombia,Beauty & Personal Care,Fenty Beauty Foundation,2,54.53,9.0,99.24,43.7,43.37
ORD-003309,2025-07-03,CUST-01210,Zara Taylor,53,Female,Asia Pacific,Japan,Clothing,Converse Chuck Taylor All Star,4,73.4,17.0,243.69,44.0,107.22
ORD-003310,2025-07-04,CUST-00692,John Thompson,51,Female,Asia Pacific,Australia,Clothing,Levi's 501 Jeans,4,102.78,33.0,275.45,53.0,145.99
ORD-003311,2025-07-04,CUST-01012,William Nelson,32,Male,Europe,Netherlands,Home & Kitchen,Dyson V15 Vacuum,3,864.25,21.0,2048.27,31.3,641.11
ORD-003312,2025-07-04,CUST-01567,Yuki Schmidt,32,Male,Europe,Spain,Clothing,Under Armour Sports Bra,4,65.6,28.0,188.93,45.7,86.34
ORD-003313,2025-07-04,CUST-01049,John Dupont,21,Female,North America,Mexico,Electronics,Samsung Galaxy S24,1,1232.9,0.0,1232.9,8.3,102.33
ORD-003314,2025-07-04,CUST-00772,Barbara Garcia,18,Female,Latin America,Colombia,Sports & Outdoors,Yoga Mat Premium Non-Slip,1,50.93,0.0,50.93,25.7,13.09
ORD-003315,2025-07-04,CUST-01243,John Singh,18,Male,Middle East,UAE,Electronics,GoPro Hero 12,2,445.01,8.0,818.82,9.8,80.24
ORD-003316,2025-07-04,CUST-01588,Ahmed Nguyen,25,Female,Middle East,Saudi Arabia,Sports & Outdoors,Resistance Bands Set,2,36.22,14.0,62.3,18.5,11.53
ORD-003317,2025-07-04,CUST-01784,Lisa Taylor,18,Female,Middle East,Qatar,Clothing,Calvin Klein Underwear Set,1,46.93,26.0,34.73,44.7,15.52
ORD-003318,2025-07-04,CUST-00362,Lucas Kim,40,Male,Latin America,Colombia,Clothing,Levi's 501 Jeans,3,90.02,0.0,270.06,31.2,84.26
ORD-003319,2025-07-04,CUST-00228,Robert Santos,57,Male,Europe,Spain,Clothing,Adidas Ultraboost Shoes,4,211.59,33.0,567.06,38.3,217.18
ORD-003320,2025-07-04,CUST-00770,Carlos Adams,35,Male,Latin America,Argentina,Electronics,Apple MacBook Air M2,2,1281.78,0.0,2563.56,10.8,276.86
ORD-003321,2025-07-04,CUST-01546,Carlos Rossi,24,Female,Latin America,Brazil,Home & Kitchen,IKEA KALLAX Shelf Unit,1,189.0,2.0,185.22,24.3,45.01
ORD-003322,2025-07-04,CUST-00493,Sofia Young,27,Male,Asia Pacific,Japan,Sports & Outdoors,Peloton Bike+,1,2587.95,5.0,2458.55,24.6,604.8
ORD-003323,2025-07-04,CUST-01736,Layla Allen,54,Male,North America,Canada,Beauty & Personal Care,Dyson Airwrap Styler,1,638.32,25.0,478.74,44.3,212.08
ORD-003324,2025-07-04,CUST-00091,Mia Flores,41,Female,Latin America,Colombia,Beauty & Personal Care,Bioderma Micellar Water 500ml,5,19.64,0.0,98.2,47.7,46.84
ORD-003325,2025-07-05,CUST-00690,Riley Singh,40,Female,Asia Pacific,Singapore,Clothing,Nike Air Max 270,3,130.81,0.0,392.43,51.0,200.14
ORD-003326,2025-07-05,CUST-01560,Amelia Martinez,42,Male,Middle East,UAE,Electronics,Sony PlayStation 5,1,650.35,21.0,513.78,16.0,82.2
ORD-003327,2025-07-05,CUST-00984,James Smith,42,Female,Asia Pacific,Australia,Clothing,H&M Cotton T-Shirt Pack,2,35.15,0.0,70.3,35.8,25.17
ORD-003328,2025-07-05,CUST-00928,Olivia Singh,25,Female,North America,Canada,Electronics,iPhone 15 Pro,2,1180.85,2.0,2314.47,9.4,217.56
ORD-003329,2025-07-05,CUST-01734,Zara Jackson,43,Female,Middle East,UAE,Home & Kitchen,IKEA KALLAX Shelf Unit,2,163.2,0.0,326.4,23.0,75.07
ORD-003330,2025-07-05,CUST-00598,James Thompson,40,Male,North America,Mexico,Beauty & Personal Care,Philips Norelco Shaver,5,151.49,8.0,696.85,36.6,255.05
ORD-003331,2025-07-05,CUST-01559,Linda Jackson,21,Male,Asia Pacific,India,Home & Kitchen,Air Purifier HEPA,2,273.51,7.0,508.73,21.3,108.36
ORD-003332,2025-07-05,CUST-01380,Laila Young,32,Male,North America,USA,Sports & Outdoors,Foam Roller Set,3,42.71,29.0,90.97,25.1,22.83
ORD-003333,2025-07-05,CUST-00902,Harry Anderson,19,Female,North America,USA,Clothing,Uniqlo Down Jacket,2,115.13,0.0,230.26,43.3,99.7
ORD-003334,2025-07-05,CUST-00084,James Carter,31,Female,Asia Pacific,Japan,Clothing,Uniqlo Down Jacket,2,138.36,15.0,235.21,35.3,83.03
ORD-003335,2025-07-05,CUST-01582,Ana Scott,24,Male,Latin America,Colombia,Electronics,Canon EOS R50 Camera,1,931.41,18.0,763.76,18.5,141.3
ORD-003336,2025-07-05,CUST-00918,Michael White,51,Male,Middle East,Qatar,Home & Kitchen,Ninja Air Fryer XL,1,144.32,0.0,144.32,25.3,36.51
ORD-003337,2025-07-05,CUST-01741,Sophia Müller,32,Male,Europe,Netherlands,Sports & Outdoors,Trek FX3 Bicycle,2,1082.85,0.0,2165.7,27.0,584.74
ORD-003338,2025-07-06,CUST-00677,Ava King,44,Female,Europe,Italy,Clothing,Levi's 501 Jeans,1,99.49,0.0,99.49,30.8,30.64
ORD-003339,2025-07-06,CUST-00012,David Wright,38,Female,Asia Pacific,Singapore,Sports & Outdoors,TRX Suspension Trainer,2,181.46,11.0,323.0,30.1,97.22
ORD-003340,2025-07-06,CUST-01460,Lucas Jones,56,Female,North America,USA,Home & Kitchen,Nespresso Vertuo Coffee Machine,1,189.81,7.0,176.52,32.3,57.02
ORD-003341,2025-07-06,CUST-00146,Michael Smith,33,Female,Europe,Netherlands,Clothing,Timberland Boots,3,186.97,0.0,560.91,54.6,306.26
ORD-003342,2025-07-06,CUST-01672,Noah Smith,55,Female,Latin America,Argentina,Sports & Outdoors,Wilson Tennis Racket Pro,3,155.43,0.0,466.29,38.0,177.19
ORD-003343,2025-07-06,CUST-00376,Riley Walker,18,Female,Middle East,Qatar,Beauty & Personal Care,Foreo LUNA Face Massager,3,141.68,15.0,361.28,52.7,190.39
ORD-003344,2025-07-06,CUST-01497,Zara Smith,30,Male,Latin America,Argentina,Beauty & Personal Care,La Mer Moisturizing Cream,1,324.64,0.0,324.64,49.0,159.07
ORD-003345,2025-07-06,CUST-00279,Mia Santos,18,Female,North America,USA,Beauty & Personal Care,Fenty Beauty Foundation,5,42.24,29.0,149.95,47.2,70.78
ORD-003346,2025-07-06,CUST-00933,Lucas Lee,35,Male,Latin America,Brazil,Sports & Outdoors,TRX Suspension Trainer,1,184.28,21.0,145.58,36.7,53.43
ORD-003347,2025-07-06,CUST-00633,Barbara Miller,47,Male,Europe,Germany,Electronics,USB-C Hub 7-in-1,1,53.22,0.0,53.22,11.6,6.17
ORD-003348,2025-07-06,CUST-01316,Mason Chen,40,Female,North America,Canada,Electronics,Bose SoundLink Speaker,2,237.83,24.0,361.5,16.5,59.65
ORD-003349,2025-07-06,CUST-01603,Ali Wang,57,Male,North America,USA,Beauty & Personal Care,The Ordinary Serum Set,2,31.55,19.0,51.11,50.3,25.71
ORD-003350,2025-07-06,CUST-00938,Olivia Carter,30,Female,Europe,France,Sports & Outdoors,TRX Suspension Trainer,1,228.7,0.0,228.7,25.4,58.09
ORD-003351,2025-07-06,CUST-01518,Mia Singh,38,Male,Middle East,Saudi Arabia,Electronics,Canon EOS R50 Camera,1,865.18,21.0,683.49,18.4,125.76
ORD-003352,2025-07-06,CUST-00872,Muhammad Jackson,57,Male,North America,Canada,Electronics,Sony PlayStation 5,2,603.11,14.0,1037.35,12.3,127.59
ORD-003353,2025-07-06,CUST-00597,Ravi Adams,55,Male,Asia Pacific,South Korea,Home & Kitchen,Weighted Blanket 15lbs,2,90.42,9.0,164.56,24.4,40.15
ORD-003354,2025-07-07,CUST-01245,Aiden Hill,37,Female,Latin America,Colombia,Home & Kitchen,Weighted Blanket 15lbs,2,110.09,0.0,220.18,32.2,70.9
ORD-003355,2025-07-07,CUST-00296,Hana Singh,57,Male,Europe,Netherlands,Electronics,iPhone 15 Pro,1,1036.28,0.0,1036.28,9.1,94.3
ORD-003356,2025-07-07,CUST-01428,Robert Patel,31,Female,Latin America,Argentina,Electronics,iPad Pro 11-inch,2,932.49,11.0,1659.83,8.9,147.72
ORD-003357,2025-07-07,CUST-00831,Riley Lopez,39,Female,Latin America,Colombia,Clothing,Adidas Ultraboost Shoes,3,172.51,0.0,517.53,31.5,163.02
ORD-003358,2025-07-07,CUST-00738,Charles Miller,19,Male,Asia Pacific,Australia,Electronics,Ring Video Doorbell,2,151.32,23.0,233.03,8.3,19.34
ORD-003359,2025-07-07,CUST-00984,James Smith,42,Female,Asia Pacific,Australia,Home & Kitchen,Weighted Blanket 15lbs,3,77.59,3.0,225.79,27.9,63.0
ORD-003360,2025-07-07,CUST-01627,John Taylor,18,Female,Latin America,Colombia,Electronics,GoPro Hero 12,2,492.84,14.0,847.68,17.3,146.65
ORD-003361,2025-07-07,CUST-01188,Isabella Schmidt,21,Female,Asia Pacific,India,Clothing,Gucci Belt,4,482.91,0.0,1931.64,39.5,763.0
ORD-003362,2025-07-07,CUST-00841,Charles Kim,32,Male,Middle East,Saudi Arabia,Clothing,H&M Cotton T-Shirt Pack,4,24.62,0.0,98.48,52.8,52.0
ORD-003363,2025-07-07,CUST-00574,Liam Roberts,21,Female,Asia Pacific,India,Sports & Outdoors,Garmin GPS Running Watch,1,437.79,0.0,437.79,35.3,154.54
ORD-003364,2025-07-07,CUST-00892,Aiden White,39,Female,North America,Canada,Electronics,Apple MacBook Air M2,2,1485.93,0.0,2971.86,15.3,454.69
ORD-003365,2025-07-07,CUST-00938,Olivia Carter,30,Female,Europe,France,Electronics,Ring Video Doorbell,2,139.64,0.0,279.28,12.6,35.19
ORD-003366,2025-07-07,CUST-00283,John Brown,33,Female,Asia Pacific,Singapore,Clothing,North Face Fleece Jacket,1,149.59,0.0,149.59,48.0,71.8
ORD-003367,2025-07-07,CUST-00284,Wei Ahmed,23,Male,Asia Pacific,Japan,Electronics,iPhone 15 Pro,2,1241.1,19.0,2010.58,17.8,357.88
ORD-003368,2025-07-08,CUST-01628,Jennifer Torres,29,Female,Latin America,Brazil,Sports & Outdoors,Garmin GPS Running Watch,3,302.06,6.0,851.81,22.5,191.66
ORD-003369,2025-07-08,CUST-01019,Muhammad Wright,18,Female,Middle East,Saudi Arabia,Home & Kitchen,Air Purifier HEPA,3,208.9,20.0,501.36,29.9,149.91
ORD-003370,2025-07-08,CUST-00487,Sophia Green,21,Female,Middle East,UAE,Electronics,USB-C Hub 7-in-1,1,91.9,21.0,72.6,9.7,7.04
ORD-003371,2025-07-08,CUST-00260,Patricia Anderson,34,Male,Latin America,Colombia,Sports & Outdoors,Wilson Tennis Racket Pro,2,157.54,3.0,305.63,22.3,68.16
ORD-003372,2025-07-08,CUST-00264,John Harris,23,Female,Latin America,Argentina,Electronics,Apple MacBook Air M2,1,1423.81,0.0,1423.81,17.2,244.9
ORD-003373,2025-07-08,CUST-01147,Ali Ahmed,42,Male,Middle East,Qatar,Clothing,Gucci Belt,2,508.73,0.0,1017.46,43.7,444.63
ORD-003374,2025-07-08,CUST-01152,Lucas Johnson,37,Female,Europe,UK,Beauty & Personal Care,La Mer Moisturizing Cream,4,392.79,20.0,1256.93,59.9,752.9
ORD-003375,2025-07-08,CUST-00400,Emma Thomas,40,Female,Middle East,Qatar,Electronics,GoPro Hero 12,1,523.17,17.0,434.23,19.9,86.41
ORD-003376,2025-07-09,CUST-01538,Joseph Schmidt,45,Female,Latin America,Colombia,Electronics,USB-C Hub 7-in-1,2,65.33,17.0,108.45,9.3,10.09
ORD-003377,2025-07-09,CUST-00792,Mason Hall,29,Female,Middle East,UAE,Electronics,Canon EOS R50 Camera,2,934.1,0.0,1868.2,15.9,297.04
ORD-003378,2025-07-09,CUST-00135,Fatima Smith,62,Female,Asia Pacific,South Korea,Electronics,"LG OLED 55"" TV",1,1806.49,0.0,1806.49,13.2,238.46
ORD-003379,2025-07-09,CUST-00809,Karen Torres,31,Male,Latin America,Colombia,Electronics,Apple MacBook Air M2,1,1372.53,22.0,1070.57,10.4,111.34
ORD-003380,2025-07-09,CUST-01330,Thomas Wright,40,Female,Latin America,Brazil,Sports & Outdoors,Fitbit Charge 6,2,187.19,2.0,366.89,19.2,70.44
ORD-003381,2025-07-09,CUST-00230,Karen Anderson,40,Male,Europe,Spain,Beauty & Personal Care,Bath & Body Works Candle Set,1,57.7,0.0,57.7,54.3,31.33
ORD-003382,2025-07-09,CUST-00258,Ava Nguyen,18,Male,North America,Mexico,Beauty & Personal Care,Bioderma Micellar Water 500ml,2,21.92,0.0,43.84,39.4,17.27
ORD-003383,2025-07-09,CUST-01422,Charlotte Nelson,41,Male,Asia Pacific,South Korea,Clothing,North Face Fleece Jacket,4,172.38,0.0,689.52,37.3,257.19
ORD-003384,2025-07-09,CUST-00815,Sofia Rossi,53,Female,Latin America,Colombia,Electronics,"LG OLED 55"" TV",1,1790.46,0.0,1790.46,8.2,146.82
ORD-003385,2025-07-09,CUST-01478,Sarah Chen,50,Female,North America,Canada,Electronics,iPhone 15 Pro,2,1157.24,20.0,1851.58,15.4,285.14
ORD-003386,2025-07-09,CUST-00303,Ravi Rossi,32,Female,Europe,Italy,Sports & Outdoors,Speedo Swim Goggles,3,32.69,23.0,75.51,23.6,17.82
ORD-003387,2025-07-09,CUST-00713,Harry Nguyen,28,Male,Europe,Italy,Sports & Outdoors,Trek FX3 Bicycle,3,1031.71,29.0,2197.54,35.4,777.93
ORD-003388,2025-07-09,CUST-00080,Sofia Mitchell,35,Female,Asia Pacific,South Korea,Electronics,Samsung Galaxy S24,2,1180.25,0.0,2360.5,13.0,306.87
ORD-003389,2025-07-09,CUST-01391,Charles Hill,28,Female,Middle East,UAE,Sports & Outdoors,Resistance Bands Set,1,36.28,25.0,27.21,19.2,5.22
ORD-003390,2025-07-09,CUST-00365,Hana White,23,Female,North America,Mexico,Electronics,Samsung Galaxy S24,2,1139.22,0.0,2278.44,17.5,398.73
ORD-003391,2025-07-09,CUST-01266,Linda Young,47,Male,Europe,France,Electronics,Sony PlayStation 5,2,674.6,15.0,1146.82,17.7,202.99
ORD-003392,2025-07-09,CUST-00070,Muhammad Williams,64,Male,North America,Mexico,Clothing,Tommy Hilfiger Polo Shirt,3,72.38,36.0,138.97,54.4,75.6
ORD-003393,2025-07-09,CUST-00636,Charlotte Ali,34,Male,North America,USA,Clothing,Gucci Belt,4,433.84,28.0,1249.46,33.4,417.32
ORD-003394,2025-07-09,CUST-00915,Susan Wright,42,Female,Middle East,Qatar,Clothing,Gucci Belt,4,485.04,2.0,1901.36,40.0,760.54
ORD-003395,2025-07-10,CUST-00421,Hana Thompson,37,Female,Asia Pacific,Australia,Electronics,GoPro Hero 12,1,502.95,0.0,502.95,10.6,53.31
ORD-003396,2025-07-10,CUST-01111,Ahmed Lopez,27,Female,Asia Pacific,Japan,Sports & Outdoors,TRX Suspension Trainer,2,216.43,26.0,320.32,31.3,100.26
ORD-003397,2025-07-10,CUST-00258,Ava Nguyen,18,Male,North America,Mexico,Clothing,Calvin Klein Underwear Set,1,38.19,18.0,31.32,52.4,16.41
ORD-003398,2025-07-10,CUST-00887,Olivia King,44,Female,Europe,Spain,Electronics,"LG OLED 55"" TV",2,1639.65,9.0,2984.16,16.1,480.45
ORD-003399,2025-07-10,CUST-01458,Karen Garcia,21,Male,Asia Pacific,Singapore,Beauty & Personal Care,Oral-B Electric Toothbrush Pro,5,114.63,9.0,521.57,54.5,284.26
ORD-003400,2025-07-10,CUST-00302,John Nguyen,25,Female,Latin America,Brazil,Clothing,North Face Fleece Jacket,3,156.16,27.0,341.99,41.4,141.58
ORD-003401,2025-07-10,CUST-01788,Lucas Chen,44,Female,Middle East,Saudi Arabia,Home & Kitchen,Air Purifier HEPA,3,247.82,30.0,520.42,37.0,192.56
ORD-003402,2025-07-10,CUST-01706,Ava Johnson,18,Female,Middle East,Saudi Arabia,Electronics,USB-C Hub 7-in-1,1,63.18,15.0,53.7,18.5,9.93
ORD-003403,2025-07-10,CUST-00225,Patricia Torres,18,Female,Asia Pacific,South Korea,Home & Kitchen,Roomba i7+ Robot Vacuum,3,929.63,13.0,2426.33,34.9,846.79
ORD-003404,2025-07-10,CUST-00887,Olivia King,44,Female,Europe,Spain,Clothing,Calvin Klein Underwear Set,2,39.17,5.0,74.42,36.0,26.79
ORD-003405,2025-07-10,CUST-01544,William Lee,29,Female,Asia Pacific,South Korea,Electronics,Canon EOS R50 Camera,1,941.85,0.0,941.85,15.8,148.81
ORD-003406,2025-07-10,CUST-01794,Riley Torres,31,Female,Latin America,Colombia,Electronics,Sony PlayStation 5,1,612.55,0.0,612.55,13.5,82.69
ORD-003407,2025-07-10,CUST-01219,Patricia Kim,35,Female,Europe,Germany,Beauty & Personal Care,Charlotte Tilbury Lipstick,4,39.14,30.0,109.59,47.1,51.62
ORD-003408,2025-07-11,CUST-00391,Liam Ali,49,Female,Middle East,UAE,Home & Kitchen,Bamboo Cutting Board Set,3,50.84,4.0,146.42,30.3,44.37
ORD-003409,2025-07-11,CUST-00802,Richard Davis,23,Male,North America,Canada,Clothing,Under Armour Sports Bra,1,43.01,22.0,33.55,30.1,10.1
ORD-003410,2025-07-11,CUST-01312,Laila Santos,32,Female,Latin America,Brazil,Beauty & Personal Care,Philips Norelco Shaver,2,92.24,9.0,167.88,44.7,75.04
ORD-003411,2025-07-11,CUST-01503,Emma Dupont,37,Female,Asia Pacific,Japan,Electronics,Sony PlayStation 5,2,611.6,10.0,1100.88,19.9,219.08
ORD-003412,2025-07-11,CUST-01421,Ava Patel,40,Female,Latin America,Brazil,Sports & Outdoors,Coleman 4-Person Camping Tent,2,215.28,19.0,348.75,28.6,99.74
ORD-003413,2025-07-11,CUST-00943,Thomas White,22,Male,Europe,Netherlands,Electronics,Kindle Paperwhite,2,133.35,0.0,266.7,14.9,39.74
ORD-003414,2025-07-11,CUST-01276,Wei Wright,19,Male,Europe,UK,Electronics,Canon EOS R50 Camera,2,867.62,7.0,1613.77,14.7,237.22
ORD-003415,2025-07-11,CUST-01291,Linda Green,26,Male,North America,Canada,Clothing,Timberland Boots,3,192.24,38.0,357.57,53.8,192.37
ORD-003416,2025-07-11,CUST-00855,Oliver Martinez,18,Female,Europe,Germany,Home & Kitchen,French Press Coffee Maker,3,50.28,10.0,135.76,29.4,39.91
ORD-003417,2025-07-11,CUST-01762,Wei White,30,Male,Asia Pacific,South Korea,Electronics,Kindle Paperwhite,2,121.8,21.0,192.44,15.0,28.87
ORD-003418,2025-07-11,CUST-01332,Muhammad Taylor,48,Female,Europe,France,Clothing,Under Armour Sports Bra,4,57.36,0.0,229.44,45.1,103.48
ORD-003419,2025-07-12,CUST-00834,Jennifer King,35,Female,Europe,Italy,Beauty & Personal Care,Tatcha Rice Wash Cleanser,4,52.14,0.0,208.56,52.9,110.33
ORD-003420,2025-07-12,CUST-01126,Ravi Hill,45,Male,Asia Pacific,Singapore,Sports & Outdoors,Peloton Bike+,2,2545.74,16.0,4276.84,25.7,1099.15
ORD-003421,2025-07-12,CUST-00785,Rafael Allen,29,Male,Asia Pacific,Japan,Home & Kitchen,Instant Pot Duo 7-in-1,3,96.72,21.0,229.23,28.6,65.56
ORD-003422,2025-07-12,CUST-01347,Charlotte Dupont,33,Male,Middle East,Saudi Arabia,Sports & Outdoors,Fitbit Charge 6,2,186.88,5.0,355.07,30.0,106.52
ORD-003423,2025-07-12,CUST-01376,Oliver Singh,41,Male,Europe,UK,Electronics,iPad Pro 11-inch,2,1306.73,0.0,2613.46,15.5,405.09
ORD-003424,2025-07-12,CUST-01683,Richard Wang,41,Female,Europe,France,Electronics,Ring Video Doorbell,2,214.99,17.0,356.88,8.3,29.62
ORD-003425,2025-07-12,CUST-00364,Harry Johnson,28,Male,Latin America,Argentina,Electronics,Samsung Galaxy S24,2,1264.45,9.0,2301.3,12.0,276.16
ORD-003426,2025-07-12,CUST-01062,Richard Hall,44,Female,Middle East,Saudi Arabia,Clothing,Tommy Hilfiger Polo Shirt,2,83.76,34.0,110.56,53.5,59.15
ORD-003427,2025-07-12,CUST-01352,Charles Roberts,38,Female,Europe,Germany,Electronics,Kindle Paperwhite,1,150.42,16.0,126.35,13.8,17.44
ORD-003428,2025-07-12,CUST-01698,Ana Nelson,57,Female,Asia Pacific,India,Home & Kitchen,Cuisinart 12-Piece Cookware Set,3,239.97,21.0,568.73,22.0,125.12
ORD-003429,2025-07-12,CUST-01441,William Johnson,18,Female,Europe,Germany,Home & Kitchen,Air Purifier HEPA,1,169.94,15.0,144.45,38.9,56.19
ORD-003430,2025-07-12,CUST-01483,James Thompson,40,Male,Latin America,Colombia,Beauty & Personal Care,Bath & Body Works Candle Set,5,48.67,24.0,184.95,35.5,65.66
ORD-003431,2025-07-12,CUST-00230,Karen Anderson,40,Male,Europe,Spain,Home & Kitchen,Smart Thermostat Google Nest,3,188.42,0.0,565.26,35.8,202.36
ORD-003432,2025-07-12,CUST-00473,Fatima Khan,35,Female,Europe,UK,Clothing,Nike Air Max 270,4,133.07,0.0,532.28,32.6,173.52
ORD-003433,2025-07-12,CUST-00346,Linda Johnson,29,Male,Asia Pacific,India,Home & Kitchen,Ninja Air Fryer XL,1,148.3,12.0,130.5,30.7,40.06
ORD-003434,2025-07-12,CUST-01668,Olivia Nguyen,18,Female,Latin America,Brazil,Home & Kitchen,Roomba i7+ Robot Vacuum,1,814.38,4.0,781.8,36.0,281.45
ORD-003435,2025-07-13,CUST-01122,Jennifer Brown,30,Female,Latin America,Argentina,Sports & Outdoors,Spalding NBA Basketball,1,46.54,18.0,38.16,28.0,10.68
ORD-003436,2025-07-13,CUST-00052,Laila Hall,28,Male,Europe,UK,Electronics,Sony PlayStation 5,2,670.2,0.0,1340.4,17.1,229.21
ORD-003437,2025-07-13,CUST-01484,Sophia Singh,52,Female,Latin America,Argentina,Beauty & Personal Care,Moroccanoil Hair Oil,1,43.74,0.0,43.74,53.6,23.44
ORD-003438,2025-07-13,CUST-01132,Wei Patel,44,Male,Latin America,Argentina,Clothing,Gucci Belt,1,478.11,10.0,430.3,32.3,138.99
ORD-003439,2025-07-13,CUST-01300,Carlos Dupont,40,Male,North America,Mexico,Home & Kitchen,Air Purifier HEPA,3,201.72,21.0,478.08,38.8,185.5
ORD-003440,2025-07-13,CUST-01551,Linda Chen,35,Female,North America,Canada,Beauty & Personal Care,Foreo LUNA Face Massager,3,121.43,28.0,262.29,55.4,145.31
ORD-003441,2025-07-13,CUST-01736,Layla Allen,54,Male,North America,Canada,Beauty & Personal Care,Dyson Airwrap Styler,5,707.92,11.0,3150.24,44.4,1398.71
ORD-003442,2025-07-13,CUST-01575,Oliver Mitchell,20,Male,Europe,UK,Home & Kitchen,Smart Thermostat Google Nest,3,158.9,2.0,467.17,24.6,114.92
ORD-003443,2025-07-13,CUST-00852,Oliver Ali,30,Female,Latin America,Brazil,Beauty & Personal Care,Bioderma Micellar Water 500ml,4,15.64,12.0,55.05,42.9,23.62
ORD-003444,2025-07-13,CUST-00064,Linda Miller,39,Female,North America,USA,Beauty & Personal Care,Olaplex No.3 Hair Perfector,3,35.55,0.0,106.65,57.1,60.9
ORD-003445,2025-07-13,CUST-01386,Isabella White,38,Female,Europe,France,Electronics,Ring Video Doorbell,2,133.46,0.0,266.92,9.4,25.09
ORD-003446,2025-07-13,CUST-01688,Liam White,36,Male,Middle East,Qatar,Home & Kitchen,Bamboo Cutting Board Set,2,55.37,21.0,87.48,39.8,34.82
ORD-003447,2025-07-13,CUST-00201,Zara Walker,37,Female,North America,Canada,Clothing,Nike Air Max 270,2,132.08,2.0,258.88,38.3,99.15
ORD-003448,2025-07-13,CUST-00984,James Smith,42,Female,Asia Pacific,Australia,Clothing,H&M Cotton T-Shirt Pack,4,24.63,0.0,98.52,31.4,30.94
ORD-003449,2025-07-13,CUST-00924,Richard Singh,18,Male,Middle East,Saudi Arabia,Home & Kitchen,Weighted Blanket 15lbs,1,91.19,0.0,91.19,35.5,32.37
ORD-003450,2025-07-13,CUST-00439,Ahmed Johnson,40,Female,Latin America,Argentina,Clothing,Under Armour Sports Bra,1,64.81,33.0,43.42,53.2,23.1
ORD-003451,2025-07-14,CUST-00948,Ravi Patel,30,Male,Asia Pacific,Singapore,Beauty & Personal Care,Philips Norelco Shaver,2,175.79,0.0,351.58,47.6,167.35
ORD-003452,2025-07-14,CUST-00735,Ava Rossi,43,Female,Asia Pacific,Singapore,Electronics,Sony WH-1000XM5 Headphones,1,319.11,1.0,315.92,16.0,50.55
ORD-003453,2025-07-14,CUST-01291,Linda Green,26,Male,North America,Canada,Sports & Outdoors,Peloton Bike+,2,2848.08,17.0,4727.81,30.4,1437.25
ORD-003454,2025-07-14,CUST-00927,Hana Smith,38,Male,North America,Canada,Electronics,"LG OLED 55"" TV",2,1608.27,4.0,3087.88,12.4,382.9
ORD-003455,2025-07-14,CUST-00004,Ana Kim,32,Male,North America,Mexico,Electronics,GoPro Hero 12,2,515.71,10.0,928.28,15.5,143.88
ORD-003456,2025-07-14,CUST-00991,Charles Kim,22,Female,Latin America,Colombia,Electronics,"LG OLED 55"" TV",1,1971.15,11.0,1754.32,19.6,343.85
ORD-003457,2025-07-14,CUST-00289,Noah Wright,55,Male,Latin America,Colombia,Sports & Outdoors,Resistance Bands Set,2,45.68,33.0,61.21,32.9,20.14
ORD-003458,2025-07-14,CUST-01270,Jennifer Schmidt,23,Male,North America,USA,Electronics,USB-C Hub 7-in-1,2,51.0,23.0,78.54,19.2,15.08
ORD-003459,2025-07-14,CUST-00066,Lucas Nelson,34,Female,Europe,Netherlands,Sports & Outdoors,Yoga Mat Premium Non-Slip,3,72.9,26.0,161.84,22.2,35.93
ORD-003460,2025-07-14,CUST-01465,Chen Ali,25,Male,Latin America,Colombia,Clothing,Levi's 501 Jeans,4,83.97,27.0,245.19,45.3,111.07
ORD-003461,2025-07-14,CUST-00851,Carlos Jones,55,Male,Latin America,Brazil,Sports & Outdoors,Fitbit Charge 6,1,178.15,21.0,140.74,31.7,44.61
ORD-003462,2025-07-14,CUST-00988,Fatima Hill,57,Female,Asia Pacific,Australia,Home & Kitchen,Instant Pot Duo 7-in-1,3,109.69,10.0,296.16,23.6,69.89
ORD-003463,2025-07-14,CUST-00637,Amelia Hall,43,Male,Latin America,Brazil,Clothing,Calvin Klein Underwear Set,3,43.16,2.0,126.89,42.5,53.93
ORD-003464,2025-07-14,CUST-00098,Charlotte Müller,40,Male,Middle East,UAE,Clothing,Uniqlo Down Jacket,1,121.73,2.0,119.3,36.0,42.95
ORD-003465,2025-07-14,CUST-00353,Noah Roberts,39,Male,Europe,Italy,Sports & Outdoors,Spalding NBA Basketball,3,46.56,10.0,125.71,30.8,38.72
ORD-003466,2025-07-15,CUST-00737,Rafael King,25,Female,Latin America,Colombia,Home & Kitchen,Weighted Blanket 15lbs,1,82.15,4.0,78.86,27.8,21.92
ORD-003467,2025-07-15,CUST-00430,Joseph Wilson,46,Male,Asia Pacific,India,Sports & Outdoors,Peloton Bike+,2,2779.76,0.0,5559.52,31.6,1756.81
ORD-003468,2025-07-15,CUST-01370,Aiden King,23,Male,North America,USA,Electronics,Kindle Paperwhite,1,149.61,21.0,118.19,14.0,16.55
ORD-003469,2025-07-15,CUST-01444,Rafael Singh,60,Female,North America,Canada,Clothing,Nike Air Max 270,1,154.15,1.0,152.61,54.2,82.71
ORD-003470,2025-07-15,CUST-00943,Thomas White,22,Male,Europe,Netherlands,Electronics,Apple MacBook Air M2,2,1561.47,9.0,2841.88,14.8,420.6
ORD-003471,2025-07-15,CUST-00610,Ana Patel,18,Female,Latin America,Brazil,Home & Kitchen,IKEA KALLAX Shelf Unit,3,168.25,28.0,363.42,33.9,123.2
ORD-003472,2025-07-15,CUST-01008,Sophia Lopez,50,Male,Asia Pacific,South Korea,Home & Kitchen,Dyson V15 Vacuum,1,816.02,4.0,783.38,27.1,212.3
ORD-003473,2025-07-15,CUST-00503,Jennifer Young,38,Male,Asia Pacific,Australia,Sports & Outdoors,Resistance Bands Set,3,41.97,0.0,125.91,33.2,41.8
ORD-003474,2025-07-15,CUST-01284,Ethan Jackson,37,Female,Latin America,Colombia,Clothing,Tommy Hilfiger Polo Shirt,2,65.11,4.0,125.01,48.6,60.75
ORD-003475,2025-07-16,CUST-01015,Ana Flores,26,Female,Asia Pacific,Japan,Sports & Outdoors,Camping Sleeping Bag -10°C,2,106.09,17.0,176.11,25.0,44.03
ORD-003476,2025-07-16,CUST-00117,Mary Rossi,24,Female,Asia Pacific,Japan,Electronics,iPad Pro 11-inch,1,1234.6,2.0,1209.91,18.0,217.78
ORD-003477,2025-07-16,CUST-00146,Michael Smith,33,Female,Europe,Netherlands,Electronics,iPhone 15 Pro,2,1204.67,15.0,2047.94,16.9,346.1
ORD-003478,2025-07-16,CUST-01491,Patricia Jackson,55,Female,Europe,Spain,Electronics,Kindle Paperwhite,1,151.69,16.0,127.42,17.5,22.3
ORD-003479,2025-07-16,CUST-00942,Riley Rossi,51,Male,Europe,Netherlands,Electronics,Apple MacBook Air M2,2,1436.39,0.0,2872.78,15.6,448.15
ORD-003480,2025-07-16,CUST-00794,Harry Garcia,27,Male,North America,Mexico,Beauty & Personal Care,Charlotte Tilbury Lipstick,1,36.92,0.0,36.92,36.9,13.62
ORD-003481,2025-07-16,CUST-00148,Linda Jones,45,Female,North America,Canada,Home & Kitchen,Philips Hue Smart Bulb Set,1,108.36,23.0,83.44,24.0,20.03
ORD-003482,2025-07-17,CUST-01143,Amelia Carter,18,Male,Middle East,Qatar,Electronics,Dell XPS 15 Laptop,1,1400.28,7.0,1302.26,9.0,117.2
ORD-003483,2025-07-17,CUST-01213,William Chen,37,Female,North America,Canada,Electronics,"LG OLED 55"" TV",2,1835.25,10.0,3303.45,12.8,422.84
ORD-003484,2025-07-17,CUST-01276,Wei Wright,19,Male,Europe,UK,Home & Kitchen,LED Desk Lamp with USB,1,60.87,6.0,57.22,40.0,22.89
ORD-003485,2025-07-17,CUST-01000,Susan Jackson,37,Female,North America,Mexico,Electronics,iPad Pro 11-inch,2,1082.21,0.0,2164.42,18.6,402.58
ORD-003486,2025-07-17,CUST-01442,Hana Williams,28,Male,Asia Pacific,South Korea,Beauty & Personal Care,Foreo LUNA Face Massager,4,145.17,24.0,441.32,36.7,161.96
ORD-003487,2025-07-17,CUST-00321,Layla Wright,41,Male,Europe,Netherlands,Clothing,Levi's 501 Jeans,1,102.16,28.0,73.56,41.9,30.82
ORD-003488,2025-07-17,CUST-00384,William Miller,35,Male,Latin America,Colombia,Sports & Outdoors,Camping Sleeping Bag -10°C,2,122.49,27.0,178.84,19.8,35.41
ORD-003489,2025-07-17,CUST-00702,Fatima Hall,60,Female,North America,Canada,Beauty & Personal Care,Charlotte Tilbury Lipstick,1,37.47,16.0,31.47,39.4,12.4
ORD-003490,2025-07-17,CUST-01265,Ravi Williams,18,Male,Europe,France,Electronics,iPad Pro 11-inch,2,1181.18,19.0,1913.51,19.7,376.96
ORD-003491,2025-07-17,CUST-00991,Charles Kim,22,Female,Latin America,Colombia,Home & Kitchen,French Press Coffee Maker,1,47.48,0.0,47.48,23.1,10.97
ORD-003492,2025-07-17,CUST-00892,Aiden White,39,Female,North America,Canada,Beauty & Personal Care,Bath & Body Works Candle Set,2,49.34,7.0,91.77,38.5,35.33
ORD-003493,2025-07-17,CUST-01507,David Scott,45,Male,North America,USA,Beauty & Personal Care,Bioderma Micellar Water 500ml,5,17.9,12.0,78.76,43.9,34.58
ORD-003494,2025-07-17,CUST-01594,Riley Johnson,18,Female,Asia Pacific,India,Home & Kitchen,Weighted Blanket 15lbs,2,76.28,0.0,152.56,27.3,41.65
ORD-003495,2025-07-17,CUST-01426,Lisa Patel,24,Male,Asia Pacific,India,Sports & Outdoors,Trek FX3 Bicycle,2,911.6,0.0,1823.2,35.1,639.94
ORD-003496,2025-07-17,CUST-01427,Ana Khan,39,Male,Europe,Spain,Clothing,Ray-Ban Aviator Sunglasses,2,154.28,21.0,243.76,48.8,118.95
ORD-003497,2025-07-17,CUST-01122,Jennifer Brown,30,Female,Latin America,Argentina,Electronics,Dell XPS 15 Laptop,2,1490.6,4.0,2861.95,15.2,435.02
ORD-003498,2025-07-17,CUST-01127,William Davis,46,Female,North America,Canada,Electronics,"LG OLED 55"" TV",1,1597.17,0.0,1597.17,11.2,178.88
ORD-003499,2025-07-17,CUST-00430,Joseph Wilson,46,Male,Asia Pacific,India,Clothing,Under Armour Sports Bra,2,60.15,35.0,78.2,31.4,24.55
ORD-003500,2025-07-18,CUST-01219,Patricia Kim,35,Female,Europe,Germany,Clothing,Adidas Ultraboost Shoes,4,168.9,0.0,675.6,41.6,281.05
ORD-003501,2025-07-18,CUST-00656,Rafael Martin,38,Male,Europe,UK,Clothing,Calvin Klein Underwear Set,3,54.36,9.0,148.4,51.0,75.68
ORD-003502,2025-07-18,CUST-01029,Amelia Garcia,47,Female,North America,USA,Home & Kitchen,Cuisinart 12-Piece Cookware Set,2,291.79,11.0,519.39,34.4,178.67
ORD-003503,2025-07-18,CUST-01390,Mia Ahmed,26,Female,North America,Canada,Sports & Outdoors,Spalding NBA Basketball,1,45.28,25.0,33.96,35.9,12.19
ORD-003504,2025-07-18,CUST-01593,Linda Wright,39,Male,Asia Pacific,Japan,Electronics,Bose SoundLink Speaker,1,209.2,17.0,173.64,15.7,27.26
ORD-003505,2025-07-18,CUST-01429,Olivia Lopez,40,Male,Middle East,Saudi Arabia,Sports & Outdoors,Garmin GPS Running Watch,3,320.52,0.0,961.56,37.5,360.58
ORD-003506,2025-07-18,CUST-01464,Linda Taylor,32,Male,Asia Pacific,South Korea,Electronics,USB-C Hub 7-in-1,2,80.62,15.0,137.05,18.1,24.81
ORD-003507,2025-07-18,CUST-01445,Sarah Davis,57,Male,Middle East,Qatar,Home & Kitchen,Air Purifier HEPA,2,263.35,1.0,521.43,34.1,177.81
ORD-003508,2025-07-18,CUST-01527,Lisa Chen,39,Female,Latin America,Colombia,Electronics,USB-C Hub 7-in-1,1,66.98,8.0,61.62,8.4,5.18
ORD-003509,2025-07-18,CUST-00086,Ahmed Walker,20,Male,Latin America,Argentina,Clothing,Puma Running Shorts,4,50.85,11.0,181.03,31.8,57.57
ORD-003510,2025-07-18,CUST-00142,Richard White,27,Male,Asia Pacific,Japan,Clothing,Zara Wool Coat,4,167.56,16.0,563.0,34.9,196.49
ORD-003511,2025-07-18,CUST-01531,Jennifer Walker,30,Male,Europe,Italy,Beauty & Personal Care,Tatcha Rice Wash Cleanser,4,58.01,2.0,227.4,39.6,90.05
ORD-003512,2025-07-18,CUST-00421,Hana Thompson,37,Female,Asia Pacific,Australia,Clothing,Levi's 501 Jeans,1,79.13,20.0,63.3,52.0,32.92
ORD-003513,2025-07-18,CUST-00847,Susan Lopez,25,Male,North America,USA,Clothing,Gucci Belt,4,422.0,37.0,1063.44,52.1,554.05
ORD-003514,2025-07-18,CUST-00522,Harry Lopez,36,Male,Middle East,Saudi Arabia,Electronics,Apple MacBook Air M2,1,1200.47,20.0,960.38,16.1,154.62
ORD-003515,2025-07-19,CUST-00437,Charlotte Brown,23,Female,North America,Mexico,Electronics,Canon EOS R50 Camera,2,885.41,24.0,1345.82,11.9,160.15
ORD-003516,2025-07-19,CUST-01680,Charlotte Rossi,34,Female,Europe,Italy,Beauty & Personal Care,Oral-B Electric Toothbrush Pro,5,99.91,9.0,454.59,48.6,220.93
ORD-003517,2025-07-19,CUST-00032,Ali Garcia,30,Male,Europe,UK,Home & Kitchen,Philips Hue Smart Bulb Set,3,68.51,4.0,197.31,36.3,71.62
ORD-003518,2025-07-19,CUST-00574,Liam Roberts,21,Female,Asia Pacific,India,Electronics,USB-C Hub 7-in-1,2,46.8,19.0,75.82,19.4,14.71
ORD-003519,2025-07-19,CUST-00084,James Carter,31,Female,Asia Pacific,Japan,Sports & Outdoors,Speedo Swim Goggles,2,29.34,2.0,57.51,24.3,13.97
ORD-003520,2025-07-19,CUST-00980,William Müller,33,Female,Latin America,Argentina,Electronics,iPad Pro 11-inch,1,1031.78,14.0,887.33,14.1,125.11
ORD-003521,2025-07-19,CUST-01560,Amelia Martinez,42,Male,Middle East,UAE,Electronics,Dell XPS 15 Laptop,1,1612.06,0.0,1612.06,14.5,233.75
ORD-003522,2025-07-19,CUST-01590,Carlos White,27,Male,Europe,Netherlands,Clothing,Converse Chuck Taylor All Star,2,86.02,34.0,113.55,36.4,41.33
ORD-003523,2025-07-19,CUST-00468,Sophia Martin,24,Male,Europe,Netherlands,Home & Kitchen,Philips Hue Smart Bulb Set,3,104.78,26.0,232.61,36.5,84.9
ORD-003524,2025-07-19,CUST-00868,James Hall,32,Male,Asia Pacific,Singapore,Clothing,Levi's 501 Jeans,3,107.91,27.0,236.32,43.8,103.51
ORD-003525,2025-07-19,CUST-01335,Aiden Lee,47,Female,Latin America,Argentina,Electronics,"LG OLED 55"" TV",1,2054.92,15.0,1746.68,10.7,186.89
ORD-003526,2025-07-19,CUST-01516,Charles Patel,31,Female,Asia Pacific,Australia,Clothing,Gucci Belt,3,479.49,11.0,1280.24,47.5,608.11
ORD-003527,2025-07-19,CUST-01126,Ravi Hill,45,Male,Asia Pacific,Singapore,Electronics,Apple MacBook Air M2,2,1237.08,20.0,1979.33,17.7,350.34
ORD-003528,2025-07-20,CUST-01045,Thomas Wright,33,Male,Asia Pacific,Australia,Sports & Outdoors,Wilson Tennis Racket Pro,1,220.47,32.0,149.92,26.0,38.98
ORD-003529,2025-07-20,CUST-00023,Chen Jones,19,Female,Europe,Netherlands,Home & Kitchen,Weighted Blanket 15lbs,2,84.51,2.0,165.64,28.8,47.7
ORD-003530,2025-07-20,CUST-01236,Thomas Taylor,30,Female,Middle East,Qatar,Clothing,Calvin Klein Underwear Set,1,45.23,22.0,35.28,46.9,16.55
ORD-003531,2025-07-20,CUST-00393,Thomas Kim,18,Female,North America,Mexico,Home & Kitchen,Air Purifier HEPA,3,193.81,7.0,540.73,29.0,156.81
ORD-003532,2025-07-20,CUST-00719,Sarah Wright,18,Male,North America,Mexico,Beauty & Personal Care,Tatcha Rice Wash Cleanser,4,45.11,21.0,142.55,58.6,83.53
ORD-003533,2025-07-20,CUST-01213,William Chen,37,Female,North America,Canada,Beauty & Personal Care,Olaplex No.3 Hair Perfector,5,35.48,24.0,134.82,49.6,66.87
ORD-003534,2025-07-20,CUST-00739,Ahmed Martinez,18,Female,Europe,Netherlands,Clothing,North Face Fleece Jacket,1,168.73,35.0,109.67,46.3,50.78
ORD-003535,2025-07-20,CUST-00205,Ali Ali,18,Male,Middle East,Saudi Arabia,Clothing,Ray-Ban Aviator Sunglasses,3,206.9,0.0,620.7,43.8,271.87
ORD-003536,2025-07-20,CUST-01483,James Thompson,40,Male,Latin America,Colombia,Home & Kitchen,Air Purifier HEPA,3,205.82,0.0,617.46,27.8,171.65
ORD-003537,2025-07-20,CUST-00248,Zara Roberts,36,Male,Europe,Spain,Home & Kitchen,Dyson V15 Vacuum,3,842.14,10.0,2273.78,34.7,789.0
ORD-003538,2025-07-20,CUST-00371,Ravi Wright,22,Male,Asia Pacific,Singapore,Beauty & Personal Care,Charlotte Tilbury Lipstick,1,42.28,13.0,36.78,46.3,17.03
ORD-003539,2025-07-20,CUST-00395,Barbara Ali,46,Female,Latin America,Colombia,Beauty & Personal Care,The Ordinary Serum Set,3,34.66,3.0,100.86,51.2,51.64
ORD-003540,2025-07-21,CUST-00593,Laila Torres,27,Male,Asia Pacific,Australia,Electronics,Canon EOS R50 Camera,2,946.41,10.0,1703.54,15.1,257.23
ORD-003541,2025-07-21,CUST-00030,Chen Hall,47,Male,Latin America,Colombia,Electronics,Sony PlayStation 5,2,671.29,0.0,1342.58,17.3,232.27
ORD-003542,2025-07-21,CUST-00894,William Wang,31,Male,Europe,Spain,Home & Kitchen,Philips Hue Smart Bulb Set,2,84.01,27.0,122.65,25.9,31.77
ORD-003543,2025-07-21,CUST-00764,Aiden Müller,52,Female,North America,Mexico,Beauty & Personal Care,La Mer Moisturizing Cream,4,341.08,7.0,1268.82,36.0,456.78
ORD-003544,2025-07-21,CUST-00256,Susan Anderson,43,Male,Asia Pacific,India,Clothing,Converse Chuck Taylor All Star,4,82.98,34.0,219.07,32.8,71.85
ORD-003545,2025-07-21,CUST-00171,Priya Torres,33,Male,Asia Pacific,India,Sports & Outdoors,Coleman 4-Person Camping Tent,2,151.98,2.0,297.88,19.0,56.6
ORD-003546,2025-07-21,CUST-00474,Richard Allen,47,Male,Middle East,Saudi Arabia,Electronics,Kindle Paperwhite,1,121.36,11.0,108.01,19.5,21.06
ORD-003547,2025-07-21,CUST-00576,Yuki Lopez,35,Male,North America,USA,Beauty & Personal Care,CeraVe Moisturizing Cream,5,26.69,25.0,100.09,41.0,41.04
ORD-003548,2025-07-21,CUST-01598,Liam Lopez,55,Female,Asia Pacific,South Korea,Electronics,Canon EOS R50 Camera,2,841.89,0.0,1683.78,14.8,249.2
ORD-003549,2025-07-21,CUST-00206,Amelia Lee,18,Female,Latin America,Colombia,Sports & Outdoors,Yoga Mat Premium Non-Slip,3,48.21,26.0,107.03,35.8,38.32
ORD-003550,2025-07-21,CUST-01213,William Chen,37,Female,North America,Canada,Electronics,GoPro Hero 12,1,482.97,3.0,468.48,12.4,58.09
ORD-003551,2025-07-21,CUST-01744,Ravi Miller,36,Male,North America,Canada,Clothing,Levi's 501 Jeans,4,94.29,1.0,373.39,33.9,126.58
ORD-003552,2025-07-22,CUST-01393,Sophia Flores,40,Male,Middle East,Qatar,Sports & Outdoors,Resistance Bands Set,3,27.89,9.0,76.14,25.1,19.11
ORD-003553,2025-07-22,CUST-00631,Emma Martinez,31,Female,Europe,France,Electronics,Canon EOS R50 Camera,2,846.23,9.0,1540.14,8.0,123.21
ORD-003554,2025-07-22,CUST-01606,Linda Singh,18,Male,Middle East,Qatar,Home & Kitchen,French Press Coffee Maker,3,40.39,6.0,113.9,20.6,23.46
ORD-003555,2025-07-22,CUST-01506,Susan Martin,23,Female,North America,Canada,Clothing,Tommy Hilfiger Polo Shirt,4,82.5,32.0,224.4,45.5,102.1
ORD-003556,2025-07-22,CUST-01071,Thomas Taylor,18,Male,North America,Canada,Electronics,USB-C Hub 7-in-1,1,53.21,0.0,53.21,12.6,6.7
ORD-003557,2025-07-22,CUST-00337,Mason Ahmed,44,Female,Asia Pacific,India,Sports & Outdoors,TRX Suspension Trainer,3,224.56,22.0,525.47,23.9,125.59
ORD-003558,2025-07-22,CUST-00127,James Nguyen,41,Female,Asia Pacific,Japan,Electronics,iPhone 15 Pro,1,1107.45,0.0,1107.45,11.4,126.25
ORD-003559,2025-07-22,CUST-01534,Richard Lee,18,Male,Middle East,Qatar,Electronics,Sony PlayStation 5,2,648.28,4.0,1244.7,19.1,237.74
ORD-003560,2025-07-22,CUST-01083,Ethan Martin,43,Male,Middle East,Qatar,Electronics,USB-C Hub 7-in-1,2,79.55,1.0,157.51,15.9,25.04
ORD-003561,2025-07-22,CUST-00101,David Rossi,46,Female,Latin America,Argentina,Sports & Outdoors,Speedo Swim Goggles,3,33.94,4.0,97.75,37.1,36.27
ORD-003562,2025-07-22,CUST-00876,Joseph Fernandez,53,Female,Europe,France,Clothing,Zara Wool Coat,3,167.62,39.0,306.74,39.9,122.39
ORD-003563,2025-07-22,CUST-01562,Barbara Santos,25,Male,Middle East,Saudi Arabia,Clothing,Ray-Ban Aviator Sunglasses,1,188.6,17.0,156.54,43.6,68.25
ORD-003564,2025-07-22,CUST-01105,Mia Kim,42,Male,North America,Mexico,Home & Kitchen,Air Purifier HEPA,3,208.37,0.0,625.11,35.2,220.04
ORD-003565,2025-07-22,CUST-01681,Harry Smith,45,Male,Europe,Italy,Electronics,USB-C Hub 7-in-1,1,85.88,4.0,82.44,10.9,8.99
ORD-003566,2025-07-22,CUST-01223,Sofia Hall,50,Female,Asia Pacific,Singapore,Electronics,Sony PlayStation 5,2,655.31,16.0,1100.92,11.1,122.2
ORD-003567,2025-07-22,CUST-00256,Susan Anderson,43,Male,Asia Pacific,India,Home & Kitchen,Weighted Blanket 15lbs,3,83.92,0.0,251.76,20.1,50.6
ORD-003568,2025-07-23,CUST-00934,Muhammad Lopez,45,Female,North America,Mexico,Home & Kitchen,LED Desk Lamp with USB,2,50.12,30.0,70.17,29.4,20.63
ORD-003569,2025-07-23,CUST-01174,Mia Taylor,33,Female,North America,Canada,Home & Kitchen,Ninja Air Fryer XL,2,168.18,20.0,269.09,29.3,78.84
ORD-003570,2025-07-23,CUST-00828,William Taylor,43,Female,Asia Pacific,South Korea,Clothing,Calvin Klein Underwear Set,4,52.0,0.0,208.0,35.6,74.05
ORD-003571,2025-07-23,CUST-00570,Carlos Wright,40,Female,Middle East,Qatar,Beauty & Personal Care,Olaplex No.3 Hair Perfector,3,39.79,0.0,119.37,57.9,69.12
ORD-003572,2025-07-23,CUST-00035,Ana Walker,47,Male,Europe,Spain,Beauty & Personal Care,Bath & Body Works Candle Set,1,45.1,4.0,43.3,37.6,16.28
ORD-003573,2025-07-23,CUST-00436,Ana Khan,18,Male,Middle East,UAE,Clothing,Gucci Belt,4,420.4,0.0,1681.6,46.7,785.31
ORD-003574,2025-07-23,CUST-00050,Oliver Lopez,39,Female,North America,Canada,Home & Kitchen,Air Purifier HEPA,3,261.87,0.0,785.61,24.5,192.47
ORD-003575,2025-07-23,CUST-01743,Riley Nguyen,18,Male,North America,Mexico,Home & Kitchen,Nespresso Vertuo Coffee Machine,1,252.06,0.0,252.06,32.5,81.92
ORD-003576,2025-07-23,CUST-00045,Muhammad Flores,34,Male,Europe,Germany,Electronics,Apple Watch Series 9,1,595.83,6.0,560.08,11.3,63.29
ORD-003577,2025-07-23,CUST-01698,Ana Nelson,57,Female,Asia Pacific,India,Sports & Outdoors,Peloton Bike+,3,2691.33,0.0,8073.99,25.0,2018.5
ORD-003578,2025-07-23,CUST-01084,Chen Allen,30,Female,Europe,Italy,Clothing,Levi's 501 Jeans,4,72.75,16.0,244.44,53.1,129.8
ORD-003579,2025-07-23,CUST-01449,Ethan Thompson,22,Female,Europe,France,Electronics,Samsung Galaxy S24,2,987.24,18.0,1619.07,19.5,315.72
ORD-003580,2025-07-23,CUST-01645,Robert Khan,43,Male,Latin America,Colombia,Home & Kitchen,Dyson V15 Vacuum,3,747.96,26.0,1660.47,39.8,660.87
ORD-003581,2025-07-24,CUST-00979,Emma Adams,28,Female,North America,USA,Home & Kitchen,KitchenAid Stand Mixer,1,420.52,8.0,386.88,35.8,138.5
ORD-003582,2025-07-24,CUST-01291,Linda Green,26,Male,North America,Canada,Electronics,Sony PlayStation 5,1,671.82,15.0,571.05,10.1,57.68
ORD-003583,2025-07-24,CUST-00424,Rafael Miller,25,Female,Asia Pacific,Japan,Electronics,iPhone 15 Pro,2,1369.54,7.0,2547.34,14.5,369.36
ORD-003584,2025-07-24,CUST-01715,Layla Khan,35,Male,Europe,Italy,Electronics,Apple MacBook Air M2,2,1452.64,9.0,2643.8,15.1,399.21
ORD-003585,2025-07-24,CUST-00520,Ali Jackson,42,Male,Middle East,Saudi Arabia,Clothing,Zara Wool Coat,4,225.18,0.0,900.72,38.8,349.48
ORD-003586,2025-07-24,CUST-01111,Ahmed Lopez,27,Female,Asia Pacific,Japan,Sports & Outdoors,Garmin GPS Running Watch,1,355.14,1.0,351.59,26.3,92.47
ORD-003587,2025-07-24,CUST-00785,Rafael Allen,29,Male,Asia Pacific,Japan,Sports & Outdoors,Spalding NBA Basketball,2,53.59,7.0,99.68,22.5,22.43
ORD-003588,2025-07-24,CUST-01463,Richard Wang,19,Female,Europe,UK,Home & Kitchen,Ninja Air Fryer XL,2,138.58,0.0,277.16,21.2,58.76
ORD-003589,2025-07-24,CUST-00485,Michael Carter,46,Male,Middle East,UAE,Beauty & Personal Care,Oral-B Electric Toothbrush Pro,4,100.27,23.0,308.83,49.5,152.87
ORD-003590,2025-07-24,CUST-01564,Mary Flores,44,Female,Middle East,Saudi Arabia,Clothing,Nike Air Max 270,4,141.31,30.0,395.67,33.9,134.13
ORD-003591,2025-07-24,CUST-00938,Olivia Carter,30,Female,Europe,France,Electronics,iPad Pro 11-inch,1,1222.94,23.0,941.66,8.8,82.87
ORD-003592,2025-07-24,CUST-00084,James Carter,31,Female,Asia Pacific,Japan,Clothing,Timberland Boots,4,189.73,0.0,758.92,47.6,361.25
ORD-003593,2025-07-24,CUST-00838,John Ali,39,Male,Latin America,Colombia,Sports & Outdoors,Wilson Tennis Racket Pro,3,190.43,28.0,411.33,19.1,78.56
ORD-003594,2025-07-24,CUST-01705,Isabella Nguyen,18,Female,Middle East,Saudi Arabia,Electronics,iPad Pro 11-inch,2,998.62,0.0,1997.24,8.2,163.77
ORD-003595,2025-07-24,CUST-00214,Jennifer Lopez,25,Female,Middle East,Qatar,Electronics,Bose SoundLink Speaker,1,189.19,6.0,177.84,9.5,16.89
ORD-003596,2025-07-24,CUST-00041,Sarah Lopez,44,Female,Latin America,Brazil,Home & Kitchen,Roomba i7+ Robot Vacuum,1,933.18,24.0,709.22,25.0,177.31
ORD-003597,2025-07-25,CUST-01617,Riley Baker,39,Male,Europe,Germany,Electronics,Samsung Galaxy S24,1,1194.95,0.0,1194.95,13.8,164.9
ORD-003598,2025-07-25,CUST-01009,Carlos Ahmed,35,Female,North America,USA,Electronics,Apple MacBook Air M2,2,1337.45,14.0,2300.41,19.2,441.68
ORD-003599,2025-07-25,CUST-01034,Fatima Rossi,41,Male,Europe,Spain,Electronics,Ring Video Doorbell,2,233.69,0.0,467.38,10.8,50.48
ORD-003600,2025-07-25,CUST-00625,Laila Dupont,35,Female,Asia Pacific,Japan,Clothing,Calvin Klein Underwear Set,1,43.92,0.0,43.92,53.5,23.5
ORD-003601,2025-07-25,CUST-00621,Laila Chen,19,Female,Asia Pacific,South Korea,Sports & Outdoors,TRX Suspension Trainer,1,201.41,30.0,140.99,32.7,46.1
ORD-003602,2025-07-25,CUST-00870,Mason King,33,Female,Asia Pacific,Singapore,Home & Kitchen,Cuisinart 12-Piece Cookware Set,2,270.14,0.0,540.28,39.4,212.87
ORD-003603,2025-07-25,CUST-01490,David Hall,40,Female,Latin America,Argentina,Home & Kitchen,Dyson V15 Vacuum,2,741.87,7.0,1379.88,37.2,513.32
ORD-003604,2025-07-25,CUST-00183,Fatima Santos,41,Female,Middle East,Saudi Arabia,Clothing,Converse Chuck Taylor All Star,3,72.87,5.0,207.68,44.6,92.63
ORD-003605,2025-07-26,CUST-00228,Robert Santos,57,Male,Europe,Spain,Electronics,Sony WH-1000XM5 Headphones,2,362.01,0.0,724.02,12.5,90.5
ORD-003606,2025-07-26,CUST-00738,Charles Miller,19,Male,Asia Pacific,Australia,Home & Kitchen,Roomba i7+ Robot Vacuum,1,959.23,0.0,959.23,30.5,292.57
ORD-003607,2025-07-26,CUST-01296,Zara Harris,21,Female,Europe,France,Electronics,USB-C Hub 7-in-1,1,48.85,17.0,40.55,11.3,4.58
ORD-003608,2025-07-26,CUST-00549,Fatima Taylor,18,Male,Latin America,Colombia,Clothing,Levi's 501 Jeans,4,84.38,0.0,337.52,50.6,170.79
ORD-003609,2025-07-26,CUST-00613,Joseph Rossi,40,Male,North America,Mexico,Home & Kitchen,Roomba i7+ Robot Vacuum,2,898.68,0.0,1797.36,37.3,670.42
ORD-003610,2025-07-26,CUST-01449,Ethan Thompson,22,Female,Europe,France,Beauty & Personal Care,Oral-B Electric Toothbrush Pro,5,89.88,0.0,449.4,46.2,207.62
ORD-003611,2025-07-26,CUST-01384,Jessica Baker,51,Male,North America,Mexico,Clothing,Adidas Ultraboost Shoes,4,174.69,32.0,475.16,47.9,227.6
ORD-003612,2025-07-26,CUST-00520,Ali Jackson,42,Male,Middle East,Saudi Arabia,Electronics,Ring Video Doorbell,2,187.68,0.0,375.36,19.7,73.95
ORD-003613,2025-07-26,CUST-01323,Ethan Khan,43,Female,Latin America,Colombia,Home & Kitchen,Air Purifier HEPA,2,262.43,23.0,404.14,24.0,96.99
ORD-003614,2025-07-27,CUST-00341,Chen Ali,42,Male,Europe,UK,Clothing,Under Armour Sports Bra,3,45.98,3.0,133.8,37.2,49.77
ORD-003615,2025-07-27,CUST-01774,William Wright,26,Male,Latin America,Brazil,Electronics,Kindle Paperwhite,2,112.59,9.0,204.91,15.2,31.15
ORD-003616,2025-07-27,CUST-01792,Robert Allen,41,Female,Middle East,Qatar,Clothing,Puma Running Shorts,1,41.72,38.0,25.87,31.6,8.17
ORD-003617,2025-07-27,CUST-00161,Chen Rossi,54,Female,North America,USA,Sports & Outdoors,Trek FX3 Bicycle,2,826.29,33.0,1107.23,35.3,390.85
ORD-003618,2025-07-27,CUST-00365,Hana White,23,Female,North America,Mexico,Clothing,North Face Fleece Jacket,4,130.87,0.0,523.48,35.5,185.84
ORD-003619,2025-07-27,CUST-00815,Sofia Rossi,53,Female,Latin America,Colombia,Clothing,Timberland Boots,4,240.11,28.0,691.52,30.6,211.61
ORD-003620,2025-07-27,CUST-00249,Olivia Singh,59,Female,Asia Pacific,Japan,Home & Kitchen,IKEA KALLAX Shelf Unit,3,168.69,5.0,480.77,25.5,122.6
ORD-003621,2025-07-27,CUST-00819,Jessica Santos,22,Female,North America,Mexico,Electronics,Apple Watch Series 9,2,563.49,25.0,845.24,9.4,79.45
ORD-003622,2025-07-27,CUST-00024,Layla Thompson,37,Female,Middle East,Qatar,Electronics,Samsung Galaxy S24,2,1317.26,5.0,2502.79,10.9,272.8
ORD-003623,2025-07-27,CUST-01344,Noah Scott,53,Female,Europe,Netherlands,Electronics,Kindle Paperwhite,2,127.89,14.0,219.97,17.5,38.49
ORD-003624,2025-07-27,CUST-01087,Hana Patel,20,Male,Europe,Italy,Home & Kitchen,Cuisinart 12-Piece Cookware Set,1,306.26,9.0,278.7,38.5,107.3
ORD-003625,2025-07-27,CUST-00786,Isabella Singh,24,Male,Latin America,Colombia,Beauty & Personal Care,Moroccanoil Hair Oil,3,32.39,0.0,97.17,56.1,54.51
ORD-003626,2025-07-28,CUST-01045,Thomas Wright,33,Male,Asia Pacific,Australia,Sports & Outdoors,TRX Suspension Trainer,2,208.76,12.0,367.42,22.4,82.3
ORD-003627,2025-07-28,CUST-00345,Layla Wright,35,Male,North America,Mexico,Home & Kitchen,KitchenAid Stand Mixer,1,450.5,15.0,382.93,38.7,148.19
ORD-003628,2025-07-28,CUST-01045,Thomas Wright,33,Male,Asia Pacific,Australia,Clothing,Under Armour Sports Bra,3,51.02,0.0,153.06,39.8,60.92
ORD-003629,2025-07-28,CUST-01589,Riley Schmidt,33,Male,Europe,Spain,Beauty & Personal Care,Bath & Body Works Candle Set,2,49.59,0.0,99.18,39.7,39.37
ORD-003630,2025-07-28,CUST-00239,Emma Ahmed,35,Male,Middle East,UAE,Home & Kitchen,Instant Pot Duo 7-in-1,1,140.23,0.0,140.23,33.0,46.28
ORD-003631,2025-07-28,CUST-01390,Mia Ahmed,26,Female,North America,Canada,Sports & Outdoors,Spalding NBA Basketball,3,38.92,6.0,109.75,18.3,20.08
ORD-003632,2025-07-28,CUST-01728,Richard Jones,30,Male,Middle East,UAE,Electronics,Sony PlayStation 5,2,583.61,9.0,1062.17,18.6,197.56
ORD-003633,2025-07-28,CUST-01554,Ana Brown,21,Male,Latin America,Colombia,Electronics,Apple MacBook Air M2,2,1391.75,2.0,2727.83,17.9,488.28
ORD-003634,2025-07-28,CUST-00309,Amelia Hill,27,Male,Asia Pacific,Singapore,Electronics,Samsung Galaxy S24,2,1223.69,25.0,1835.54,16.3,299.19
ORD-003635,2025-07-28,CUST-01747,Laila Torres,47,Female,Middle East,Saudi Arabia,Home & Kitchen,Roomba i7+ Robot Vacuum,3,747.64,15.0,1906.48,26.2,499.5
ORD-003636,2025-07-28,CUST-00757,Sofia Wilson,35,Female,Latin America,Argentina,Clothing,Tommy Hilfiger Polo Shirt,1,87.65,0.0,87.65,33.0,28.92
ORD-003637,2025-07-28,CUST-00683,Chen Hill,46,Male,North America,Canada,Sports & Outdoors,Hydro Flask 32oz Water Bottle,1,59.0,6.0,55.46,37.7,20.91
ORD-003638,2025-07-28,CUST-01247,Liam Ali,40,Female,North America,Mexico,Clothing,Calvin Klein Underwear Set,2,56.69,33.0,75.96,52.2,39.65
ORD-003639,2025-07-28,CUST-00055,Sophia Davis,36,Male,North America,Mexico,Electronics,USB-C Hub 7-in-1,1,84.98,19.0,68.83,9.1,6.26
ORD-003640,2025-07-28,CUST-01619,Aiden Johnson,41,Male,Latin America,Argentina,Home & Kitchen,French Press Coffee Maker,1,33.93,5.0,32.23,30.7,9.89
ORD-003641,2025-07-28,CUST-00729,James Baker,21,Male,Middle East,Qatar,Electronics,iPhone 15 Pro,1,1324.58,0.0,1324.58,9.0,119.21
ORD-003642,2025-07-28,CUST-00408,Laila Adams,19,Female,Middle East,Qatar,Electronics,Ring Video Doorbell,2,184.53,16.0,310.01,13.0,40.3
ORD-003643,2025-07-28,CUST-00635,Lisa Green,34,Female,Asia Pacific,Australia,Electronics,Dell XPS 15 Laptop,1,1436.89,0.0,1436.89,11.1,159.49
ORD-003644,2025-07-28,CUST-01272,Yuki Young,43,Male,Europe,Germany,Home & Kitchen,Weighted Blanket 15lbs,3,102.52,22.0,239.9,23.9,57.34
ORD-003645,2025-07-28,CUST-01778,Ahmed Allen,30,Male,Asia Pacific,Japan,Sports & Outdoors,Wilson Tennis Racket Pro,2,225.36,21.0,356.07,23.2,82.61
ORD-003646,2025-08-01,CUST-00983,Lisa Wright,43,Female,Europe,UK,Sports & Outdoors,Foam Roller Set,1,48.06,1.0,47.58,32.6,15.51
ORD-003647,2025-08-01,CUST-00115,Emma White,40,Female,North America,Canada,Electronics,Samsung Galaxy S24,1,1067.51,0.0,1067.51,20.0,213.5
ORD-003648,2025-08-01,CUST-01021,Emma Dupont,35,Male,Latin America,Argentina,Electronics,Apple MacBook Air M2,1,1490.28,10.0,1341.25,17.7,237.4
ORD-003649,2025-08-01,CUST-01691,Richard Mitchell,23,Male,Europe,Germany,Sports & Outdoors,Trek FX3 Bicycle,1,915.32,0.0,915.32,29.8,272.77
ORD-003650,2025-08-01,CUST-01084,Chen Allen,30,Female,Europe,Italy,Electronics,GoPro Hero 12,2,490.28,5.0,931.53,11.6,108.06
ORD-003651,2025-08-01,CUST-01444,Rafael Singh,60,Female,North America,Canada,Clothing,Puma Running Shorts,1,38.32,19.0,31.04,49.2,15.27
ORD-003652,2025-08-01,CUST-00115,Emma White,40,Female,North America,Canada,Electronics,Apple Watch Series 9,2,540.84,1.0,1070.86,10.8,115.65
ORD-003653,2025-08-01,CUST-01325,Oliver Thompson,18,Male,Europe,France,Beauty & Personal Care,Moroccanoil Hair Oil,4,37.98,3.0,147.36,52.0,76.63
ORD-003654,2025-08-01,CUST-00798,Ravi Singh,26,Male,Middle East,UAE,Beauty & Personal Care,Fenty Beauty Foundation,4,51.51,0.0,206.04,50.3,103.64
ORD-003655,2025-08-01,CUST-01040,Ava Fernandez,26,Male,Latin America,Brazil,Clothing,Timberland Boots,1,230.8,11.0,205.41,45.2,92.85
ORD-003656,2025-08-01,CUST-01176,Oliver Walker,49,Male,North America,Canada,Clothing,Levi's 501 Jeans,3,81.0,28.0,174.96,31.4,54.94
ORD-003657,2025-08-01,CUST-00306,David Jackson,44,Female,Middle East,Qatar,Clothing,Uniqlo Down Jacket,3,156.67,17.0,390.11,39.7,154.87
ORD-003658,2025-08-01,CUST-01539,Ali Hall,58,Female,Latin America,Brazil,Clothing,Converse Chuck Taylor All Star,4,75.54,27.0,220.58,50.6,111.61
ORD-003659,2025-08-01,CUST-00875,Muhammad Mitchell,57,Female,North America,Mexico,Beauty & Personal Care,Oral-B Electric Toothbrush Pro,1,98.38,0.0,98.38,42.3,41.61
ORD-003660,2025-08-01,CUST-00496,Ali Martin,28,Male,North America,Canada,Electronics,Samsung Galaxy S24,1,1189.19,14.0,1022.7,8.3,84.88
ORD-003661,2025-08-01,CUST-00738,Charles Miller,19,Male,Asia Pacific,Australia,Electronics,iPhone 15 Pro,2,1190.44,0.0,2380.88,9.2,219.04
ORD-003662,2025-08-01,CUST-00439,Ahmed Johnson,40,Female,Latin America,Argentina,Sports & Outdoors,Spalding NBA Basketball,3,36.27,6.0,102.28,21.7,22.19
ORD-003663,2025-08-01,CUST-00419,Hana Mitchell,38,Female,Asia Pacific,India,Home & Kitchen,KitchenAid Stand Mixer,1,463.18,11.0,412.23,27.2,112.13
ORD-003664,2025-08-01,CUST-00631,Emma Martinez,31,Female,Europe,France,Clothing,Uniqlo Down Jacket,2,118.66,4.0,227.83,31.0,70.63
ORD-003665,2025-08-01,CUST-00196,Layla Nguyen,24,Male,Middle East,UAE,Sports & Outdoors,Fitbit Charge 6,1,179.5,2.0,175.91,26.9,47.32
ORD-003666,2025-08-01,CUST-01077,John Martin,41,Male,Latin America,Colombia,Electronics,GoPro Hero 12,2,488.84,0.0,977.68,18.4,179.89
ORD-003667,2025-08-02,CUST-00174,Charles Flores,27,Male,Europe,France,Home & Kitchen,Weighted Blanket 15lbs,2,111.48,16.0,187.29,26.5,49.63
ORD-003668,2025-08-02,CUST-00647,Jessica Thomas,45,Female,Middle East,UAE,Sports & Outdoors,Trek FX3 Bicycle,1,888.44,6.0,835.13,36.6,305.66
ORD-003669,2025-08-02,CUST-01197,William Garcia,35,Female,Middle East,Qatar,Clothing,Uniqlo Down Jacket,2,127.08,0.0,254.16,43.5,110.56
ORD-003670,2025-08-02,CUST-01172,Carlos Singh,33,Male,Asia Pacific,Singapore,Clothing,Gucci Belt,3,405.01,28.0,874.82,37.5,328.06
ORD-003671,2025-08-02,CUST-00492,Carlos Patel,28,Male,North America,USA,Sports & Outdoors,Coleman 4-Person Camping Tent,1,194.51,16.0,163.39,29.6,48.36
ORD-003672,2025-08-02,CUST-00736,Liam Dupont,46,Male,Latin America,Colombia,Electronics,GoPro Hero 12,1,450.35,0.0,450.35,19.5,87.82
ORD-003673,2025-08-02,CUST-00441,Muhammad Brown,28,Male,Middle East,Saudi Arabia,Beauty & Personal Care,Philips Norelco Shaver,2,143.39,10.0,258.1,43.3,111.76
ORD-003674,2025-08-02,CUST-00439,Ahmed Johnson,40,Female,Latin America,Argentina,Clothing,Converse Chuck Taylor All Star,2,75.89,18.0,124.46,38.6,48.04
ORD-003675,2025-08-03,CUST-01011,Patricia King,61,Male,Latin America,Argentina,Clothing,Puma Running Shorts,4,48.72,27.0,142.26,45.2,64.3
ORD-003676,2025-08-03,CUST-00636,Charlotte Ali,34,Male,North America,USA,Clothing,Puma Running Shorts,3,37.83,0.0,113.49,32.4,36.77
ORD-003677,2025-08-03,CUST-01454,Thomas Roberts,32,Male,North America,Mexico,Home & Kitchen,Ninja Air Fryer XL,2,128.65,5.0,244.44,29.8,72.84
ORD-003678,2025-08-03,CUST-00455,Lisa Young,45,Female,Latin America,Brazil,Electronics,Ring Video Doorbell,2,155.14,0.0,310.28,15.6,48.4
ORD-003679,2025-08-03,CUST-01370,Aiden King,23,Male,North America,USA,Clothing,Adidas Ultraboost Shoes,1,176.99,0.0,176.99,32.6,57.7
ORD-003680,2025-08-03,CUST-00897,Jennifer White,35,Female,North America,Mexico,Electronics,Dell XPS 15 Laptop,1,1447.66,13.0,1259.46,17.3,217.89
ORD-003681,2025-08-03,CUST-00684,Jessica Jackson,18,Female,North America,USA,Clothing,Nike Air Max 270,3,135.73,6.0,382.76,45.5,174.16
ORD-003682,2025-08-03,CUST-01471,Sophia Chen,27,Male,Asia Pacific,Australia,Clothing,Calvin Klein Underwear Set,1,54.05,26.0,40.0,39.3,15.72
ORD-003683,2025-08-03,CUST-01331,Rafael Hall,18,Male,Europe,Spain,Clothing,Tommy Hilfiger Polo Shirt,1,95.14,0.0,95.14,38.4,36.53
ORD-003684,2025-08-03,CUST-00207,Yuki Jackson,26,Male,Latin America,Argentina,Clothing,Calvin Klein Underwear Set,2,59.58,0.0,119.16,54.7,65.18
ORD-003685,2025-08-04,CUST-00396,Richard Johnson,50,Male,North America,Mexico,Beauty & Personal Care,Olaplex No.3 Hair Perfector,1,33.88,11.0,30.15,37.9,11.43
ORD-003686,2025-08-04,CUST-00093,Jennifer Santos,26,Female,North America,Canada,Beauty & Personal Care,Dyson Airwrap Styler,2,613.74,19.0,994.26,57.9,575.68
ORD-003687,2025-08-04,CUST-00421,Hana Thompson,37,Female,Asia Pacific,Australia,Electronics,iPhone 15 Pro,1,1429.72,11.0,1272.45,14.6,185.78
ORD-003688,2025-08-04,CUST-00116,Karen Santos,34,Female,Asia Pacific,India,Beauty & Personal Care,Bioderma Micellar Water 500ml,4,14.87,10.0,53.53,47.7,25.53
ORD-003689,2025-08-04,CUST-00743,Aiden Jackson,35,Male,North America,Mexico,Beauty & Personal Care,Moroccanoil Hair Oil,3,32.73,0.0,98.19,48.6,47.72
ORD-003690,2025-08-04,CUST-00919,David Scott,27,Male,Middle East,Saudi Arabia,Electronics,Bose SoundLink Speaker,1,176.23,10.0,158.61,8.5,13.48
ORD-003691,2025-08-04,CUST-01138,Lucas Roberts,31,Female,North America,Canada,Sports & Outdoors,Hydro Flask 32oz Water Bottle,3,46.13,0.0,138.39,25.5,35.29
ORD-003692,2025-08-04,CUST-00170,Mia Garcia,20,Male,Asia Pacific,Singapore,Home & Kitchen,Bamboo Cutting Board Set,1,46.42,6.0,43.63,31.9,13.92
ORD-003693,2025-08-04,CUST-00537,Fatima Taylor,28,Male,Europe,Spain,Sports & Outdoors,Foam Roller Set,3,42.96,2.0,126.3,36.3,45.85
ORD-003694,2025-08-04,CUST-01332,Muhammad Taylor,48,Female,Europe,France,Sports & Outdoors,Speedo Swim Goggles,3,40.18,21.0,95.23,18.7,17.81
ORD-003695,2025-08-04,CUST-01133,Riley Martinez,39,Female,Latin America,Colombia,Electronics,Apple MacBook Air M2,1,1133.05,9.0,1031.08,18.9,194.87
ORD-003696,2025-08-04,CUST-00797,Ana Singh,40,Female,Middle East,Saudi Arabia,Clothing,Puma Running Shorts,3,31.24,11.0,83.41,38.8,32.36
ORD-003697,2025-08-04,CUST-00182,Barbara Flores,36,Female,Asia Pacific,South Korea,Clothing,Converse Chuck Taylor All Star,4,83.58,28.0,240.71,53.4,128.54
ORD-003698,2025-08-04,CUST-00274,Sophia Walker,37,Male,Latin America,Argentina,Electronics,Sony WH-1000XM5 Headphones,2,336.65,7.0,626.17,13.7,85.79
ORD-003699,2025-08-04,CUST-00669,Ahmed Müller,54,Female,Europe,Italy,Sports & Outdoors,Foam Roller Set,1,36.52,0.0,36.52,28.0,10.23
ORD-003700,2025-08-04,CUST-00435,David Hall,27,Male,Europe,Spain,Electronics,Ring Video Doorbell,2,142.96,3.0,277.34,11.9,33.0
ORD-003701,2025-08-04,CUST-00635,Lisa Green,34,Female,Asia Pacific,Australia,Home & Kitchen,Ninja Air Fryer XL,3,174.95,8.0,482.86,22.8,110.09
ORD-003702,2025-08-04,CUST-00907,Oliver Fernandez,22,Female,Middle East,UAE,Electronics,Dell XPS 15 Laptop,2,1580.73,15.0,2687.24,8.1,217.67
ORD-003703,2025-08-04,CUST-00549,Fatima Taylor,18,Male,Latin America,Colombia,Sports & Outdoors,Spalding NBA Basketball,2,37.8,21.0,59.72,27.9,16.66
ORD-003704,2025-08-04,CUST-01139,Liam Torres,18,Female,North America,USA,Beauty & Personal Care,Olaplex No.3 Hair Perfector,5,44.43,0.0,222.15,36.5,81.08
ORD-003705,2025-08-04,CUST-00836,Fatima Santos,66,Female,Europe,Spain,Sports & Outdoors,Foam Roller Set,1,49.27,0.0,49.27,18.4,9.07
ORD-003706,2025-08-05,CUST-00527,Michael Fernandez,42,Male,Latin America,Colombia,Sports & Outdoors,Garmin GPS Running Watch,1,316.08,10.0,284.47,35.6,101.27
ORD-003707,2025-08-05,CUST-00900,Mia Ahmed,28,Female,Asia Pacific,Australia,Clothing,Ray-Ban Aviator Sunglasses,4,178.58,0.0,714.32,32.8,234.3
ORD-003708,2025-08-05,CUST-01311,William Allen,42,Male,North America,Mexico,Electronics,Bose SoundLink Speaker,1,200.78,12.0,176.69,19.9,35.16
ORD-003709,2025-08-05,CUST-01566,Patricia Torres,32,Female,Middle East,UAE,Clothing,Gucci Belt,1,519.97,19.0,421.18,31.4,132.25
ORD-003710,2025-08-05,CUST-00322,Ava Adams,32,Male,Latin America,Colombia,Sports & Outdoors,Hydro Flask 32oz Water Bottle,3,64.4,23.0,148.76,19.7,29.31
ORD-003711,2025-08-05,CUST-00244,Sophia Nguyen,41,Female,Middle East,Saudi Arabia,Clothing,Levi's 501 Jeans,3,86.19,20.0,206.86,42.6,88.12
ORD-003712,2025-08-05,CUST-00821,Sarah Baker,32,Female,Latin America,Brazil,Sports & Outdoors,Trek FX3 Bicycle,1,925.21,6.0,869.7,28.6,248.73
ORD-003713,2025-08-05,CUST-00483,Mary Carter,34,Male,Latin America,Argentina,Sports & Outdoors,Spalding NBA Basketball,2,53.93,22.0,84.13,24.9,20.95
ORD-003714,2025-08-05,CUST-01177,Sarah Chen,36,Female,Middle East,Saudi Arabia,Home & Kitchen,Nespresso Vertuo Coffee Machine,1,250.81,10.0,225.73,20.9,47.18
ORD-003715,2025-08-05,CUST-01369,Ethan Green,21,Male,Latin America,Colombia,Beauty & Personal Care,Philips Norelco Shaver,2,104.15,11.0,185.39,53.7,99.55
ORD-003716,2025-08-05,CUST-00188,Michael Carter,35,Female,Asia Pacific,Japan,Clothing,H&M Cotton T-Shirt Pack,2,34.46,0.0,68.92,52.7,36.32
ORD-003717,2025-08-05,CUST-00817,Rafael Brown,30,Male,Middle East,UAE,Beauty & Personal Care,Neutrogena SPF 50 Sunscreen,3,25.28,10.0,68.26,49.2,33.58
ORD-003718,2025-08-05,CUST-00306,David Jackson,44,Female,Middle East,Qatar,Beauty & Personal Care,Bath & Body Works Candle Set,1,35.59,0.0,35.59,54.4,19.36
ORD-003719,2025-08-05,CUST-01774,William Wright,26,Male,Latin America,Brazil,Electronics,Sony WH-1000XM5 Headphones,1,396.82,12.0,349.2,12.3,42.95
ORD-003720,2025-08-05,CUST-01545,Oliver Adams,41,Female,Middle East,Qatar,Home & Kitchen,Dyson V15 Vacuum,3,730.37,8.0,2015.82,20.7,417.27
ORD-003721,2025-08-05,CUST-00119,Richard Johnson,37,Male,North America,USA,Home & Kitchen,KitchenAid Stand Mixer,2,427.68,0.0,855.36,24.9,212.98
ORD-003722,2025-08-06,CUST-00125,Sofia Ahmed,47,Female,Europe,UK,Home & Kitchen,Smart Thermostat Google Nest,2,159.09,16.0,267.27,27.2,72.7
ORD-003723,2025-08-06,CUST-00206,Amelia Lee,18,Female,Latin America,Colombia,Electronics,Samsung Galaxy S24,1,1114.16,0.0,1114.16,18.0,200.55
ORD-003724,2025-08-06,CUST-01717,Priya Müller,23,Female,Asia Pacific,Australia,Electronics,Canon EOS R50 Camera,2,950.5,14.0,1634.86,10.3,168.39
ORD-003725,2025-08-06,CUST-00272,Charlotte Chen,35,Male,North America,Canada,Home & Kitchen,Ninja Air Fryer XL,1,117.58,9.0,107.0,25.5,27.29
ORD-003726,2025-08-06,CUST-00832,Oliver Schmidt,27,Male,Latin America,Argentina,Clothing,H&M Cotton T-Shirt Pack,1,42.21,13.0,36.72,53.7,19.72
ORD-003727,2025-08-06,CUST-01549,Mary King,53,Male,Europe,Spain,Sports & Outdoors,Fitbit Charge 6,3,174.35,20.0,418.44,27.1,113.4
ORD-003728,2025-08-06,CUST-00878,Rafael Martin,18,Male,Middle East,Saudi Arabia,Clothing,Uniqlo Down Jacket,1,101.85,28.0,73.33,54.2,39.74
ORD-003729,2025-08-06,CUST-00714,Lucas Lopez,22,Male,Latin America,Argentina,Sports & Outdoors,Coleman 4-Person Camping Tent,2,184.43,0.0,368.86,29.2,107.71
ORD-003730,2025-08-06,CUST-00868,James Hall,32,Male,Asia Pacific,Singapore,Electronics,Samsung Galaxy S24,1,1206.82,1.0,1194.75,19.3,230.59
ORD-003731,2025-08-06,CUST-00860,Susan Harris,59,Male,Latin America,Brazil,Beauty & Personal Care,CeraVe Moisturizing Cream,2,27.17,20.0,43.47,52.3,22.73
ORD-003732,2025-08-06,CUST-01774,William Wright,26,Male,Latin America,Brazil,Clothing,Adidas Ultraboost Shoes,3,210.02,0.0,630.06,37.1,233.75
ORD-003733,2025-08-06,CUST-01271,Carlos Martinez,30,Female,Latin America,Argentina,Clothing,Puma Running Shorts,3,32.34,0.0,97.02,30.3,29.4
ORD-003734,2025-08-06,CUST-00572,Robert Lopez,34,Female,Middle East,Qatar,Home & Kitchen,Smart Thermostat Google Nest,1,169.38,12.0,149.05,35.4,52.76
ORD-003735,2025-08-07,CUST-00946,Wei Hall,66,Female,North America,Canada,Electronics,Ring Video Doorbell,1,173.82,9.0,158.18,18.3,28.95
ORD-003736,2025-08-07,CUST-01040,Ava Fernandez,26,Male,Latin America,Brazil,Home & Kitchen,Bamboo Cutting Board Set,2,47.44,14.0,81.6,24.5,19.99
ORD-003737,2025-08-07,CUST-00772,Barbara Garcia,18,Female,Latin America,Colombia,Electronics,Ring Video Doorbell,2,184.14,1.0,364.6,13.4,48.86
ORD-003738,2025-08-07,CUST-01283,Sarah Dupont,18,Male,Latin America,Brazil,Electronics,Kindle Paperwhite,2,165.2,0.0,330.4,18.6,61.45
ORD-003739,2025-08-07,CUST-00804,Priya Flores,41,Male,Middle East,UAE,Clothing,Nike Air Max 270,4,157.08,24.0,477.52,43.7,208.68
ORD-003740,2025-08-07,CUST-01137,Carlos Lee,25,Male,Europe,UK,Clothing,Under Armour Sports Bra,2,52.12,30.0,72.97,50.7,37.0
ORD-003741,2025-08-07,CUST-01697,Layla Green,30,Female,Latin America,Argentina,Electronics,Bose SoundLink Speaker,1,212.72,0.0,212.72,18.3,38.93
ORD-003742,2025-08-07,CUST-01781,Robert Nelson,27,Male,Middle East,Qatar,Beauty & Personal Care,Fenty Beauty Foundation,3,55.42,8.0,152.96,54.6,83.52
ORD-003743,2025-08-07,CUST-00248,Zara Roberts,36,Male,Europe,Spain,Home & Kitchen,Dyson V15 Vacuum,1,729.38,0.0,729.38,33.6,245.07
ORD-003744,2025-08-07,CUST-01453,Amelia Rossi,45,Male,North America,Mexico,Sports & Outdoors,Spalding NBA Basketball,1,57.65,0.0,57.65,37.8,21.79
ORD-003745,2025-08-07,CUST-01126,Ravi Hill,45,Male,Asia Pacific,Singapore,Home & Kitchen,IKEA KALLAX Shelf Unit,2,157.85,9.0,287.29,29.2,83.89
ORD-003746,2025-08-07,CUST-01405,Lucas Thompson,58,Female,Asia Pacific,Singapore,Electronics,"LG OLED 55"" TV",1,1830.73,0.0,1830.73,19.9,364.32
ORD-003747,2025-08-07,CUST-00907,Oliver Fernandez,22,Female,Middle East,UAE,Beauty & Personal Care,Charlotte Tilbury Lipstick,4,44.85,12.0,157.87,54.5,86.04
ORD-003748,2025-08-08,CUST-00857,Linda Williams,28,Male,Asia Pacific,Japan,Clothing,Ray-Ban Aviator Sunglasses,2,165.54,19.0,268.17,45.3,121.48
ORD-003749,2025-08-08,CUST-01507,David Scott,45,Male,North America,USA,Clothing,Nike Air Max 270,3,118.57,19.0,288.13,34.2,98.54
ORD-003750,2025-08-08,CUST-01211,Charlotte Rossi,36,Female,North America,Mexico,Electronics,Apple Watch Series 9,2,563.0,9.0,1024.66,16.1,164.97
ORD-003751,2025-08-08,CUST-01335,Aiden Lee,47,Female,Latin America,Argentina,Electronics,Apple MacBook Air M2,2,1424.07,13.0,2477.88,11.3,280.0
ORD-003752,2025-08-08,CUST-00029,Noah Santos,29,Male,Latin America,Brazil,Home & Kitchen,Air Purifier HEPA,2,250.15,0.0,500.3,31.3,156.59
ORD-003753,2025-08-08,CUST-00422,Oliver Lee,32,Female,North America,Mexico,Electronics,Dell XPS 15 Laptop,2,1676.59,0.0,3353.18,13.1,439.27
ORD-003754,2025-08-08,CUST-01540,Aiden Davis,28,Female,North America,Canada,Electronics,iPhone 15 Pro,2,1323.77,0.0,2647.54,16.6,439.49
ORD-003755,2025-08-08,CUST-01089,Ethan Walker,42,Female,North America,Canada,Electronics,Canon EOS R50 Camera,2,835.46,6.0,1570.66,11.3,177.48
ORD-003756,2025-08-08,CUST-00364,Harry Johnson,28,Male,Latin America,Argentina,Home & Kitchen,Instant Pot Duo 7-in-1,1,111.25,5.0,105.69,26.5,28.01
ORD-003757,2025-08-08,CUST-01773,Laila Hill,26,Male,North America,Canada,Electronics,Canon EOS R50 Camera,1,865.98,12.0,762.06,14.2,108.21
ORD-003758,2025-08-08,CUST-00130,Harry Dupont,75,Female,Middle East,Saudi Arabia,Electronics,"LG OLED 55"" TV",2,1796.32,14.0,3089.67,19.1,590.13
ORD-003759,2025-08-08,CUST-01179,Oliver Hill,42,Female,Europe,Netherlands,Electronics,Kindle Paperwhite,2,157.29,0.0,314.58,16.6,52.22
ORD-003760,2025-08-08,CUST-01365,Michael Mitchell,19,Female,Asia Pacific,India,Sports & Outdoors,Camping Sleeping Bag -10°C,1,117.51,15.0,99.88,33.6,33.56
ORD-003761,2025-08-08,CUST-01104,Isabella Lee,30,Male,Asia Pacific,Singapore,Electronics,iPad Pro 11-inch,1,1203.77,0.0,1203.77,16.8,202.23
ORD-003762,2025-08-08,CUST-01664,Mia Scott,32,Male,Middle East,UAE,Beauty & Personal Care,Philips Norelco Shaver,5,159.33,18.0,653.25,54.9,358.63
ORD-003763,2025-08-08,CUST-00178,Ethan Adams,38,Female,Latin America,Colombia,Electronics,Bose SoundLink Speaker,1,263.11,5.0,249.95,10.0,25.0
ORD-003764,2025-08-08,CUST-00093,Jennifer Santos,26,Female,North America,Canada,Sports & Outdoors,Speedo Swim Goggles,1,25.09,0.0,25.09,36.5,9.16
ORD-003765,2025-08-08,CUST-00110,Riley Harris,24,Male,Middle East,Qatar,Electronics,Kindle Paperwhite,1,125.0,16.0,105.0,13.7,14.38
ORD-003766,2025-08-09,CUST-00161,Chen Rossi,54,Female,North America,USA,Beauty & Personal Care,Moroccanoil Hair Oil,3,30.6,13.0,79.87,41.6,33.23
ORD-003767,2025-08-09,CUST-01171,Barbara Chen,39,Male,Middle East,UAE,Clothing,Gucci Belt,1,444.77,2.0,435.87,49.4,215.32
ORD-003768,2025-08-09,CUST-01211,Charlotte Rossi,36,Female,North America,Mexico,Electronics,Ring Video Doorbell,1,167.35,15.0,142.25,17.0,24.18
ORD-003769,2025-08-09,CUST-01531,Jennifer Walker,30,Male,Europe,Italy,Clothing,Nike Air Max 270,2,168.17,19.0,272.44,47.1,128.32
ORD-003770,2025-08-09,CUST-00287,Ana Garcia,27,Female,Middle East,UAE,Home & Kitchen,LED Desk Lamp with USB,3,56.1,0.0,168.3,39.2,65.97
ORD-003771,2025-08-09,CUST-00084,James Carter,31,Female,Asia Pacific,Japan,Clothing,Uniqlo Down Jacket,4,137.19,8.0,504.86,52.0,262.53
ORD-003772,2025-08-09,CUST-01587,Thomas Khan,34,Female,Latin America,Argentina,Electronics,Sony WH-1000XM5 Headphones,2,383.22,0.0,766.44,12.0,91.97
ORD-003773,2025-08-09,CUST-00449,Wei Fernandez,42,Female,North America,Mexico,Clothing,H&M Cotton T-Shirt Pack,4,38.89,0.0,155.56,39.7,61.76
ORD-003774,2025-08-09,CUST-01701,Isabella Scott,33,Female,Middle East,UAE,Sports & Outdoors,Resistance Bands Set,1,36.34,10.0,32.71,33.9,11.09
ORD-003775,2025-08-09,CUST-00488,Lisa Ali,39,Male,Europe,Netherlands,Beauty & Personal Care,Fenty Beauty Foundation,4,45.43,16.0,152.64,38.9,59.38
ORD-003776,2025-08-09,CUST-01135,Laila White,33,Male,North America,Canada,Home & Kitchen,Smart Thermostat Google Nest,3,194.57,0.0,583.71,33.8,197.29
ORD-003777,2025-08-09,CUST-01572,Jennifer Williams,32,Female,Middle East,UAE,Electronics,"LG OLED 55"" TV",2,1572.87,15.0,2673.88,10.0,267.39
ORD-003778,2025-08-10,CUST-01533,Riley Adams,40,Female,Europe,Netherlands,Sports & Outdoors,Bowflex SelectTech Dumbbells,1,388.18,4.0,372.65,25.6,95.4
ORD-003779,2025-08-10,CUST-00880,Laila Dupont,18,Male,Latin America,Colombia,Electronics,iPad Pro 11-inch,1,921.83,0.0,921.83,10.6,97.71
ORD-003780,2025-08-10,CUST-01722,Ali Lopez,30,Male,Asia Pacific,India,Home & Kitchen,Smart Thermostat Google Nest,3,201.34,9.0,549.66,30.6,168.2
ORD-003781,2025-08-10,CUST-01031,Ahmed Jones,26,Male,Latin America,Argentina,Clothing,Zara Wool Coat,1,237.75,15.0,202.09,49.2,99.43
ORD-003782,2025-08-10,CUST-00115,Emma White,40,Female,North America,Canada,Sports & Outdoors,Garmin GPS Running Watch,2,385.42,2.0,755.42,35.2,265.91
ORD-003783,2025-08-10,CUST-00353,Noah Roberts,39,Male,Europe,Italy,Home & Kitchen,Instant Pot Duo 7-in-1,2,108.57,0.0,217.14,28.9,62.75
ORD-003784,2025-08-10,CUST-00660,Ali Jackson,20,Male,Latin America,Colombia,Beauty & Personal Care,Tatcha Rice Wash Cleanser,5,48.52,0.0,242.6,45.9,111.35
ORD-003785,2025-08-10,CUST-01494,Ana Roberts,39,Female,North America,Canada,Clothing,H&M Cotton T-Shirt Pack,1,36.86,0.0,36.86,53.8,19.83
ORD-003786,2025-08-10,CUST-00666,Liam Walker,24,Male,Middle East,Qatar,Electronics,iPhone 15 Pro,1,1232.06,15.0,1047.25,16.0,167.56
ORD-003787,2025-08-10,CUST-00434,Patricia Roberts,26,Male,North America,Mexico,Sports & Outdoors,Trek FX3 Bicycle,2,863.9,0.0,1727.8,28.4,490.7
ORD-003788,2025-08-10,CUST-00738,Charles Miller,19,Male,Asia Pacific,Australia,Electronics,Kindle Paperwhite,1,133.54,2.0,130.87,13.9,18.19
ORD-003789,2025-08-10,CUST-01141,Hana Wilson,42,Male,Middle East,Saudi Arabia,Clothing,Timberland Boots,2,196.61,0.0,393.22,33.2,130.55
ORD-003790,2025-08-10,CUST-00511,Karen Nelson,65,Female,Europe,France,Home & Kitchen,LED Desk Lamp with USB,3,56.81,1.0,168.73,20.6,34.76
ORD-003791,2025-08-11,CUST-01126,Ravi Hill,45,Male,Asia Pacific,Singapore,Beauty & Personal Care,Bioderma Micellar Water 500ml,2,23.3,0.0,46.6,41.7,19.43
ORD-003792,2025-08-11,CUST-01700,Richard Flores,18,Male,North America,USA,Home & Kitchen,LED Desk Lamp with USB,3,60.97,6.0,171.94,38.3,65.85
ORD-003793,2025-08-11,CUST-01200,Ali Nelson,23,Male,Europe,Italy,Electronics,GoPro Hero 12,1,421.23,0.0,421.23,19.0,80.03
ORD-003794,2025-08-11,CUST-00431,Ethan Müller,18,Female,Europe,Italy,Clothing,Adidas Ultraboost Shoes,3,188.83,18.0,464.52,41.9,194.63
ORD-003795,2025-08-11,CUST-01368,Amelia Jackson,21,Male,Europe,Germany,Electronics,GoPro Hero 12,2,444.77,6.0,836.17,13.1,109.54
ORD-003796,2025-08-11,CUST-00871,Susan Kim,22,Male,Middle East,Qatar,Clothing,Timberland Boots,1,196.92,0.0,196.92,47.6,93.73
ORD-003797,2025-08-11,CUST-01715,Layla Khan,35,Male,Europe,Italy,Electronics,Ring Video Doorbell,2,194.78,3.0,377.87,11.6,43.83
ORD-003798,2025-08-11,CUST-01426,Lisa Patel,24,Male,Asia Pacific,India,Electronics,Samsung Galaxy S24,2,1114.68,0.0,2229.36,9.6,214.02
ORD-003799,2025-08-11,CUST-00787,Barbara Roberts,18,Female,Middle East,Saudi Arabia,Home & Kitchen,Smart Thermostat Google Nest,1,215.14,0.0,215.14,28.0,60.24
ORD-003800,2025-08-11,CUST-00728,Sofia Carter,49,Female,Europe,Italy,Electronics,iPad Pro 11-inch,1,1110.06,5.0,1054.56,14.0,147.64
ORD-003801,2025-08-11,CUST-00807,Ahmed Wilson,46,Male,Latin America,Brazil,Sports & Outdoors,Resistance Bands Set,2,26.59,1.0,52.65,29.9,15.74
ORD-003802,2025-08-11,CUST-00560,Mason Davis,43,Male,Asia Pacific,India,Electronics,Ring Video Doorbell,1,142.34,9.0,129.53,8.4,10.88
ORD-003803,2025-08-11,CUST-01198,Wei Thomas,22,Female,Middle East,Saudi Arabia,Clothing,Uniqlo Down Jacket,1,103.41,15.0,87.9,30.9,27.16
ORD-003804,2025-08-11,CUST-01728,Richard Jones,30,Male,Middle East,UAE,Beauty & Personal Care,Oral-B Electric Toothbrush Pro,2,87.12,5.0,165.53,59.1,97.83
ORD-003805,2025-08-11,CUST-01445,Sarah Davis,57,Male,Middle East,Qatar,Electronics,Ring Video Doorbell,1,163.77,10.0,147.39,11.6,17.1
ORD-003806,2025-08-11,CUST-00890,David Wright,32,Male,Europe,Germany,Beauty & Personal Care,CeraVe Moisturizing Cream,5,24.64,6.0,115.81,58.6,67.86
ORD-003807,2025-08-11,CUST-00476,Ahmed Kim,51,Female,Asia Pacific,India,Beauty & Personal Care,La Mer Moisturizing Cream,1,267.35,18.0,219.23,43.9,96.24
ORD-003808,2025-08-11,CUST-00090,Isabella Lopez,44,Male,Asia Pacific,India,Home & Kitchen,Weighted Blanket 15lbs,1,105.31,1.0,104.26,33.9,35.34
ORD-003809,2025-08-11,CUST-01247,Liam Ali,40,Female,North America,Mexico,Electronics,"LG OLED 55"" TV",1,1803.18,1.0,1785.15,14.6,260.63
ORD-003810,2025-08-12,CUST-00659,Ana Müller,49,Male,Asia Pacific,India,Electronics,GoPro Hero 12,1,487.5,2.0,477.75,12.3,58.76
ORD-003811,2025-08-12,CUST-00157,Charles Schmidt,40,Male,Asia Pacific,Japan,Home & Kitchen,Philips Hue Smart Bulb Set,3,59.86,2.0,175.99,31.6,55.61
ORD-003812,2025-08-12,CUST-00430,Joseph Wilson,46,Male,Asia Pacific,India,Sports & Outdoors,Speedo Swim Goggles,3,29.03,0.0,87.09,19.3,16.81
ORD-003813,2025-08-12,CUST-01162,Fatima Hall,48,Female,North America,USA,Beauty & Personal Care,Moroccanoil Hair Oil,5,38.22,4.0,183.46,37.9,69.53
ORD-003814,2025-08-12,CUST-00976,Thomas Chen,57,Male,Latin America,Brazil,Clothing,Tommy Hilfiger Polo Shirt,2,56.13,23.0,86.44,36.4,31.46
ORD-003815,2025-08-12,CUST-00884,Michael Schmidt,56,Female,North America,USA,Electronics,Apple MacBook Air M2,2,1323.76,4.0,2541.62,10.4,264.33
ORD-003816,2025-08-12,CUST-01192,Yuki Hall,24,Female,Europe,Italy,Electronics,Samsung Galaxy S24,1,1051.37,14.0,904.18,10.2,92.23
ORD-003817,2025-08-12,CUST-00899,Wei Singh,18,Male,Latin America,Brazil,Electronics,Sony PlayStation 5,2,659.41,0.0,1318.82,15.3,201.78
ORD-003818,2025-08-12,CUST-01061,Linda Singh,33,Male,Middle East,Saudi Arabia,Beauty & Personal Care,Bioderma Micellar Water 500ml,2,20.46,0.0,40.92,40.7,16.65
ORD-003819,2025-08-12,CUST-01269,Mary Nelson,35,Male,Latin America,Argentina,Electronics,USB-C Hub 7-in-1,1,59.72,0.0,59.72,19.4,11.59
ORD-003820,2025-08-12,CUST-01064,Wei Anderson,18,Female,Asia Pacific,South Korea,Clothing,Levi's 501 Jeans,3,89.62,8.0,247.35,53.4,132.08
ORD-003821,2025-08-12,CUST-01560,Amelia Martinez,42,Male,Middle East,UAE,Clothing,Ray-Ban Aviator Sunglasses,1,170.71,15.0,145.1,53.0,76.9
ORD-003822,2025-08-12,CUST-00417,Susan Rossi,36,Female,North America,Canada,Beauty & Personal Care,Olaplex No.3 Hair Perfector,2,37.47,18.0,61.45,41.9,25.75
ORD-003823,2025-08-12,CUST-00196,Layla Nguyen,24,Male,Middle East,UAE,Beauty & Personal Care,Oral-B Electric Toothbrush Pro,1,81.33,7.0,75.64,44.2,33.43
ORD-003824,2025-08-12,CUST-01623,Muhammad Hill,23,Male,Latin America,Brazil,Electronics,Dell XPS 15 Laptop,2,1453.76,16.0,2442.32,18.9,461.6
ORD-003825,2025-08-12,CUST-01017,Ahmed Green,29,Female,Latin America,Argentina,Sports & Outdoors,Bowflex SelectTech Dumbbells,3,383.92,13.0,1002.03,30.2,302.61
ORD-003826,2025-08-13,CUST-01054,Mason Santos,22,Female,Europe,UK,Beauty & Personal Care,Dyson Airwrap Styler,5,626.38,0.0,3131.9,56.6,1772.66
ORD-003827,2025-08-13,CUST-00489,Ava Scott,36,Female,North America,USA,Home & Kitchen,French Press Coffee Maker,1,44.53,8.0,40.97,23.9,9.79
ORD-003828,2025-08-13,CUST-00847,Susan Lopez,25,Male,North America,USA,Beauty & Personal Care,Olaplex No.3 Hair Perfector,2,44.18,8.0,81.29,40.1,32.6
ORD-003829,2025-08-13,CUST-00815,Sofia Rossi,53,Female,Latin America,Colombia,Home & Kitchen,IKEA KALLAX Shelf Unit,3,169.17,0.0,507.51,21.7,110.13
ORD-003830,2025-08-13,CUST-00619,Charles Fernandez,30,Female,Middle East,UAE,Electronics,Sony PlayStation 5,1,651.64,4.0,625.57,11.1,69.44
ORD-003831,2025-08-13,CUST-00150,Linda Roberts,27,Male,Asia Pacific,Japan,Beauty & Personal Care,CeraVe Moisturizing Cream,2,24.32,11.0,43.29,47.8,20.69
ORD-003832,2025-08-13,CUST-00664,Mary Anderson,35,Male,Europe,France,Sports & Outdoors,Camping Sleeping Bag -10°C,2,113.62,0.0,227.24,19.1,43.4
ORD-003833,2025-08-13,CUST-00934,Muhammad Lopez,45,Female,North America,Mexico,Home & Kitchen,Cuisinart 12-Piece Cookware Set,1,243.48,11.0,216.7,24.1,52.22
ORD-003834,2025-08-13,CUST-01206,Liam Mitchell,43,Male,Latin America,Argentina,Clothing,Uniqlo Down Jacket,2,145.63,0.0,291.26,48.7,141.84
ORD-003835,2025-08-13,CUST-00891,Ethan Martinez,32,Male,North America,Mexico,Beauty & Personal Care,Olaplex No.3 Hair Perfector,4,45.95,6.0,172.77,53.9,93.12
ORD-003836,2025-08-13,CUST-00702,Fatima Hall,60,Female,North America,Canada,Electronics,Canon EOS R50 Camera,2,845.34,0.0,1690.68,16.4,277.27
ORD-003837,2025-08-13,CUST-00925,Oliver Ahmed,45,Male,Asia Pacific,Australia,Beauty & Personal Care,Olaplex No.3 Hair Perfector,5,39.19,0.0,195.95,38.4,75.24
ORD-003838,2025-08-13,CUST-01627,John Taylor,18,Female,Latin America,Colombia,Clothing,Timberland Boots,4,217.07,0.0,868.28,49.8,432.4
ORD-003839,2025-08-14,CUST-00825,Priya Dupont,32,Male,Asia Pacific,South Korea,Sports & Outdoors,Wilson Tennis Racket Pro,1,215.85,16.0,181.31,31.0,56.21
ORD-003840,2025-08-14,CUST-01219,Patricia Kim,35,Female,Europe,Germany,Sports & Outdoors,Resistance Bands Set,2,33.4,4.0,64.13,29.9,19.17
ORD-003841,2025-08-14,CUST-01209,Ahmed Lopez,36,Female,Latin America,Colombia,Home & Kitchen,Ninja Air Fryer XL,3,164.84,0.0,494.52,32.8,162.2
ORD-003842,2025-08-14,CUST-00229,Harry Harris,24,Male,Europe,Spain,Clothing,Timberland Boots,2,199.05,4.0,382.18,48.3,184.59
ORD-003843,2025-08-14,CUST-01092,Joseph Ali,27,Male,Europe,Spain,Clothing,Levi's 501 Jeans,3,99.4,0.0,298.2,48.1,143.43
ORD-003844,2025-08-14,CUST-00491,Ali Miller,27,Female,Middle East,Saudi Arabia,Clothing,H&M Cotton T-Shirt Pack,1,35.14,0.0,35.14,42.6,14.97
ORD-003845,2025-08-14,CUST-01243,John Singh,18,Male,Middle East,UAE,Clothing,H&M Cotton T-Shirt Pack,3,23.87,21.0,56.57,43.9,24.83
ORD-003846,2025-08-14,CUST-00668,Joseph Singh,19,Female,Asia Pacific,Australia,Beauty & Personal Care,La Mer Moisturizing Cream,1,366.86,3.0,355.85,47.8,170.1
ORD-003847,2025-08-14,CUST-01119,Fatima Young,42,Male,Latin America,Brazil,Home & Kitchen,French Press Coffee Maker,2,44.05,3.0,85.46,28.8,24.61
ORD-003848,2025-08-14,CUST-00865,Wei Jones,43,Female,Europe,UK,Electronics,Canon EOS R50 Camera,2,843.78,15.0,1434.43,19.7,282.58
ORD-003849,2025-08-14,CUST-00042,Michael Singh,51,Male,Middle East,UAE,Beauty & Personal Care,Moroccanoil Hair Oil,1,51.71,0.0,51.71,50.9,26.32
ORD-003850,2025-08-14,CUST-01163,Ali Martin,31,Female,Europe,Netherlands,Home & Kitchen,Cuisinart 12-Piece Cookware Set,3,325.73,16.0,820.84,38.6,316.84
ORD-003851,2025-08-14,CUST-01629,Isabella White,28,Female,Europe,Netherlands,Beauty & Personal Care,Charlotte Tilbury Lipstick,3,41.63,0.0,124.89,47.6,59.45
ORD-003852,2025-08-14,CUST-01060,Sarah Jones,31,Male,Latin America,Brazil,Sports & Outdoors,Spalding NBA Basketball,3,34.63,0.0,103.89,35.3,36.67
ORD-003853,2025-08-14,CUST-00791,Mia Flores,43,Male,Middle East,UAE,Sports & Outdoors,Speedo Swim Goggles,2,34.92,4.0,67.05,32.7,21.93
ORD-003854,2025-08-14,CUST-01152,Lucas Johnson,37,Female,Europe,UK,Electronics,Ring Video Doorbell,2,237.3,12.0,417.65,19.7,82.28
ORD-003855,2025-08-15,CUST-00757,Sofia Wilson,35,Female,Latin America,Argentina,Beauty & Personal Care,Foreo LUNA Face Massager,5,154.79,2.0,758.47,54.8,415.64
ORD-003856,2025-08-15,CUST-00805,Riley Smith,49,Male,Latin America,Colombia,Beauty & Personal Care,Foreo LUNA Face Massager,3,174.72,5.0,497.95,44.2,220.09
ORD-003857,2025-08-15,CUST-01743,Riley Nguyen,18,Male,North America,Mexico,Home & Kitchen,Cuisinart 12-Piece Cookware Set,2,239.15,16.0,401.77,31.4,126.16
ORD-003858,2025-08-15,CUST-01765,Jessica Green,33,Female,Asia Pacific,Japan,Home & Kitchen,Roomba i7+ Robot Vacuum,2,938.27,0.0,1876.54,23.4,439.11
ORD-003859,2025-08-15,CUST-00758,David Martinez,41,Male,Middle East,Saudi Arabia,Electronics,GoPro Hero 12,2,446.89,13.0,777.59,11.4,88.65
ORD-003860,2025-08-15,CUST-01428,Robert Patel,31,Female,Latin America,Argentina,Home & Kitchen,IKEA KALLAX Shelf Unit,1,235.44,0.0,235.44,20.8,48.97
ORD-003861,2025-08-15,CUST-01521,Ethan Schmidt,22,Male,Middle East,UAE,Clothing,Uniqlo Down Jacket,2,135.35,26.0,200.32,44.4,88.94
ORD-003862,2025-08-15,CUST-00453,Joseph Dupont,39,Female,Europe,Spain,Electronics,Bose SoundLink Speaker,2,246.87,4.0,473.99,12.4,58.77
ORD-003863,2025-08-15,CUST-01245,Aiden Hill,37,Female,Latin America,Colombia,Beauty & Personal Care,Olaplex No.3 Hair Perfector,4,40.96,3.0,158.92,36.3,57.69
ORD-003864,2025-08-15,CUST-00344,Noah Wright,24,Female,Europe,Netherlands,Home & Kitchen,Cuisinart 12-Piece Cookware Set,3,231.82,20.0,556.37,37.5,208.64
ORD-003865,2025-08-15,CUST-00149,Barbara Anderson,29,Male,Middle East,UAE,Clothing,Calvin Klein Underwear Set,3,39.05,4.0,112.46,51.3,57.69
ORD-003866,2025-08-15,CUST-00372,Sarah Green,18,Female,Latin America,Brazil,Electronics,Ring Video Doorbell,2,156.66,0.0,313.32,14.7,46.06
ORD-003867,2025-08-15,CUST-00979,Emma Adams,28,Female,North America,USA,Clothing,Tommy Hilfiger Polo Shirt,2,67.77,6.0,127.41,39.8,50.71
ORD-003868,2025-08-15,CUST-01052,Patricia Walker,18,Female,Latin America,Brazil,Beauty & Personal Care,Philips Norelco Shaver,2,131.17,10.0,236.11,55.7,131.51
ORD-003869,2025-08-15,CUST-01104,Isabella Lee,30,Male,Asia Pacific,Singapore,Home & Kitchen,IKEA KALLAX Shelf Unit,1,223.89,19.0,181.35,21.3,38.63
ORD-003870,2025-08-15,CUST-00590,Olivia Hill,37,Female,Europe,UK,Home & Kitchen,Philips Hue Smart Bulb Set,1,72.21,13.0,62.82,27.8,17.46
ORD-003871,2025-08-15,CUST-00934,Muhammad Lopez,45,Female,North America,Mexico,Electronics,Sony WH-1000XM5 Headphones,1,361.82,0.0,361.82,18.5,66.94
ORD-003872,2025-08-15,CUST-00927,Hana Smith,38,Male,North America,Canada,Electronics,Canon EOS R50 Camera,1,859.21,7.0,799.07,18.1,144.63
ORD-003873,2025-08-15,CUST-01060,Sarah Jones,31,Male,Latin America,Brazil,Clothing,Tommy Hilfiger Polo Shirt,4,61.42,0.0,245.68,30.4,74.69
ORD-003874,2025-08-15,CUST-01157,John Miller,39,Female,North America,Canada,Beauty & Personal Care,Dyson Airwrap Styler,3,630.35,20.0,1512.84,36.3,549.16
ORD-003875,2025-08-15,CUST-00909,Charles Ahmed,37,Male,Middle East,UAE,Beauty & Personal Care,The Ordinary Serum Set,2,33.39,5.0,63.44,42.2,26.77
ORD-003876,2025-08-16,CUST-01592,Linda Wright,44,Male,Latin America,Argentina,Clothing,Levi's 501 Jeans,3,83.93,0.0,251.79,52.0,130.93
ORD-003877,2025-08-16,CUST-01376,Oliver Singh,41,Male,Europe,UK,Home & Kitchen,LED Desk Lamp with USB,3,38.2,1.0,113.45,27.2,30.86
ORD-003878,2025-08-16,CUST-00121,Carlos Thompson,24,Female,Latin America,Brazil,Electronics,Apple MacBook Air M2,1,1565.44,3.0,1518.48,8.9,135.14
ORD-003879,2025-08-16,CUST-00228,Robert Santos,57,Male,Europe,Spain,Clothing,Ray-Ban Aviator Sunglasses,1,174.5,4.0,167.52,52.1,87.28
ORD-003880,2025-08-16,CUST-00787,Barbara Roberts,18,Female,Middle East,Saudi Arabia,Beauty & Personal Care,Olaplex No.3 Hair Perfector,1,38.41,11.0,34.18,45.6,15.59
ORD-003881,2025-08-16,CUST-01136,Liam King,26,Male,Middle East,Saudi Arabia,Home & Kitchen,Weighted Blanket 15lbs,3,88.36,10.0,238.57,39.0,93.04
ORD-003882,2025-08-16,CUST-00179,Ava Jackson,25,Male,Europe,Italy,Clothing,Gucci Belt,1,442.98,0.0,442.98,31.3,138.65
ORD-003883,2025-08-16,CUST-00229,Harry Harris,24,Male,Europe,Spain,Clothing,Timberland Boots,1,177.92,3.0,172.58,35.7,61.61
ORD-003884,2025-08-16,CUST-01334,James Rossi,24,Male,Middle East,Saudi Arabia,Home & Kitchen,Ninja Air Fryer XL,1,120.45,15.0,102.38,20.8,21.3
ORD-003885,2025-08-16,CUST-01412,Thomas Nelson,52,Female,Latin America,Brazil,Home & Kitchen,Ninja Air Fryer XL,3,128.95,16.0,324.95,26.4,85.79
ORD-003886,2025-08-16,CUST-00511,Karen Nelson,65,Female,Europe,France,Electronics,Apple MacBook Air M2,2,1492.77,0.0,2985.54,18.8,561.28
ORD-003887,2025-08-16,CUST-00890,David Wright,32,Male,Europe,Germany,Clothing,Zara Wool Coat,1,179.89,0.0,179.89,36.5,65.66
ORD-003888,2025-08-16,CUST-00547,Lucas Scott,42,Male,Europe,France,Clothing,Uniqlo Down Jacket,4,136.2,17.0,452.18,51.8,234.23
ORD-003889,2025-08-16,CUST-01252,William Williams,40,Male,Middle East,Qatar,Clothing,Uniqlo Down Jacket,2,131.95,16.0,221.68,51.2,113.5
ORD-003890,2025-08-16,CUST-01159,Karen Mitchell,26,Female,Europe,Germany,Sports & Outdoors,Trek FX3 Bicycle,2,921.63,17.0,1529.91,26.2,400.84
ORD-003891,2025-08-16,CUST-01683,Richard Wang,41,Female,Europe,France,Beauty & Personal Care,Bath & Body Works Candle Set,5,41.59,5.0,197.55,36.3,71.71
ORD-003892,2025-08-16,CUST-00625,Laila Dupont,35,Female,Asia Pacific,Japan,Home & Kitchen,Nespresso Vertuo Coffee Machine,2,261.81,12.0,460.79,26.6,122.57
ORD-003893,2025-08-16,CUST-01572,Jennifer Williams,32,Female,Middle East,UAE,Electronics,Apple Watch Series 9,2,511.99,16.0,860.14,17.3,148.8
ORD-003894,2025-08-17,CUST-01393,Sophia Flores,40,Male,Middle East,Qatar,Home & Kitchen,Bamboo Cutting Board Set,3,39.21,7.0,109.4,37.2,40.7
ORD-003895,2025-08-17,CUST-00734,Hana Nelson,31,Male,Europe,Netherlands,Home & Kitchen,Ninja Air Fryer XL,3,155.33,16.0,391.43,24.7,96.68
ORD-003896,2025-08-17,CUST-00344,Noah Wright,24,Female,Europe,Netherlands,Clothing,Timberland Boots,3,211.52,25.0,475.92,53.0,252.24
ORD-003897,2025-08-17,CUST-01317,Jennifer Garcia,28,Female,North America,USA,Electronics,Apple Watch Series 9,1,583.88,16.0,490.46,14.1,69.15
ORD-003898,2025-08-17,CUST-00549,Fatima Taylor,18,Male,Latin America,Colombia,Clothing,Puma Running Shorts,1,42.14,27.0,30.76,47.8,14.7
ORD-003899,2025-08-17,CUST-00180,Robert Young,28,Male,Latin America,Colombia,Home & Kitchen,Smart Thermostat Google Nest,3,185.1,0.0,555.3,22.2,123.28
ORD-003900,2025-08-17,CUST-01107,Ethan Hall,39,Female,Latin America,Brazil,Clothing,Nike Air Max 270,3,148.94,8.0,411.07,37.9,155.8
ORD-003901,2025-08-17,CUST-00487,Sophia Green,21,Female,Middle East,UAE,Beauty & Personal Care,Charlotte Tilbury Lipstick,3,46.72,3.0,135.96,59.3,80.62
ORD-003902,2025-08-17,CUST-01403,Wei Chen,18,Female,Asia Pacific,Australia,Beauty & Personal Care,La Mer Moisturizing Cream,1,344.68,2.0,337.79,49.2,166.19
ORD-003903,2025-08-17,CUST-00797,Ana Singh,40,Female,Middle East,Saudi Arabia,Clothing,Converse Chuck Taylor All Star,3,81.81,16.0,206.16,53.4,110.09
ORD-003904,2025-08-17,CUST-01476,Chen White,32,Male,Europe,Italy,Electronics,Dell XPS 15 Laptop,2,1435.89,0.0,2871.78,18.5,531.28
ORD-003905,2025-08-17,CUST-01093,William Baker,18,Female,Asia Pacific,Japan,Electronics,iPhone 15 Pro,2,1116.4,5.0,2121.16,17.4,369.08
ORD-003906,2025-08-17,CUST-01326,Priya Brown,30,Female,Middle East,Saudi Arabia,Clothing,Tommy Hilfiger Polo Shirt,2,86.56,10.0,155.81,53.8,83.83
ORD-003907,2025-08-17,CUST-00416,Susan Nguyen,39,Male,Latin America,Colombia,Sports & Outdoors,TRX Suspension Trainer,2,207.11,9.0,376.94,28.7,108.18
ORD-003908,2025-08-17,CUST-00007,Jennifer Scott,29,Male,Europe,France,Electronics,iPhone 15 Pro,1,1315.07,14.0,1130.96,19.3,218.28
ORD-003909,2025-08-18,CUST-00851,Carlos Jones,55,Male,Latin America,Brazil,Beauty & Personal Care,Bath & Body Works Candle Set,1,50.7,0.0,50.7,58.9,29.86
ORD-003910,2025-08-18,CUST-01096,Ethan Harris,23,Female,Middle East,UAE,Clothing,Levi's 501 Jeans,3,75.21,6.0,212.09,41.4,87.81
ORD-003911,2025-08-18,CUST-00816,Layla Miller,41,Male,Asia Pacific,Singapore,Home & Kitchen,Air Purifier HEPA,2,275.58,6.0,518.09,33.9,175.63
ORD-003912,2025-08-18,CUST-01647,Carlos Ali,36,Male,Asia Pacific,Australia,Clothing,Levi's 501 Jeans,1,92.46,15.0,78.59,53.1,41.73
ORD-003913,2025-08-18,CUST-01796,John Davis,45,Female,Latin America,Brazil,Clothing,Puma Running Shorts,4,39.55,24.0,120.23,53.4,64.2
ORD-003914,2025-08-18,CUST-01008,Sophia Lopez,50,Male,Asia Pacific,South Korea,Home & Kitchen,Dyson V15 Vacuum,1,759.22,0.0,759.22,38.6,293.06
ORD-003915,2025-08-18,CUST-00806,Amelia Khan,43,Female,North America,Mexico,Sports & Outdoors,Spalding NBA Basketball,3,44.31,0.0,132.93,31.3,41.61
ORD-003916,2025-08-18,CUST-00860,Susan Harris,59,Male,Latin America,Brazil,Sports & Outdoors,Camping Sleeping Bag -10°C,3,105.21,16.0,265.13,37.9,100.48
ORD-003917,2025-08-18,CUST-01627,John Taylor,18,Female,Latin America,Colombia,Electronics,Sony WH-1000XM5 Headphones,2,343.79,11.0,611.95,12.9,78.94
ORD-003918,2025-08-18,CUST-01758,Sarah Jackson,38,Female,Europe,Germany,Sports & Outdoors,Yoga Mat Premium Non-Slip,3,76.74,1.0,227.92,34.4,78.4
ORD-003919,2025-08-18,CUST-01679,Mia Chen,18,Male,Europe,Netherlands,Clothing,Nike Air Max 270,2,128.91,24.0,195.94,51.0,99.93
ORD-003920,2025-08-18,CUST-01534,Richard Lee,18,Male,Middle East,Qatar,Electronics,iPhone 15 Pro,1,1142.99,0.0,1142.99,18.2,208.02
ORD-003921,2025-08-18,CUST-00810,William Nguyen,31,Male,Asia Pacific,Singapore,Sports & Outdoors,Foam Roller Set,3,50.41,22.0,117.96,28.4,33.5
ORD-003922,2025-08-18,CUST-00658,Susan Martin,40,Male,Middle East,Saudi Arabia,Sports & Outdoors,Yoga Mat Premium Non-Slip,3,55.43,1.0,164.63,34.2,56.3
ORD-003923,2025-08-18,CUST-00231,Linda Singh,19,Male,Latin America,Argentina,Electronics,Bose SoundLink Speaker,2,210.31,0.0,420.62,15.9,66.88
ORD-003924,2025-08-18,CUST-00419,Hana Mitchell,38,Female,Asia Pacific,India,Sports & Outdoors,Speedo Swim Goggles,3,30.05,12.0,79.33,30.1,23.88
ORD-003925,2025-08-18,CUST-00621,Laila Chen,19,Female,Asia Pacific,South Korea,Sports & Outdoors,Fitbit Charge 6,1,201.6,20.0,161.28,22.6,36.45
ORD-003926,2025-08-18,CUST-01796,John Davis,45,Female,Latin America,Brazil,Sports & Outdoors,Camping Sleeping Bag -10°C,2,97.32,24.0,147.93,24.0,35.5
ORD-003927,2025-08-19,CUST-01532,Mary Davis,53,Female,Europe,Italy,Home & Kitchen,LED Desk Lamp with USB,2,43.73,6.0,82.21,28.3,23.27
ORD-003928,2025-08-19,CUST-00971,Karen Flores,41,Female,Asia Pacific,South Korea,Electronics,USB-C Hub 7-in-1,2,84.15,2.0,164.93,19.2,31.67
ORD-003929,2025-08-19,CUST-01588,Ahmed Nguyen,25,Female,Middle East,Saudi Arabia,Electronics,Sony PlayStation 5,2,681.4,5.0,1294.66,9.1,117.81
ORD-003930,2025-08-19,CUST-01672,Noah Smith,55,Female,Latin America,Argentina,Electronics,iPhone 15 Pro,1,1132.21,0.0,1132.21,18.0,203.8
ORD-003931,2025-08-19,CUST-01568,Sophia Ali,26,Female,Latin America,Argentina,Clothing,Gucci Belt,1,361.32,26.0,267.38,39.9,106.68
ORD-003932,2025-08-19,CUST-01662,Sofia Brown,29,Male,Middle East,UAE,Clothing,Converse Chuck Taylor All Star,3,83.1,28.0,179.5,48.8,87.6
ORD-003933,2025-08-19,CUST-01455,Muhammad Martin,31,Male,Asia Pacific,India,Sports & Outdoors,Speedo Swim Goggles,1,33.82,12.0,29.76,18.2,5.42
ORD-003934,2025-08-19,CUST-01686,Richard Johnson,38,Male,Latin America,Brazil,Sports & Outdoors,Hydro Flask 32oz Water Bottle,2,46.72,0.0,93.44,37.2,34.76
ORD-003935,2025-08-19,CUST-01244,Sophia Patel,40,Female,Asia Pacific,Australia,Home & Kitchen,Smart Thermostat Google Nest,1,177.78,12.0,156.45,35.5,55.54
ORD-003936,2025-08-19,CUST-01514,Charles Green,18,Male,Europe,Italy,Beauty & Personal Care,Bioderma Micellar Water 500ml,3,17.95,10.0,48.47,59.0,28.6
ORD-003937,2025-08-19,CUST-00935,Ali Adams,27,Female,Asia Pacific,Singapore,Clothing,Nike Air Max 270,1,119.95,0.0,119.95,39.3,47.14
ORD-003938,2025-08-19,CUST-01563,Charlotte Hill,38,Male,Middle East,UAE,Home & Kitchen,LED Desk Lamp with USB,2,40.7,7.0,75.7,28.7,21.73
ORD-003939,2025-08-19,CUST-01580,Charlotte Rossi,28,Male,Middle East,Saudi Arabia,Clothing,Puma Running Shorts,2,45.28,22.0,70.64,53.9,38.07
ORD-003940,2025-08-19,CUST-01145,Charlotte Lopez,44,Female,Europe,Spain,Clothing,Calvin Klein Underwear Set,4,35.03,20.0,112.1,40.8,45.74
ORD-003941,2025-08-19,CUST-01651,Ethan Mitchell,33,Female,Europe,UK,Electronics,Sony PlayStation 5,1,693.2,16.0,582.29,17.3,100.74
ORD-003942,2025-08-19,CUST-00293,Zara Singh,22,Male,Europe,France,Electronics,Apple Watch Series 9,2,599.56,0.0,1199.12,10.6,127.11
ORD-003943,2025-08-19,CUST-00626,Ethan Nelson,19,Male,North America,USA,Home & Kitchen,Roomba i7+ Robot Vacuum,2,734.63,0.0,1469.26,31.1,456.94
ORD-003944,2025-08-19,CUST-00366,Riley Wang,33,Male,Middle East,Qatar,Electronics,iPhone 15 Pro,1,1332.6,14.0,1146.04,19.7,225.77
ORD-003945,2025-08-20,CUST-00649,Riley Nguyen,63,Female,Latin America,Brazil,Home & Kitchen,Philips Hue Smart Bulb Set,1,86.01,13.0,74.83,32.0,23.95
ORD-003946,2025-08-20,CUST-00687,Noah Smith,36,Male,Middle East,UAE,Home & Kitchen,Instant Pot Duo 7-in-1,1,112.59,10.0,101.33,27.6,27.97
ORD-003947,2025-08-20,CUST-00122,Priya Taylor,36,Male,Europe,Spain,Beauty & Personal Care,Dyson Airwrap Styler,1,617.5,0.0,617.5,36.6,226.0
ORD-003948,2025-08-20,CUST-00780,Linda Wilson,39,Male,Middle East,Saudi Arabia,Clothing,Converse Chuck Taylor All Star,3,93.65,26.0,207.9,49.8,103.53
ORD-003949,2025-08-20,CUST-00157,Charles Schmidt,40,Male,Asia Pacific,Japan,Electronics,Kindle Paperwhite,2,124.25,16.0,208.74,19.9,41.54
ORD-003950,2025-08-20,CUST-01156,John Ali,41,Female,North America,USA,Sports & Outdoors,Hydro Flask 32oz Water Bottle,3,53.65,0.0,160.95,27.6,44.42
ORD-003951,2025-08-20,CUST-01126,Ravi Hill,45,Male,Asia Pacific,Singapore,Clothing,Nike Air Max 270,3,178.96,6.0,504.67,46.2,233.16
ORD-003952,2025-08-20,CUST-00608,Laila Fernandez,34,Male,Europe,France,Electronics,Samsung Galaxy S24,2,1070.59,15.0,1820.0,19.0,345.8
ORD-003953,2025-08-20,CUST-01741,Sophia Müller,32,Male,Europe,Netherlands,Beauty & Personal Care,Foreo LUNA Face Massager,3,97.91,3.0,284.92,38.9,110.83
ORD-003954,2025-08-20,CUST-00677,Ava King,44,Female,Europe,Italy,Sports & Outdoors,Garmin GPS Running Watch,1,393.95,5.0,374.25,18.9,70.73
ORD-003955,2025-08-20,CUST-00742,Mia Davis,64,Female,Asia Pacific,India,Clothing,Gucci Belt,4,381.25,29.0,1082.75,39.0,422.27
ORD-003956,2025-08-20,CUST-00182,Barbara Flores,36,Female,Asia Pacific,South Korea,Clothing,Tommy Hilfiger Polo Shirt,4,83.79,22.0,261.42,53.3,139.34
ORD-003957,2025-08-20,CUST-01262,Chen Martinez,32,Female,North America,USA,Beauty & Personal Care,Foreo LUNA Face Massager,3,102.23,1.0,303.62,38.2,115.98
ORD-003958,2025-08-20,CUST-00179,Ava Jackson,25,Male,Europe,Italy,Sports & Outdoors,Trek FX3 Bicycle,1,1084.42,6.0,1019.35,24.0,244.64
ORD-003959,2025-08-20,CUST-01192,Yuki Hall,24,Female,Europe,Italy,Electronics,Apple MacBook Air M2,2,1577.59,6.0,2965.87,16.6,492.33
ORD-003960,2025-08-21,CUST-01645,Robert Khan,43,Male,Latin America,Colombia,Electronics,Dell XPS 15 Laptop,2,1516.09,3.0,2941.21,12.1,355.89
ORD-003961,2025-08-21,CUST-00021,Joseph Wilson,44,Female,Latin America,Argentina,Beauty & Personal Care,La Mer Moisturizing Cream,4,292.05,3.0,1133.15,57.0,645.9
ORD-003962,2025-08-21,CUST-01212,Jennifer Wilson,35,Female,North America,Canada,Home & Kitchen,Philips Hue Smart Bulb Set,3,95.66,0.0,286.98,33.0,94.7
ORD-003963,2025-08-21,CUST-01125,Priya Walker,27,Male,Asia Pacific,Japan,Electronics,"LG OLED 55"" TV",1,1654.58,0.0,1654.58,9.5,157.19
ORD-003964,2025-08-21,CUST-01105,Mia Kim,42,Male,North America,Mexico,Home & Kitchen,Nespresso Vertuo Coffee Machine,3,232.15,17.0,578.05,29.4,169.95
ORD-003965,2025-08-21,CUST-01562,Barbara Santos,25,Male,Middle East,Saudi Arabia,Home & Kitchen,Instant Pot Duo 7-in-1,1,120.21,15.0,102.18,27.4,28.0
ORD-003966,2025-08-21,CUST-01462,Yuki Flores,49,Male,North America,Mexico,Home & Kitchen,Smart Thermostat Google Nest,1,198.0,0.0,198.0,30.3,59.99
ORD-003967,2025-08-21,CUST-01430,Isabella Singh,42,Female,Asia Pacific,South Korea,Electronics,Kindle Paperwhite,1,151.65,9.0,138.0,10.6,14.63
ORD-003968,2025-08-21,CUST-01459,Amelia Allen,38,Female,Middle East,Qatar,Electronics,iPhone 15 Pro,1,1314.75,10.0,1183.28,9.0,106.5
ORD-003969,2025-08-21,CUST-00291,Michael Roberts,35,Female,Asia Pacific,Japan,Home & Kitchen,Roomba i7+ Robot Vacuum,1,957.98,0.0,957.98,37.2,356.37
ORD-003970,2025-08-21,CUST-00757,Sofia Wilson,35,Female,Latin America,Argentina,Sports & Outdoors,Resistance Bands Set,3,26.2,18.0,64.45,30.7,19.79
ORD-003971,2025-08-21,CUST-00900,Mia Ahmed,28,Female,Asia Pacific,Australia,Home & Kitchen,Ninja Air Fryer XL,3,134.21,18.0,330.16,28.4,93.77
ORD-003972,2025-08-21,CUST-00555,David Fernandez,39,Female,Europe,Spain,Beauty & Personal Care,Olaplex No.3 Hair Perfector,5,44.06,0.0,220.3,59.5,131.08
ORD-003973,2025-08-21,CUST-00049,Patricia Taylor,32,Female,Middle East,UAE,Home & Kitchen,LED Desk Lamp with USB,3,48.85,1.0,145.08,28.2,40.91
ORD-003974,2025-08-21,CUST-00692,John Thompson,51,Female,Asia Pacific,Australia,Clothing,Nike Air Max 270,3,124.59,0.0,373.77,53.2,198.85
ORD-003975,2025-08-21,CUST-00991,Charles Kim,22,Female,Latin America,Colombia,Home & Kitchen,Weighted Blanket 15lbs,3,98.91,5.0,281.89,25.5,71.88
ORD-003976,2025-08-21,CUST-00801,Harry Schmidt,18,Male,Europe,Italy,Home & Kitchen,LED Desk Lamp with USB,2,53.1,0.0,106.2,22.9,24.32
ORD-003977,2025-08-21,CUST-00527,Michael Fernandez,42,Male,Latin America,Colombia,Electronics,GoPro Hero 12,1,506.19,15.0,430.26,19.1,82.18
ORD-003978,2025-08-21,CUST-01172,Carlos Singh,33,Male,Asia Pacific,Singapore,Home & Kitchen,Roomba i7+ Robot Vacuum,2,805.27,11.0,1433.38,31.0,444.35
ORD-003979,2025-08-21,CUST-00426,Ravi Young,23,Female,Middle East,UAE,Sports & Outdoors,Fitbit Charge 6,3,198.67,3.0,578.13,35.9,207.55
ORD-003980,2025-08-21,CUST-00555,David Fernandez,39,Female,Europe,Spain,Clothing,Gucci Belt,1,439.9,0.0,439.9,49.5,217.75
ORD-003981,2025-08-21,CUST-01283,Sarah Dupont,18,Male,Latin America,Brazil,Sports & Outdoors,Resistance Bands Set,2,44.13,10.0,79.43,29.3,23.27
ORD-003982,2025-08-21,CUST-01132,Wei Patel,44,Male,Latin America,Argentina,Beauty & Personal Care,Olaplex No.3 Hair Perfector,4,40.54,0.0,162.16,41.5,67.3
ORD-003983,2025-08-21,CUST-01239,Susan Kim,18,Female,Europe,Spain,Home & Kitchen,Instant Pot Duo 7-in-1,2,112.11,17.0,186.1,31.9,59.37
ORD-003984,2025-08-22,CUST-01211,Charlotte Rossi,36,Female,North America,Mexico,Clothing,Levi's 501 Jeans,4,101.18,16.0,339.96,36.7,124.77
ORD-003985,2025-08-22,CUST-01469,Mary Roberts,45,Male,Latin America,Brazil,Home & Kitchen,Roomba i7+ Robot Vacuum,3,896.71,2.0,2636.33,29.7,782.99
ORD-003986,2025-08-22,CUST-00572,Robert Lopez,34,Female,Middle East,Qatar,Clothing,Levi's 501 Jeans,2,74.89,0.0,149.78,35.4,53.02
ORD-003987,2025-08-22,CUST-00002,Zara Hill,33,Male,North America,Mexico,Home & Kitchen,Weighted Blanket 15lbs,1,110.19,7.0,102.48,26.7,27.36
ORD-003988,2025-08-22,CUST-01117,Sarah White,32,Female,Latin America,Brazil,Clothing,Zara Wool Coat,3,227.56,0.0,682.68,46.8,319.49
ORD-003989,2025-08-22,CUST-01756,Ava Müller,31,Male,Latin America,Colombia,Clothing,Calvin Klein Underwear Set,3,35.47,21.0,84.06,47.0,39.51
ORD-003990,2025-08-22,CUST-00348,Wei Lee,28,Male,Asia Pacific,Singapore,Sports & Outdoors,Bowflex SelectTech Dumbbells,2,415.55,8.0,764.61,26.1,199.56
ORD-003991,2025-08-22,CUST-01753,Sofia Young,19,Male,Europe,UK,Beauty & Personal Care,Neutrogena SPF 50 Sunscreen,5,22.49,0.0,112.45,35.9,40.37
ORD-003992,2025-08-22,CUST-00639,Thomas Thomas,45,Female,North America,Mexico,Home & Kitchen,French Press Coffee Maker,1,42.54,1.0,42.11,28.5,12.0
ORD-003993,2025-08-22,CUST-01519,Zara Garcia,44,Female,Asia Pacific,India,Beauty & Personal Care,Tatcha Rice Wash Cleanser,4,56.31,0.0,225.24,45.9,103.39
ORD-003994,2025-08-22,CUST-01271,Carlos Martinez,30,Female,Latin America,Argentina,Beauty & Personal Care,Olaplex No.3 Hair Perfector,5,38.1,9.0,173.35,43.0,74.54
ORD-003995,2025-08-22,CUST-01205,Sofia Wang,43,Male,Europe,Italy,Clothing,Nike Air Max 270,2,129.17,0.0,258.34,50.4,130.2
ORD-003996,2025-08-22,CUST-00770,Carlos Adams,35,Male,Latin America,Argentina,Beauty & Personal Care,Fenty Beauty Foundation,1,59.42,9.0,54.07,38.4,20.76
ORD-003997,2025-08-22,CUST-01405,Lucas Thompson,58,Female,Asia Pacific,Singapore,Home & Kitchen,Smart Thermostat Google Nest,3,176.73,0.0,530.19,30.0,159.06
ORD-003998,2025-08-22,CUST-00452,Muhammad White,42,Male,Middle East,Saudi Arabia,Home & Kitchen,Nespresso Vertuo Coffee Machine,1,234.34,2.0,229.65,33.6,77.16
ORD-003999,2025-08-23,CUST-00131,Amelia Garcia,46,Male,Asia Pacific,India,Electronics,Sony PlayStation 5,1,638.55,14.0,549.15,10.5,57.66
ORD-004000,2025-08-23,CUST-00240,Wei Wang,35,Female,North America,USA,Electronics,GoPro Hero 12,2,509.12,8.0,936.78,14.6,136.77
ORD-004001,2025-08-23,CUST-00024,Layla Thompson,37,Female,Middle East,Qatar,Clothing,Nike Air Max 270,1,135.85,3.0,131.77,43.0,56.66
ORD-004002,2025-08-23,CUST-01407,Emma Scott,28,Female,North America,Canada,Clothing,Uniqlo Down Jacket,2,99.96,1.0,197.92,49.5,97.97
ORD-004003,2025-08-23,CUST-00646,Riley Johnson,57,Female,Latin America,Argentina,Home & Kitchen,Ninja Air Fryer XL,2,154.83,2.0,303.47,38.2,115.93
ORD-004004,2025-08-23,CUST-00485,Michael Carter,46,Male,Middle East,UAE,Sports & Outdoors,TRX Suspension Trainer,3,226.09,22.0,529.05,33.0,174.59
ORD-004005,2025-08-23,CUST-00946,Wei Hall,66,Female,North America,Canada,Electronics,Apple MacBook Air M2,1,1457.34,9.0,1326.18,9.7,128.64
ORD-004006,2025-08-23,CUST-00696,Ali Martin,27,Female,Latin America,Argentina,Clothing,Adidas Ultraboost Shoes,3,181.99,11.0,485.91,48.3,234.69
ORD-004007,2025-08-23,CUST-01181,Linda Khan,35,Female,North America,Mexico,Home & Kitchen,Smart Thermostat Google Nest,3,197.83,6.0,557.88,25.6,142.82
ORD-004008,2025-08-23,CUST-00502,Jennifer Fernandez,30,Female,Middle East,UAE,Beauty & Personal Care,Moroccanoil Hair Oil,1,39.84,14.0,34.26,54.8,18.77
ORD-004009,2025-08-23,CUST-00304,Lisa Martinez,24,Male,Europe,Spain,Electronics,iPad Pro 11-inch,1,1306.75,0.0,1306.75,16.3,213.0
ORD-004010,2025-08-23,CUST-00794,Harry Garcia,27,Male,North America,Mexico,Sports & Outdoors,Resistance Bands Set,1,22.05,0.0,22.05,26.9,5.93
ORD-004011,2025-08-23,CUST-01447,Liam Khan,18,Female,Latin America,Brazil,Electronics,Sony WH-1000XM5 Headphones,2,372.87,12.0,656.25,18.0,118.12
ORD-004012,2025-08-23,CUST-01192,Yuki Hall,24,Female,Europe,Italy,Clothing,Ray-Ban Aviator Sunglasses,1,191.61,0.0,191.61,32.6,62.46
ORD-004013,2025-08-23,CUST-01056,Liam Garcia,40,Male,Middle East,UAE,Sports & Outdoors,Coleman 4-Person Camping Tent,2,204.24,0.0,408.48,25.9,105.8
ORD-004014,2025-08-23,CUST-01507,David Scott,45,Male,North America,USA,Electronics,Apple MacBook Air M2,1,1342.04,2.0,1315.2,14.1,185.44
ORD-004015,2025-08-23,CUST-01624,Harry Green,26,Male,Middle East,UAE,Clothing,Gucci Belt,3,403.36,0.0,1210.08,30.4,367.86
ORD-004016,2025-08-23,CUST-01528,Jennifer Wilson,48,Female,Asia Pacific,Singapore,Electronics,Canon EOS R50 Camera,2,801.27,8.0,1474.34,12.0,176.92
ORD-004017,2025-08-23,CUST-01242,Priya Flores,42,Female,North America,Mexico,Clothing,Nike Air Max 270,4,121.76,29.0,345.8,47.2,163.22
ORD-004018,2025-08-23,CUST-01290,John Müller,29,Male,Europe,France,Home & Kitchen,Air Purifier HEPA,2,250.31,13.0,435.54,23.9,104.09
ORD-004019,2025-08-23,CUST-01347,Charlotte Dupont,33,Male,Middle East,Saudi Arabia,Home & Kitchen,Instant Pot Duo 7-in-1,2,136.93,12.0,241.0,34.3,82.66
ORD-004020,2025-08-24,CUST-01060,Sarah Jones,31,Male,Latin America,Brazil,Home & Kitchen,Smart Thermostat Google Nest,3,192.99,16.0,486.33,30.0,145.9
ORD-004021,2025-08-24,CUST-00319,Ana Anderson,41,Male,Latin America,Brazil,Beauty & Personal Care,Bath & Body Works Candle Set,2,45.06,18.0,73.9,37.7,27.86
ORD-004022,2025-08-24,CUST-01707,Hana Jones,49,Female,Middle East,UAE,Sports & Outdoors,Wilson Tennis Racket Pro,3,219.92,2.0,646.56,24.7,159.7
ORD-004023,2025-08-24,CUST-00063,Rafael Roberts,33,Male,Latin America,Colombia,Home & Kitchen,Smart Thermostat Google Nest,2,206.72,17.0,343.16,38.5,132.12
ORD-004024,2025-08-24,CUST-00546,Sarah Walker,45,Male,Europe,France,Clothing,Timberland Boots,2,191.41,0.0,382.82,46.1,176.48
ORD-004025,2025-08-24,CUST-00794,Harry Garcia,27,Male,North America,Mexico,Sports & Outdoors,Peloton Bike+,2,2797.9,21.0,4420.68,34.6,1529.56
ORD-004026,2025-08-24,CUST-00683,Chen Hill,46,Male,North America,Canada,Clothing,Puma Running Shorts,1,44.05,27.0,32.16,44.5,14.31
ORD-004027,2025-08-24,CUST-01279,David Singh,18,Male,Middle East,Saudi Arabia,Electronics,iPad Pro 11-inch,1,959.41,0.0,959.41,17.6,168.86
ORD-004028,2025-08-24,CUST-00334,Noah Martinez,22,Female,Middle East,Qatar,Electronics,GoPro Hero 12,2,493.1,14.0,848.13,11.4,96.69
ORD-004029,2025-08-24,CUST-01117,Sarah White,32,Female,Latin America,Brazil,Home & Kitchen,French Press Coffee Maker,1,42.83,9.0,38.98,38.4,14.97
ORD-004030,2025-08-24,CUST-01276,Wei Wright,19,Male,Europe,UK,Home & Kitchen,Bamboo Cutting Board Set,2,38.12,16.0,64.04,35.9,22.99
ORD-004031,2025-08-24,CUST-00466,Jessica Allen,31,Female,Latin America,Brazil,Clothing,Gucci Belt,3,427.17,0.0,1281.51,41.6,533.11
ORD-004032,2025-08-24,CUST-00927,Hana Smith,38,Male,North America,Canada,Sports & Outdoors,Bowflex SelectTech Dumbbells,2,360.53,0.0,721.06,34.5,248.77
ORD-004033,2025-08-24,CUST-01588,Ahmed Nguyen,25,Female,Middle East,Saudi Arabia,Clothing,Ray-Ban Aviator Sunglasses,1,194.88,0.0,194.88,52.9,103.09
ORD-004034,2025-08-24,CUST-00770,Carlos Adams,35,Male,Latin America,Argentina,Electronics,GoPro Hero 12,1,475.6,0.0,475.6,18.1,86.08
ORD-004035,2025-08-24,CUST-00979,Emma Adams,28,Female,North America,USA,Beauty & Personal Care,The Ordinary Serum Set,1,33.77,6.0,31.74,50.4,16.0
ORD-004036,2025-08-24,CUST-01582,Ana Scott,24,Male,Latin America,Colombia,Clothing,Zara Wool Coat,3,194.13,1.0,576.57,45.7,263.49
ORD-004037,2025-08-24,CUST-01680,Charlotte Rossi,34,Female,Europe,Italy,Electronics,Canon EOS R50 Camera,1,1027.54,12.0,904.24,9.6,86.81
ORD-004038,2025-08-24,CUST-00393,Thomas Kim,18,Female,North America,Mexico,Electronics,Ring Video Doorbell,1,154.96,0.0,154.96,15.5,24.02
ORD-004039,2025-08-24,CUST-00245,Rafael Thompson,18,Female,Asia Pacific,Singapore,Sports & Outdoors,Peloton Bike+,2,2749.04,0.0,5498.08,20.4,1121.61
ORD-004040,2025-08-24,CUST-00748,Karen White,25,Female,North America,USA,Electronics,iPad Pro 11-inch,2,967.35,0.0,1934.7,9.2,177.99
ORD-004041,2025-08-24,CUST-01054,Mason Santos,22,Female,Europe,UK,Sports & Outdoors,Camping Sleeping Bag -10°C,1,86.91,0.0,86.91,22.5,19.55
ORD-004042,2025-08-25,CUST-00693,Amelia Young,36,Male,Middle East,Saudi Arabia,Sports & Outdoors,Yoga Mat Premium Non-Slip,1,69.92,0.0,69.92,20.5,14.33
ORD-004043,2025-08-25,CUST-01025,John Jackson,18,Male,North America,USA,Electronics,Ring Video Doorbell,1,208.59,0.0,208.59,14.9,31.08
ORD-004044,2025-08-25,CUST-00570,Carlos Wright,40,Female,Middle East,Qatar,Home & Kitchen,Weighted Blanket 15lbs,3,101.53,6.0,286.31,23.7,67.86
ORD-004045,2025-08-25,CUST-00273,Michael Martin,26,Female,Asia Pacific,Japan,Electronics,iPhone 15 Pro,2,1076.85,13.0,1873.72,9.0,168.63
ORD-004046,2025-08-25,CUST-01627,John Taylor,18,Female,Latin America,Colombia,Sports & Outdoors,Peloton Bike+,3,2734.21,16.0,6890.21,37.3,2570.05
ORD-004047,2025-08-25,CUST-00856,Sofia Lopez,50,Female,Asia Pacific,Australia,Electronics,Kindle Paperwhite,1,147.16,14.0,126.56,15.9,20.12
ORD-004048,2025-08-25,CUST-01692,Yuki Martin,35,Female,Asia Pacific,India,Electronics,iPad Pro 11-inch,2,1319.28,11.0,2348.32,15.4,361.64
ORD-004049,2025-08-25,CUST-00171,Priya Torres,33,Male,Asia Pacific,India,Clothing,Under Armour Sports Bra,4,46.51,24.0,141.39,51.7,73.1
ORD-004050,2025-08-25,CUST-00365,Hana White,23,Female,North America,Mexico,Clothing,Adidas Ultraboost Shoes,1,158.54,0.0,158.54,36.9,58.5
ORD-004051,2025-08-25,CUST-00303,Ravi Rossi,32,Female,Europe,Italy,Beauty & Personal Care,Tatcha Rice Wash Cleanser,4,46.42,2.0,181.97,42.3,76.97
ORD-004052,2025-08-25,CUST-01395,Robert Wright,40,Male,North America,Mexico,Beauty & Personal Care,Dyson Airwrap Styler,5,731.95,16.0,3074.19,45.2,1389.53
ORD-004053,2025-08-25,CUST-00909,Charles Ahmed,37,Male,Middle East,UAE,Home & Kitchen,Philips Hue Smart Bulb Set,1,104.29,12.0,91.78,23.8,21.84
ORD-004054,2025-08-25,CUST-00611,Lucas Wright,52,Female,North America,Canada,Electronics,GoPro Hero 12,1,445.88,11.0,396.83,19.7,78.18
ORD-004055,2025-08-25,CUST-01294,Jessica Khan,21,Female,North America,Canada,Home & Kitchen,KitchenAid Stand Mixer,3,462.16,0.0,1386.48,34.9,483.88
ORD-004056,2025-08-25,CUST-00228,Robert Santos,57,Male,Europe,Spain,Home & Kitchen,Philips Hue Smart Bulb Set,2,75.77,2.0,148.51,35.2,52.28
ORD-004057,2025-08-25,CUST-00402,Richard Martin,30,Female,Asia Pacific,South Korea,Clothing,Puma Running Shorts,4,32.69,29.0,92.84,45.4,42.15
ORD-004058,2025-08-26,CUST-00476,Ahmed Kim,51,Female,Asia Pacific,India,Sports & Outdoors,TRX Suspension Trainer,2,172.13,11.0,306.39,24.4,74.76
ORD-004059,2025-08-26,CUST-01783,Sarah Baker,21,Male,Europe,Spain,Electronics,Apple Watch Series 9,2,548.34,7.0,1019.91,10.4,106.07
ORD-004060,2025-08-26,CUST-01624,Harry Green,26,Male,Middle East,UAE,Clothing,Calvin Klein Underwear Set,4,54.72,17.0,181.67,53.5,97.19
ORD-004061,2025-08-26,CUST-00773,Thomas Kim,18,Male,North America,Mexico,Sports & Outdoors,TRX Suspension Trainer,3,223.87,0.0,671.61,32.0,214.92
ORD-004062,2025-08-26,CUST-01505,Fatima Ahmed,42,Male,Asia Pacific,Japan,Clothing,H&M Cotton T-Shirt Pack,1,22.46,12.0,19.76,54.5,10.77
ORD-004063,2025-08-26,CUST-00216,Harry Wang,39,Female,Asia Pacific,South Korea,Home & Kitchen,IKEA KALLAX Shelf Unit,2,200.53,3.0,389.03,26.8,104.26
ORD-004064,2025-08-26,CUST-00183,Fatima Santos,41,Female,Middle East,Saudi Arabia,Home & Kitchen,Roomba i7+ Robot Vacuum,2,752.78,0.0,1505.56,26.6,400.48
ORD-004065,2025-08-26,CUST-00993,Wei Flores,46,Female,Asia Pacific,Japan,Home & Kitchen,Bamboo Cutting Board Set,3,48.02,0.0,144.06,38.0,54.74
ORD-004066,2025-08-26,CUST-01771,Lucas Wang,33,Female,Latin America,Argentina,Beauty & Personal Care,Oral-B Electric Toothbrush Pro,5,104.23,14.0,448.19,56.1,251.43
ORD-004067,2025-08-26,CUST-01520,Susan Lopez,42,Female,North America,USA,Electronics,Samsung Galaxy S24,1,1009.45,4.0,969.07,11.2,108.54
ORD-004068,2025-08-26,CUST-01190,Noah Roberts,22,Male,Europe,France,Beauty & Personal Care,Olaplex No.3 Hair Perfector,2,35.75,0.0,71.5,50.9,36.39
ORD-004069,2025-08-26,CUST-00885,Ava Kim,27,Male,Asia Pacific,India,Clothing,Tommy Hilfiger Polo Shirt,2,76.85,0.0,153.7,54.5,83.77
ORD-004070,2025-08-26,CUST-00958,Ava Jackson,23,Female,Europe,Spain,Electronics,Canon EOS R50 Camera,1,988.58,0.0,988.58,12.4,122.58
ORD-004071,2025-08-26,CUST-00953,Susan Roberts,50,Female,Asia Pacific,India,Electronics,Kindle Paperwhite,2,154.83,0.0,309.66,12.1,37.47
ORD-004072,2025-08-26,CUST-00810,William Nguyen,31,Male,Asia Pacific,Singapore,Sports & Outdoors,Wilson Tennis Racket Pro,2,183.77,0.0,367.54,34.3,126.07
ORD-004073,2025-08-26,CUST-01788,Lucas Chen,44,Female,Middle East,Saudi Arabia,Sports & Outdoors,TRX Suspension Trainer,2,192.21,6.0,361.35,35.5,128.28
ORD-004074,2025-08-27,CUST-01540,Aiden Davis,28,Female,North America,Canada,Sports & Outdoors,Speedo Swim Goggles,3,33.75,14.0,87.07,35.8,31.17
ORD-004075,2025-08-27,CUST-00497,Ava Santos,28,Female,Middle East,Qatar,Electronics,Apple Watch Series 9,2,466.83,15.0,793.61,9.0,71.42
ORD-004076,2025-08-27,CUST-00938,Olivia Carter,30,Female,Europe,France,Sports & Outdoors,Fitbit Charge 6,2,171.21,14.0,294.48,23.7,69.79
ORD-004077,2025-08-27,CUST-00206,Amelia Lee,18,Female,Latin America,Colombia,Beauty & Personal Care,Fenty Beauty Foundation,2,59.64,5.0,113.32,50.6,57.34
ORD-004078,2025-08-27,CUST-00515,Liam Chen,42,Female,Asia Pacific,Japan,Home & Kitchen,French Press Coffee Maker,2,41.15,0.0,82.3,39.0,32.1
ORD-004079,2025-08-27,CUST-00687,Noah Smith,36,Male,Middle East,UAE,Beauty & Personal Care,Bioderma Micellar Water 500ml,2,20.64,0.0,41.28,42.0,17.34
ORD-004080,2025-08-27,CUST-01359,Thomas Taylor,33,Male,Latin America,Colombia,Beauty & Personal Care,Moroccanoil Hair Oil,3,42.63,11.0,113.82,51.8,58.96
ORD-004081,2025-08-27,CUST-00518,Sophia Hall,41,Male,Middle East,Saudi Arabia,Sports & Outdoors,Bowflex SelectTech Dumbbells,3,443.02,12.0,1169.57,36.4,425.72
ORD-004082,2025-08-27,CUST-00648,John Chen,40,Male,Asia Pacific,Singapore,Electronics,Sony PlayStation 5,1,721.04,3.0,699.41,9.4,65.74
ORD-004083,2025-08-27,CUST-01768,Thomas Miller,40,Male,Middle East,UAE,Beauty & Personal Care,Bath & Body Works Candle Set,2,50.28,0.0,100.56,37.6,37.81
ORD-004084,2025-08-28,CUST-00572,Robert Lopez,34,Female,Middle East,Qatar,Electronics,Ring Video Doorbell,2,166.49,14.0,286.36,13.1,37.51
ORD-004085,2025-08-28,CUST-00031,Amelia Martinez,38,Female,North America,USA,Electronics,iPhone 15 Pro,1,1363.28,0.0,1363.28,15.0,204.49
ORD-004086,2025-08-28,CUST-00765,Lisa Nguyen,36,Male,Europe,Netherlands,Beauty & Personal Care,La Mer Moisturizing Cream,1,306.46,18.0,251.3,44.1,110.82
ORD-004087,2025-08-28,CUST-01531,Jennifer Walker,30,Male,Europe,Italy,Beauty & Personal Care,Oral-B Electric Toothbrush Pro,1,107.56,0.0,107.56,44.7,48.08
ORD-004088,2025-08-28,CUST-01539,Ali Hall,58,Female,Latin America,Brazil,Sports & Outdoors,Spalding NBA Basketball,1,56.84,5.0,54.0,31.6,17.06
ORD-004089,2025-08-28,CUST-00545,Wei Khan,19,Female,Latin America,Brazil,Home & Kitchen,LED Desk Lamp with USB,2,39.77,0.0,79.54,22.0,17.5
ORD-004090,2025-08-28,CUST-01213,William Chen,37,Female,North America,Canada,Clothing,Gucci Belt,3,494.97,12.0,1306.72,37.9,495.25
ORD-004091,2025-08-28,CUST-01126,Ravi Hill,45,Male,Asia Pacific,Singapore,Clothing,H&M Cotton T-Shirt Pack,4,22.03,15.0,74.9,32.9,24.64
ORD-004092,2025-08-28,CUST-01788,Lucas Chen,44,Female,Middle East,Saudi Arabia,Electronics,iPhone 15 Pro,2,1249.53,10.0,2249.15,15.4,346.37
ORD-004093,2025-08-28,CUST-00930,Ahmed Roberts,18,Female,North America,Mexico,Beauty & Personal Care,Fenty Beauty Foundation,2,57.89,0.0,115.78,42.1,48.74
ORD-004094,2025-08-28,CUST-01743,Riley Nguyen,18,Male,North America,Mexico,Clothing,Timberland Boots,1,193.57,6.0,181.96,43.2,78.61
ORD-004095,2025-08-28,CUST-00104,Liam Hall,25,Female,Asia Pacific,Australia,Beauty & Personal Care,Bath & Body Works Candle Set,3,52.1,0.0,156.3,53.4,83.46
ORD-004096,2025-08-28,CUST-00791,Mia Flores,43,Male,Middle East,UAE,Electronics,Apple MacBook Air M2,1,1384.05,0.0,1384.05,13.6,188.23
ORD-004097,2025-08-28,CUST-01534,Richard Lee,18,Male,Middle East,Qatar,Home & Kitchen,Philips Hue Smart Bulb Set,1,82.57,6.0,77.62,40.0,31.05
ORD-004098,2025-08-28,CUST-00023,Chen Jones,19,Female,Europe,Netherlands,Electronics,Dell XPS 15 Laptop,1,1795.16,12.0,1579.74,16.0,252.76
ORD-004099,2025-08-28,CUST-01210,Zara Taylor,53,Female,Asia Pacific,Japan,Clothing,H&M Cotton T-Shirt Pack,1,35.27,12.0,31.04,42.8,13.29
ORD-004100,2025-09-01,CUST-00302,John Nguyen,25,Female,Latin America,Brazil,Clothing,H&M Cotton T-Shirt Pack,4,34.04,0.0,136.16,43.1,58.68
ORD-004101,2025-09-01,CUST-01120,Susan Anderson,18,Male,Latin America,Brazil,Beauty & Personal Care,Moroccanoil Hair Oil,4,39.73,1.0,157.33,56.3,88.58
ORD-004102,2025-09-01,CUST-00116,Karen Santos,34,Female,Asia Pacific,India,Beauty & Personal Care,Olaplex No.3 Hair Perfector,2,43.63,9.0,79.41,39.5,31.37
ORD-004103,2025-09-01,CUST-00302,John Nguyen,25,Female,Latin America,Brazil,Clothing,Timberland Boots,1,215.2,12.0,189.38,48.7,92.23
ORD-004104,2025-09-01,CUST-00922,Sophia Chen,54,Female,Latin America,Brazil,Clothing,Calvin Klein Underwear Set,1,42.92,20.0,34.34,51.0,17.51
ORD-004105,2025-09-01,CUST-00991,Charles Kim,22,Female,Latin America,Colombia,Beauty & Personal Care,Bioderma Micellar Water 500ml,2,15.94,13.0,27.74,45.3,12.57
ORD-004106,2025-09-01,CUST-01137,Carlos Lee,25,Male,Europe,UK,Sports & Outdoors,Wilson Tennis Racket Pro,3,154.61,8.0,426.72,34.0,145.08
ORD-004107,2025-09-01,CUST-00351,Lisa Taylor,44,Female,Latin America,Colombia,Beauty & Personal Care,The Ordinary Serum Set,1,34.0,3.0,32.98,37.8,12.47
ORD-004108,2025-09-01,CUST-00615,Susan Williams,34,Male,Asia Pacific,Singapore,Sports & Outdoors,TRX Suspension Trainer,2,240.18,14.0,413.11,23.1,95.43
ORD-004109,2025-09-01,CUST-01653,Carlos Hill,45,Male,Latin America,Brazil,Beauty & Personal Care,Tatcha Rice Wash Cleanser,3,51.03,2.0,150.03,45.8,68.71
ORD-004110,2025-09-01,CUST-01727,John Müller,20,Male,Europe,UK,Home & Kitchen,Weighted Blanket 15lbs,3,75.14,1.0,223.17,31.9,71.19
ORD-004111,2025-09-01,CUST-00414,Ravi Lee,55,Male,Middle East,Qatar,Beauty & Personal Care,Bioderma Micellar Water 500ml,1,20.28,5.0,19.27,48.0,9.25
ORD-004112,2025-09-01,CUST-01632,Carlos Wilson,18,Male,Latin America,Argentina,Sports & Outdoors,Spalding NBA Basketball,1,56.09,8.0,51.6,33.3,17.18
ORD-004113,2025-09-01,CUST-01728,Richard Jones,30,Male,Middle East,UAE,Beauty & Personal Care,Dyson Airwrap Styler,1,649.39,7.0,603.93,50.0,301.96
ORD-004114,2025-09-01,CUST-00102,Amelia Wang,39,Male,Middle East,Saudi Arabia,Electronics,Apple Watch Series 9,2,511.0,5.0,970.9,15.4,149.52
ORD-004115,2025-09-01,CUST-01537,Riley Torres,42,Male,Latin America,Argentina,Beauty & Personal Care,Oral-B Electric Toothbrush Pro,1,96.86,0.0,96.86,39.9,38.65
ORD-004116,2025-09-01,CUST-01769,Liam Thomas,40,Male,Asia Pacific,Singapore,Beauty & Personal Care,Moroccanoil Hair Oil,3,50.68,4.0,145.96,52.3,76.34
ORD-004117,2025-09-01,CUST-01569,James Young,32,Female,Asia Pacific,India,Sports & Outdoors,Camping Sleeping Bag -10°C,2,102.79,0.0,205.58,25.8,53.04
ORD-004118,2025-09-01,CUST-00965,Ali Patel,38,Male,North America,Canada,Clothing,Converse Chuck Taylor All Star,2,85.32,12.0,150.16,38.2,57.36
ORD-004119,2025-09-01,CUST-00452,Muhammad White,42,Male,Middle East,Saudi Arabia,Home & Kitchen,Nespresso Vertuo Coffee Machine,3,228.1,16.0,574.81,38.7,222.45
ORD-004120,2025-09-01,CUST-01530,Hana Anderson,47,Female,North America,USA,Clothing,Uniqlo Down Jacket,1,139.83,20.0,111.86,52.4,58.61
ORD-004121,2025-09-01,CUST-00346,Linda Johnson,29,Male,Asia Pacific,India,Beauty & Personal Care,Foreo LUNA Face Massager,4,144.3,14.0,496.39,41.3,205.01
ORD-004122,2025-09-02,CUST-01350,Yuki Young,52,Female,North America,USA,Sports & Outdoors,Peloton Bike+,1,2770.07,2.0,2714.67,22.3,605.37
ORD-004123,2025-09-02,CUST-01355,Ethan Thomas,32,Female,Middle East,UAE,Home & Kitchen,LED Desk Lamp with USB,1,38.85,6.0,36.52,37.3,13.62
ORD-004124,2025-09-02,CUST-00667,Oliver Wang,27,Female,Europe,Germany,Electronics,iPad Pro 11-inch,1,1106.25,12.0,973.5,18.9,183.99
ORD-004125,2025-09-02,CUST-00355,Layla Nguyen,18,Female,Asia Pacific,Singapore,Electronics,iPhone 15 Pro,2,1414.02,0.0,2828.04,8.9,251.7
ORD-004126,2025-09-02,CUST-00306,David Jackson,44,Female,Middle East,Qatar,Electronics,Dell XPS 15 Laptop,1,1662.08,6.0,1562.36,15.7,245.29
ORD-004127,2025-09-02,CUST-00050,Oliver Lopez,39,Female,North America,Canada,Clothing,Calvin Klein Underwear Set,2,38.72,3.0,75.12,34.9,26.22
ORD-004128,2025-09-02,CUST-00365,Hana White,23,Female,North America,Mexico,Clothing,Ray-Ban Aviator Sunglasses,4,184.66,0.0,738.64,48.9,361.19
ORD-004129,2025-09-02,CUST-00205,Ali Ali,18,Male,Middle East,Saudi Arabia,Electronics,USB-C Hub 7-in-1,1,71.37,12.0,62.81,12.0,7.54
ORD-004130,2025-09-02,CUST-00694,Jennifer Singh,41,Male,North America,USA,Electronics,Sony PlayStation 5,1,634.29,1.0,627.95,16.5,103.61
ORD-004131,2025-09-02,CUST-01493,Isabella Davis,22,Female,Europe,Netherlands,Electronics,Samsung Galaxy S24,1,1285.83,0.0,1285.83,11.9,153.01
ORD-004132,2025-09-02,CUST-00300,Rafael Allen,29,Male,Latin America,Colombia,Electronics,USB-C Hub 7-in-1,1,59.09,7.0,54.95,17.3,9.51
ORD-004133,2025-09-02,CUST-00115,Emma White,40,Female,North America,Canada,Electronics,Ring Video Doorbell,1,232.72,4.0,223.41,14.4,32.17
ORD-004134,2025-09-02,CUST-00303,Ravi Rossi,32,Female,Europe,Italy,Electronics,Bose SoundLink Speaker,1,195.62,11.0,174.1,13.4,23.33
ORD-004135,2025-09-02,CUST-00638,Olivia Torres,34,Male,North America,Mexico,Electronics,iPad Pro 11-inch,2,1053.38,4.0,2022.49,9.4,190.11
ORD-004136,2025-09-02,CUST-00421,Hana Thompson,37,Female,Asia Pacific,Australia,Sports & Outdoors,Spalding NBA Basketball,1,43.99,0.0,43.99,37.2,16.36
ORD-004137,2025-09-02,CUST-00051,Barbara Jackson,25,Female,Asia Pacific,Singapore,Home & Kitchen,Instant Pot Duo 7-in-1,2,118.38,0.0,236.76,32.9,77.89
ORD-004138,2025-09-02,CUST-01764,James Torres,50,Male,Asia Pacific,India,Clothing,Gucci Belt,3,444.72,28.0,960.6,53.0,509.12
ORD-004139,2025-09-02,CUST-01264,Sofia Patel,50,Male,Middle East,Saudi Arabia,Clothing,Converse Chuck Taylor All Star,4,70.69,0.0,282.76,39.7,112.26
ORD-004140,2025-09-02,CUST-01161,Wei Roberts,25,Male,Asia Pacific,Japan,Clothing,Levi's 501 Jeans,1,71.61,21.0,56.57,35.3,19.97
ORD-004141,2025-09-03,CUST-00429,Carlos Davis,38,Female,Middle East,Qatar,Electronics,iPhone 15 Pro,1,1130.01,5.0,1073.51,10.7,114.87
ORD-004142,2025-09-03,CUST-01354,Barbara Thompson,34,Male,Europe,UK,Beauty & Personal Care,Philips Norelco Shaver,1,101.3,0.0,101.3,35.7,36.16
ORD-004143,2025-09-03,CUST-01008,Sophia Lopez,50,Male,Asia Pacific,South Korea,Sports & Outdoors,Hydro Flask 32oz Water Bottle,1,61.39,15.0,52.18,32.6,17.01
ORD-004144,2025-09-03,CUST-00319,Ana Anderson,41,Male,Latin America,Brazil,Sports & Outdoors,Hydro Flask 32oz Water Bottle,3,50.51,23.0,116.68,20.0,23.34
ORD-004145,2025-09-03,CUST-01075,Emma Nelson,25,Male,Europe,Italy,Electronics,"LG OLED 55"" TV",1,1853.55,1.0,1835.01,8.8,161.48
ORD-004146,2025-09-03,CUST-00585,Michael Hall,35,Male,Middle East,UAE,Clothing,Adidas Ultraboost Shoes,3,193.82,7.0,540.76,54.3,293.63
ORD-004147,2025-09-03,CUST-01080,Charlotte Brown,30,Female,Europe,Spain,Sports & Outdoors,Hydro Flask 32oz Water Bottle,2,55.65,18.0,91.27,28.6,26.1
ORD-004148,2025-09-03,CUST-01606,Linda Singh,18,Male,Middle East,Qatar,Home & Kitchen,Instant Pot Duo 7-in-1,1,143.43,5.0,136.26,30.1,41.01
ORD-004149,2025-09-03,CUST-00957,Harry Miller,30,Male,Europe,Spain,Clothing,Tommy Hilfiger Polo Shirt,3,67.65,0.0,202.95,46.6,94.57
ORD-004150,2025-09-03,CUST-00959,Susan Nguyen,49,Male,Europe,Italy,Electronics,Bose SoundLink Speaker,2,253.0,0.0,506.0,11.2,56.67
ORD-004151,2025-09-03,CUST-01484,Sophia Singh,52,Female,Latin America,Argentina,Sports & Outdoors,Coleman 4-Person Camping Tent,3,185.83,0.0,557.49,30.7,171.15
ORD-004152,2025-09-03,CUST-00539,Sophia Johnson,53,Female,Europe,Germany,Home & Kitchen,Cuisinart 12-Piece Cookware Set,1,276.04,5.0,262.24,30.9,81.03
ORD-004153,2025-09-03,CUST-01676,Zara Patel,22,Female,Middle East,Qatar,Clothing,H&M Cotton T-Shirt Pack,3,35.21,18.0,86.62,35.8,31.01
ORD-004154,2025-09-03,CUST-01382,Michael Khan,44,Male,Europe,Spain,Beauty & Personal Care,Philips Norelco Shaver,1,154.89,1.0,153.34,52.9,81.12
ORD-004155,2025-09-03,CUST-00065,Chen White,38,Female,Europe,France,Clothing,Under Armour Sports Bra,2,72.47,22.0,113.05,43.8,49.52
ORD-004156,2025-09-03,CUST-01291,Linda Green,26,Male,North America,Canada,Clothing,Calvin Klein Underwear Set,4,46.05,29.0,130.78,51.5,67.35
ORD-004157,2025-09-03,CUST-01051,Priya Harris,33,Male,Middle East,Saudi Arabia,Sports & Outdoors,Yoga Mat Premium Non-Slip,1,57.34,10.0,51.61,37.5,19.35
ORD-004158,2025-09-04,CUST-00342,Sarah Fernandez,62,Male,North America,USA,Clothing,Puma Running Shorts,3,51.57,20.0,123.77,35.4,43.81
ORD-004159,2025-09-04,CUST-00278,Ravi Santos,28,Male,Europe,Spain,Sports & Outdoors,Speedo Swim Goggles,2,42.84,0.0,85.68,36.0,30.84
ORD-004160,2025-09-04,CUST-00810,William Nguyen,31,Male,Asia Pacific,Singapore,Electronics,GoPro Hero 12,2,511.64,1.0,1013.05,17.4,176.27
ORD-004161,2025-09-04,CUST-01489,Wei Santos,38,Female,Middle East,Saudi Arabia,Sports & Outdoors,Spalding NBA Basketball,3,51.11,0.0,153.33,30.6,46.92
ORD-004162,2025-09-04,CUST-00905,Priya Ali,26,Male,Europe,Spain,Sports & Outdoors,Hydro Flask 32oz Water Bottle,3,52.2,0.0,156.6,28.3,44.32
ORD-004163,2025-09-04,CUST-01102,Layla Santos,40,Female,North America,Mexico,Beauty & Personal Care,Bath & Body Works Candle Set,5,36.93,7.0,171.72,39.3,67.49
ORD-004164,2025-09-04,CUST-00830,Chen Brown,19,Female,North America,USA,Home & Kitchen,Bamboo Cutting Board Set,1,40.07,18.0,32.86,27.8,9.14
ORD-004165,2025-09-04,CUST-00649,Riley Nguyen,63,Female,Latin America,Brazil,Home & Kitchen,LED Desk Lamp with USB,2,51.39,0.0,102.78,38.7,39.78
ORD-004166,2025-09-04,CUST-01241,Michael Williams,29,Female,North America,Canada,Sports & Outdoors,Wilson Tennis Racket Pro,2,178.81,0.0,357.62,28.0,100.13
ORD-004167,2025-09-04,CUST-00809,Karen Torres,31,Male,Latin America,Colombia,Home & Kitchen,Cuisinart 12-Piece Cookware Set,3,315.25,1.0,936.29,28.0,262.16
ORD-004168,2025-09-04,CUST-01011,Patricia King,61,Male,Latin America,Argentina,Electronics,Sony WH-1000XM5 Headphones,2,331.37,15.0,563.33,8.4,47.32
ORD-004169,2025-09-04,CUST-00606,Ana Wilson,47,Male,Europe,UK,Beauty & Personal Care,Oral-B Electric Toothbrush Pro,4,116.21,8.0,427.65,56.2,240.34
ORD-004170,2025-09-04,CUST-00958,Ava Jackson,23,Female,Europe,Spain,Clothing,Uniqlo Down Jacket,2,114.59,23.0,176.47,35.5,62.65
ORD-004171,2025-09-04,CUST-00360,Layla Lee,43,Female,Asia Pacific,Australia,Electronics,Samsung Galaxy S24,1,999.51,0.0,999.51,14.7,146.93
ORD-004172,2025-09-04,CUST-00176,Jennifer Harris,45,Female,Latin America,Brazil,Electronics,Ring Video Doorbell,2,150.9,11.0,268.6,9.2,24.71
ORD-004173,2025-09-04,CUST-00179,Ava Jackson,25,Male,Europe,Italy,Home & Kitchen,Dyson V15 Vacuum,1,805.45,10.0,724.91,28.4,205.87
ORD-004174,2025-09-04,CUST-00492,Carlos Patel,28,Male,North America,USA,Electronics,USB-C Hub 7-in-1,1,92.31,15.0,78.46,13.8,10.83
ORD-004175,2025-09-04,CUST-00290,Sofia Ahmed,45,Female,Middle East,Saudi Arabia,Electronics,Kindle Paperwhite,1,148.24,0.0,148.24,15.3,22.68
ORD-004176,2025-09-04,CUST-01514,Charles Green,18,Male,Europe,Italy,Electronics,GoPro Hero 12,2,482.77,3.0,936.57,11.3,105.83
ORD-004177,2025-09-04,CUST-00119,Richard Johnson,37,Male,North America,USA,Home & Kitchen,LED Desk Lamp with USB,3,48.33,14.0,124.69,22.1,27.56
ORD-004178,2025-09-04,CUST-00186,Ava Singh,44,Female,Asia Pacific,Singapore,Electronics,Kindle Paperwhite,2,143.28,8.0,263.64,8.8,23.2
ORD-004179,2025-09-04,CUST-00179,Ava Jackson,25,Male,Europe,Italy,Electronics,Ring Video Doorbell,1,232.5,2.0,227.85,11.8,26.89
ORD-004180,2025-09-04,CUST-01456,Thomas Walker,34,Female,Middle East,UAE,Beauty & Personal Care,Philips Norelco Shaver,2,100.25,18.0,164.41,47.8,78.59
ORD-004181,2025-09-05,CUST-01374,Jennifer Hill,49,Male,Europe,Germany,Clothing,Gucci Belt,1,373.34,17.0,309.87,47.2,146.26
ORD-004182,2025-09-05,CUST-00143,Michael Jackson,18,Female,Asia Pacific,South Korea,Clothing,Gucci Belt,1,530.03,13.0,461.13,47.8,220.42
ORD-004183,2025-09-05,CUST-00744,Layla Walker,33,Female,North America,Mexico,Electronics,Bose SoundLink Speaker,2,252.4,0.0,504.8,15.7,79.25
ORD-004184,2025-09-05,CUST-00165,Ravi Ali,23,Male,North America,USA,Clothing,H&M Cotton T-Shirt Pack,3,24.57,16.0,61.92,34.0,21.05
ORD-004185,2025-09-05,CUST-00387,Charlotte Adams,34,Female,North America,USA,Electronics,Kindle Paperwhite,1,163.82,6.0,153.99,13.6,20.94
ORD-004186,2025-09-05,CUST-00337,Mason Ahmed,44,Female,Asia Pacific,India,Clothing,Tommy Hilfiger Polo Shirt,4,70.73,16.0,237.65,37.8,89.83
ORD-004187,2025-09-05,CUST-01563,Charlotte Hill,38,Male,Middle East,UAE,Clothing,Converse Chuck Taylor All Star,2,71.82,24.0,109.17,54.6,59.61
ORD-004188,2025-09-05,CUST-00360,Layla Lee,43,Female,Asia Pacific,Australia,Beauty & Personal Care,Olaplex No.3 Hair Perfector,2,41.71,0.0,83.42,39.3,32.78
ORD-004189,2025-09-05,CUST-00041,Sarah Lopez,44,Female,Latin America,Brazil,Clothing,H&M Cotton T-Shirt Pack,3,38.35,17.0,95.49,54.0,51.56
ORD-004190,2025-09-05,CUST-00982,Olivia Adams,29,Female,Latin America,Argentina,Sports & Outdoors,Yoga Mat Premium Non-Slip,2,34.63,0.0,69.26,30.2,20.92
ORD-004191,2025-09-05,CUST-00924,Richard Singh,18,Male,Middle East,Saudi Arabia,Electronics,Sony WH-1000XM5 Headphones,2,304.09,4.0,583.85,11.3,65.98
ORD-004192,2025-09-05,CUST-01610,Mary Carter,28,Female,Middle East,UAE,Home & Kitchen,LED Desk Lamp with USB,1,40.97,0.0,40.97,39.2,16.06
ORD-004193,2025-09-05,CUST-00945,Wei Smith,49,Female,North America,USA,Electronics,Ring Video Doorbell,1,168.69,6.0,158.57,19.9,31.56
ORD-004194,2025-09-05,CUST-00100,Ravi Flores,44,Female,Middle East,Qatar,Clothing,Gucci Belt,1,436.16,24.0,331.48,51.8,171.71
ORD-004195,2025-09-05,CUST-01319,Riley Anderson,40,Male,North America,Mexico,Clothing,Zara Wool Coat,4,168.21,25.0,504.63,53.8,271.49
ORD-004196,2025-09-05,CUST-00602,Charlotte Anderson,18,Male,North America,Mexico,Sports & Outdoors,Camping Sleeping Bag -10°C,2,83.43,0.0,166.86,36.3,60.57
ORD-004197,2025-09-05,CUST-01021,Emma Dupont,35,Male,Latin America,Argentina,Beauty & Personal Care,Bioderma Micellar Water 500ml,1,20.75,9.0,18.88,36.2,6.83
ORD-004198,2025-09-05,CUST-00229,Harry Harris,24,Male,Europe,Spain,Electronics,USB-C Hub 7-in-1,2,50.4,14.0,86.69,13.8,11.96
ORD-004199,2025-09-05,CUST-01309,Noah Green,30,Female,North America,USA,Beauty & Personal Care,Olaplex No.3 Hair Perfector,2,46.65,16.0,78.37,46.3,36.29
ORD-004200,2025-09-05,CUST-01353,Riley Roberts,39,Female,North America,Canada,Electronics,Apple MacBook Air M2,2,1405.04,1.0,2781.98,16.1,447.9
ORD-004201,2025-09-05,CUST-00416,Susan Nguyen,39,Male,Latin America,Colombia,Beauty & Personal Care,Philips Norelco Shaver,4,127.46,14.0,438.46,52.9,231.95
ORD-004202,2025-09-05,CUST-00697,Ana Williams,20,Female,Asia Pacific,Japan,Clothing,Puma Running Shorts,4,42.4,27.0,123.81,42.6,52.74
ORD-004203,2025-09-06,CUST-00731,Karen Wang,49,Female,Middle East,UAE,Electronics,Bose SoundLink Speaker,2,222.67,0.0,445.34,15.2,67.69
ORD-004204,2025-09-06,CUST-00071,Isabella Wilson,32,Male,Latin America,Colombia,Clothing,H&M Cotton T-Shirt Pack,1,23.84,14.0,20.5,38.6,7.91
ORD-004205,2025-09-06,CUST-00924,Richard Singh,18,Male,Middle East,Saudi Arabia,Clothing,Puma Running Shorts,1,51.53,25.0,38.65,36.5,14.11
ORD-004206,2025-09-06,CUST-01046,Charlotte Walker,35,Female,Europe,Germany,Clothing,Gucci Belt,3,367.89,0.0,1103.67,46.4,512.1
ORD-004207,2025-09-06,CUST-01175,Lucas Miller,46,Male,Asia Pacific,South Korea,Beauty & Personal Care,Philips Norelco Shaver,1,122.35,0.0,122.35,46.1,56.4
ORD-004208,2025-09-06,CUST-00335,Jennifer Hill,35,Female,Asia Pacific,Japan,Electronics,Bose SoundLink Speaker,1,276.99,5.0,263.14,18.2,47.89
ORD-004209,2025-09-06,CUST-01050,Priya Allen,36,Male,Middle East,UAE,Home & Kitchen,Instant Pot Duo 7-in-1,3,103.51,0.0,310.53,24.3,75.46
ORD-004210,2025-09-06,CUST-01151,Linda Wright,18,Male,Latin America,Argentina,Sports & Outdoors,Resistance Bands Set,2,28.31,0.0,56.62,22.7,12.85
ORD-004211,2025-09-06,CUST-01647,Carlos Ali,36,Male,Asia Pacific,Australia,Sports & Outdoors,Camping Sleeping Bag -10°C,1,95.89,9.0,87.26,18.4,16.06
ORD-004212,2025-09-06,CUST-00661,Riley Williams,31,Male,Latin America,Argentina,Clothing,Calvin Klein Underwear Set,2,56.67,4.0,108.81,39.7,43.2
ORD-004213,2025-09-06,CUST-00117,Mary Rossi,24,Female,Asia Pacific,Japan,Electronics,Apple MacBook Air M2,1,1257.14,4.0,1206.85,9.7,117.06
ORD-004214,2025-09-06,CUST-01047,Ahmed Jones,46,Male,Latin America,Argentina,Electronics,Sony PlayStation 5,1,648.89,0.0,648.89,16.5,107.07
ORD-004215,2025-09-06,CUST-00563,Muhammad Young,36,Female,North America,Mexico,Home & Kitchen,KitchenAid Stand Mixer,3,508.52,0.0,1525.56,22.4,341.73
ORD-004216,2025-09-06,CUST-00240,Wei Wang,35,Female,North America,USA,Clothing,Uniqlo Down Jacket,1,121.41,0.0,121.41,38.7,46.99
ORD-004217,2025-09-06,CUST-01216,Riley Thomas,25,Male,Europe,France,Home & Kitchen,French Press Coffee Maker,3,39.6,0.0,118.8,30.5,36.23
ORD-004218,2025-09-06,CUST-00610,Ana Patel,18,Female,Latin America,Brazil,Home & Kitchen,Smart Thermostat Google Nest,2,176.88,18.0,290.08,32.2,93.41
ORD-004219,2025-09-06,CUST-01326,Priya Brown,30,Female,Middle East,Saudi Arabia,Clothing,Levi's 501 Jeans,1,92.51,4.0,88.81,49.0,43.52
ORD-004220,2025-09-06,CUST-00538,Joseph Martinez,39,Female,Latin America,Argentina,Home & Kitchen,KitchenAid Stand Mixer,1,474.3,17.0,393.67,26.4,103.93
ORD-004221,2025-09-06,CUST-01734,Zara Jackson,43,Female,Middle East,UAE,Electronics,Apple MacBook Air M2,2,1486.84,5.0,2825.0,11.4,322.05
ORD-004222,2025-09-07,CUST-00813,Lucas Mitchell,27,Male,Asia Pacific,Australia,Sports & Outdoors,Coleman 4-Person Camping Tent,2,181.63,0.0,363.26,23.9,86.82
ORD-004223,2025-09-07,CUST-01751,David Johnson,54,Male,Middle East,Saudi Arabia,Electronics,Apple MacBook Air M2,1,1372.22,1.0,1358.5,18.2,247.25
ORD-004224,2025-09-07,CUST-00214,Jennifer Lopez,25,Female,Middle East,Qatar,Sports & Outdoors,Hydro Flask 32oz Water Bottle,2,59.61,0.0,119.22,27.4,32.67
ORD-004225,2025-09-07,CUST-00843,Jessica Singh,55,Male,Latin America,Brazil,Electronics,USB-C Hub 7-in-1,2,72.13,6.0,135.6,10.4,14.1
ORD-004226,2025-09-07,CUST-01054,Mason Santos,22,Female,Europe,UK,Clothing,Nike Air Max 270,3,120.75,9.0,329.65,42.5,140.1
ORD-004227,2025-09-07,CUST-01308,Lucas Ali,18,Male,Latin America,Argentina,Clothing,Tommy Hilfiger Polo Shirt,2,85.94,5.0,163.29,39.9,65.15
ORD-004228,2025-09-07,CUST-00465,Charlotte Santos,29,Male,North America,USA,Beauty & Personal Care,Bath & Body Works Candle Set,2,53.2,0.0,106.4,41.8,44.48
ORD-004229,2025-09-07,CUST-01646,Ali Harris,57,Female,North America,USA,Beauty & Personal Care,Tatcha Rice Wash Cleanser,2,58.5,12.0,102.96,58.4,60.13
ORD-004230,2025-09-07,CUST-01312,Laila Santos,32,Female,Latin America,Brazil,Clothing,Timberland Boots,2,207.91,1.0,411.66,44.5,183.19
ORD-004231,2025-09-07,CUST-00206,Amelia Lee,18,Female,Latin America,Colombia,Sports & Outdoors,Coleman 4-Person Camping Tent,1,184.85,18.0,151.58,19.0,28.8
ORD-004232,2025-09-07,CUST-00248,Zara Roberts,36,Male,Europe,Spain,Home & Kitchen,Weighted Blanket 15lbs,2,73.39,0.0,146.78,39.9,58.57
ORD-004233,2025-09-07,CUST-01362,Charles Carter,35,Female,Asia Pacific,Japan,Sports & Outdoors,Spalding NBA Basketball,2,34.52,0.0,69.04,22.1,15.26
ORD-004234,2025-09-07,CUST-00851,Carlos Jones,55,Male,Latin America,Brazil,Beauty & Personal Care,Fenty Beauty Foundation,4,50.56,3.0,196.17,55.9,109.66
ORD-004235,2025-09-07,CUST-01210,Zara Taylor,53,Female,Asia Pacific,Japan,Beauty & Personal Care,Neutrogena SPF 50 Sunscreen,1,20.84,0.0,20.84,53.0,11.05
ORD-004236,2025-09-07,CUST-01113,David Anderson,47,Male,Europe,France,Home & Kitchen,Bamboo Cutting Board Set,1,47.55,0.0,47.55,26.0,12.36
ORD-004237,2025-09-07,CUST-01154,Priya Miller,29,Male,Asia Pacific,India,Clothing,H&M Cotton T-Shirt Pack,3,40.34,10.0,108.92,36.8,40.08
ORD-004238,2025-09-07,CUST-01622,Oliver Anderson,27,Male,Middle East,UAE,Electronics,Canon EOS R50 Camera,2,814.02,16.0,1367.55,13.5,184.62
ORD-004239,2025-09-07,CUST-00139,Aiden Roberts,26,Female,Europe,France,Electronics,"LG OLED 55"" TV",1,1602.05,0.0,1602.05,17.2,275.55
ORD-004240,2025-09-07,CUST-00713,Harry Nguyen,28,Male,Europe,Italy,Electronics,Canon EOS R50 Camera,2,825.08,0.0,1650.16,9.8,161.72
ORD-004241,2025-09-07,CUST-01661,Patricia Walker,46,Female,Europe,UK,Beauty & Personal Care,The Ordinary Serum Set,1,32.31,11.0,28.76,42.8,12.31
ORD-004242,2025-09-07,CUST-00543,Chen Scott,22,Female,Asia Pacific,Singapore,Home & Kitchen,IKEA KALLAX Shelf Unit,3,197.69,7.0,551.56,37.2,205.18
ORD-004243,2025-09-07,CUST-01131,Thomas Carter,44,Female,Asia Pacific,Singapore,Clothing,Under Armour Sports Bra,2,42.32,18.0,69.4,33.3,23.11
ORD-004244,2025-09-07,CUST-01761,Lucas Miller,40,Female,Europe,UK,Home & Kitchen,Philips Hue Smart Bulb Set,1,100.94,0.0,100.94,29.1,29.37
ORD-004245,2025-09-07,CUST-00896,Chen Patel,45,Female,Europe,Spain,Sports & Outdoors,Foam Roller Set,3,49.0,18.0,120.54,31.7,38.21
ORD-004246,2025-09-07,CUST-01640,Harry Chen,38,Male,Asia Pacific,Australia,Sports & Outdoors,Camping Sleeping Bag -10°C,1,114.48,24.0,87.0,28.9,25.14
ORD-004247,2025-09-08,CUST-00995,Susan Miller,33,Male,North America,Mexico,Sports & Outdoors,Speedo Swim Goggles,3,35.9,17.0,89.39,24.9,22.26
ORD-004248,2025-09-08,CUST-00794,Harry Garcia,27,Male,North America,Mexico,Clothing,Uniqlo Down Jacket,4,118.99,17.0,395.05,32.5,128.39
ORD-004249,2025-09-08,CUST-00509,Ethan Scott,28,Female,Middle East,UAE,Sports & Outdoors,Foam Roller Set,3,30.34,0.0,91.02,21.2,19.3
ORD-004250,2025-09-08,CUST-00324,Ahmed Singh,27,Male,North America,Canada,Electronics,iPad Pro 11-inch,2,1033.15,10.0,1859.67,14.0,260.35
ORD-004251,2025-09-08,CUST-01588,Ahmed Nguyen,25,Female,Middle East,Saudi Arabia,Clothing,Levi's 501 Jeans,1,88.82,1.0,87.93,51.4,45.2
ORD-004252,2025-09-08,CUST-01519,Zara Garcia,44,Female,Asia Pacific,India,Sports & Outdoors,TRX Suspension Trainer,1,232.55,12.0,204.64,18.1,37.04
ORD-004253,2025-09-08,CUST-01517,Lucas Miller,39,Male,Latin America,Brazil,Clothing,Gucci Belt,2,466.16,23.0,717.89,31.4,225.42
ORD-004254,2025-09-08,CUST-00619,Charles Fernandez,30,Female,Middle East,UAE,Electronics,Samsung Galaxy S24,2,1125.74,13.0,1958.79,9.0,176.29
ORD-004255,2025-09-08,CUST-00161,Chen Rossi,54,Female,North America,USA,Sports & Outdoors,Spalding NBA Basketball,3,40.09,0.0,120.27,27.4,32.95
ORD-004256,2025-09-08,CUST-01776,Laila Allen,24,Female,North America,USA,Electronics,Apple MacBook Air M2,1,1530.18,0.0,1530.18,11.9,182.09
ORD-004257,2025-09-08,CUST-01630,Yuki Thompson,51,Female,Latin America,Argentina,Electronics,USB-C Hub 7-in-1,1,61.01,0.0,61.01,9.1,5.55
ORD-004258,2025-09-08,CUST-01661,Patricia Walker,46,Female,Europe,UK,Home & Kitchen,Weighted Blanket 15lbs,1,81.51,10.0,73.36,38.8,28.46
ORD-004259,2025-09-08,CUST-01261,Amelia Khan,43,Male,North America,Canada,Beauty & Personal Care,Foreo LUNA Face Massager,2,101.47,0.0,202.94,38.4,77.93
ORD-004260,2025-09-08,CUST-01688,Liam White,36,Male,Middle East,Qatar,Home & Kitchen,Smart Thermostat Google Nest,2,201.54,3.0,390.99,36.5,142.71
ORD-004261,2025-09-08,CUST-00474,Richard Allen,47,Male,Middle East,Saudi Arabia,Electronics,iPhone 15 Pro,2,1234.51,0.0,2469.02,18.4,454.3
ORD-004262,2025-09-08,CUST-00732,Richard Anderson,36,Female,Asia Pacific,India,Sports & Outdoors,TRX Suspension Trainer,3,180.44,0.0,541.32,30.2,163.48
ORD-004263,2025-09-08,CUST-01632,Carlos Wilson,18,Male,Latin America,Argentina,Sports & Outdoors,Bowflex SelectTech Dumbbells,2,372.32,2.0,729.75,31.9,232.79
ORD-004264,2025-09-08,CUST-01119,Fatima Young,42,Male,Latin America,Brazil,Sports & Outdoors,Foam Roller Set,3,50.83,3.0,147.92,34.5,51.03
ORD-004265,2025-09-08,CUST-00473,Fatima Khan,35,Female,Europe,UK,Sports & Outdoors,Coleman 4-Person Camping Tent,1,117.25,11.0,104.35,33.3,34.75
ORD-004266,2025-09-08,CUST-00317,Patricia Martin,47,Male,Europe,France,Clothing,Uniqlo Down Jacket,1,103.6,0.0,103.6,31.4,32.53
ORD-004267,2025-09-08,CUST-00017,Sophia Young,27,Female,Europe,UK,Clothing,Uniqlo Down Jacket,1,94.8,0.0,94.8,53.9,51.1
ORD-004268,2025-09-08,CUST-00473,Fatima Khan,35,Female,Europe,UK,Clothing,Timberland Boots,1,235.52,0.0,235.52,32.8,77.25
ORD-004269,2025-09-08,CUST-01636,Olivia Scott,55,Male,Middle East,Qatar,Electronics,"LG OLED 55"" TV",1,1948.66,5.0,1851.23,12.9,238.81
ORD-004270,2025-09-09,CUST-01303,Mia Green,36,Male,Middle East,Qatar,Electronics,Dell XPS 15 Laptop,2,1604.84,4.0,3081.29,19.2,591.61
ORD-004271,2025-09-09,CUST-01788,Lucas Chen,44,Female,Middle East,Saudi Arabia,Electronics,Sony WH-1000XM5 Headphones,2,362.11,5.0,688.01,18.4,126.59
ORD-004272,2025-09-09,CUST-00852,Oliver Ali,30,Female,Latin America,Brazil,Home & Kitchen,Bamboo Cutting Board Set,1,51.01,19.0,41.32,33.2,13.72
ORD-004273,2025-09-09,CUST-00602,Charlotte Anderson,18,Male,North America,Mexico,Clothing,North Face Fleece Jacket,1,120.83,17.0,100.29,38.9,39.01
ORD-004274,2025-09-09,CUST-01030,Harry Wright,35,Female,North America,Canada,Clothing,Timberland Boots,3,223.18,30.0,468.68,53.4,250.28
ORD-004275,2025-09-09,CUST-01138,Lucas Roberts,31,Female,North America,Canada,Home & Kitchen,Roomba i7+ Robot Vacuum,1,929.14,0.0,929.14,27.4,254.58
ORD-004276,2025-09-09,CUST-00598,James Thompson,40,Male,North America,Mexico,Clothing,Levi's 501 Jeans,4,82.18,13.0,285.99,52.4,149.86
ORD-004277,2025-09-09,CUST-01767,Ethan Walker,35,Male,North America,USA,Beauty & Personal Care,Bioderma Micellar Water 500ml,4,17.7,0.0,70.8,35.8,25.35
ORD-004278,2025-09-09,CUST-01261,Amelia Khan,43,Male,North America,Canada,Electronics,Canon EOS R50 Camera,1,736.55,12.0,648.16,10.8,70.0
ORD-004279,2025-09-09,CUST-00651,Yuki Martinez,48,Male,Middle East,UAE,Clothing,Zara Wool Coat,4,213.51,0.0,854.04,41.7,356.13
ORD-004280,2025-09-09,CUST-01636,Olivia Scott,55,Male,Middle East,Qatar,Beauty & Personal Care,Moroccanoil Hair Oil,4,44.41,1.0,175.86,48.0,84.41
ORD-004281,2025-09-09,CUST-00289,Noah Wright,55,Male,Latin America,Colombia,Electronics,Sony PlayStation 5,2,631.92,0.0,1263.84,14.3,180.73
ORD-004282,2025-09-09,CUST-00152,Zara Hill,46,Female,Middle East,Saudi Arabia,Electronics,Ring Video Doorbell,2,156.91,0.0,313.82,16.9,53.04
ORD-004283,2025-09-09,CUST-01633,James Smith,41,Female,North America,Mexico,Electronics,"LG OLED 55"" TV",2,1680.2,0.0,3360.4,19.6,658.64
ORD-004284,2025-09-09,CUST-00328,John Lee,30,Female,North America,Mexico,Home & Kitchen,Smart Thermostat Google Nest,1,201.55,0.0,201.55,38.3,77.19
ORD-004285,2025-09-09,CUST-00451,Sarah Rossi,34,Male,Middle East,Qatar,Beauty & Personal Care,Foreo LUNA Face Massager,3,113.37,11.0,302.7,56.1,169.81
ORD-004286,2025-09-09,CUST-01701,Isabella Scott,33,Female,Middle East,UAE,Home & Kitchen,Cuisinart 12-Piece Cookware Set,2,278.75,0.0,557.5,27.4,152.75
ORD-004287,2025-09-09,CUST-01710,Sofia Allen,30,Male,Europe,France,Home & Kitchen,Air Purifier HEPA,2,242.53,0.0,485.06,21.6,104.77
ORD-004288,2025-09-09,CUST-00004,Ana Kim,32,Male,North America,Mexico,Electronics,Apple MacBook Air M2,2,1541.38,1.0,3051.93,19.3,589.02
ORD-004289,2025-09-09,CUST-01170,Sofia Kim,37,Female,North America,Canada,Clothing,Ray-Ban Aviator Sunglasses,2,201.85,7.0,375.44,44.4,166.7
ORD-004290,2025-09-09,CUST-01620,Fatima Khan,49,Female,Europe,UK,Beauty & Personal Care,The Ordinary Serum Set,3,38.94,1.0,115.65,54.8,63.38
ORD-004291,2025-09-09,CUST-01206,Liam Mitchell,43,Male,Latin America,Argentina,Home & Kitchen,Instant Pot Duo 7-in-1,3,139.57,12.0,368.46,35.4,130.43
ORD-004292,2025-09-10,CUST-00303,Ravi Rossi,32,Female,Europe,Italy,Clothing,Calvin Klein Underwear Set,1,47.47,17.0,39.4,53.4,21.04
ORD-004293,2025-09-10,CUST-00588,Yuki Rossi,42,Male,Middle East,Saudi Arabia,Beauty & Personal Care,Moroccanoil Hair Oil,2,37.58,10.0,67.64,53.8,36.39
ORD-004294,2025-09-10,CUST-00448,Karen Jackson,28,Male,Middle East,Saudi Arabia,Clothing,Tommy Hilfiger Polo Shirt,4,78.51,8.0,288.92,32.9,95.05
ORD-004295,2025-09-10,CUST-01059,Riley Torres,51,Male,Europe,Italy,Electronics,iPad Pro 11-inch,1,1222.78,16.0,1027.14,10.3,105.8
ORD-004296,2025-09-10,CUST-00489,Ava Scott,36,Female,North America,USA,Clothing,Converse Chuck Taylor All Star,1,75.78,7.0,70.48,51.0,35.94
ORD-004297,2025-09-10,CUST-00537,Fatima Taylor,28,Male,Europe,Spain,Sports & Outdoors,Bowflex SelectTech Dumbbells,1,417.8,13.0,363.49,26.6,96.69
ORD-004298,2025-09-10,CUST-00865,Wei Jones,43,Female,Europe,UK,Clothing,H&M Cotton T-Shirt Pack,3,33.17,0.0,99.51,35.1,34.93
ORD-004299,2025-09-10,CUST-01005,Thomas Adams,41,Male,North America,Mexico,Electronics,GoPro Hero 12,2,539.69,13.0,939.06,9.4,88.27
ORD-004300,2025-09-10,CUST-00850,Muhammad Smith,29,Male,Middle East,Qatar,Clothing,Calvin Klein Underwear Set,4,41.47,0.0,165.88,54.2,89.91
ORD-004301,2025-09-10,CUST-01454,Thomas Roberts,32,Male,North America,Mexico,Sports & Outdoors,Peloton Bike+,3,2587.71,0.0,7763.13,28.2,2189.2
ORD-004302,2025-09-10,CUST-00218,Hana Jones,35,Male,Latin America,Argentina,Clothing,Zara Wool Coat,1,211.27,0.0,211.27,54.5,115.14
ORD-004303,2025-09-10,CUST-01272,Yuki Young,43,Male,Europe,Germany,Beauty & Personal Care,Bioderma Micellar Water 500ml,2,16.56,0.0,33.12,51.5,17.06
ORD-004304,2025-09-10,CUST-00073,Olivia Fernandez,48,Male,Europe,Netherlands,Home & Kitchen,Philips Hue Smart Bulb Set,3,90.82,6.0,256.11,29.2,74.78
ORD-004305,2025-09-10,CUST-00906,Noah Williams,25,Female,Middle East,Qatar,Sports & Outdoors,Resistance Bands Set,2,32.97,0.0,65.94,18.3,12.07
ORD-004306,2025-09-10,CUST-00136,Ahmed Nguyen,18,Male,Europe,UK,Electronics,USB-C Hub 7-in-1,2,72.23,8.0,132.9,17.6,23.39
ORD-004307,2025-09-10,CUST-00812,Wei Schmidt,60,Male,Europe,Germany,Home & Kitchen,Bamboo Cutting Board Set,3,41.17,0.0,123.51,32.7,40.39
ORD-004308,2025-09-10,CUST-01170,Sofia Kim,37,Female,North America,Canada,Electronics,iPhone 15 Pro,1,1439.22,8.0,1324.08,8.9,117.84
ORD-004309,2025-09-10,CUST-00541,Ali Miller,18,Male,Europe,France,Electronics,USB-C Hub 7-in-1,1,70.41,3.0,68.3,17.3,11.82
ORD-004310,2025-09-10,CUST-00492,Carlos Patel,28,Male,North America,USA,Clothing,Levi's 501 Jeans,1,85.97,15.0,73.07,49.9,36.46
ORD-004311,2025-09-10,CUST-00609,Charlotte Hill,42,Female,North America,USA,Electronics,GoPro Hero 12,2,534.61,0.0,1069.22,16.4,175.35
ORD-004312,2025-09-10,CUST-00048,David Nguyen,31,Male,North America,USA,Electronics,Dell XPS 15 Laptop,2,1393.09,4.0,2674.73,10.3,275.5
ORD-004313,2025-09-10,CUST-00119,Richard Johnson,37,Male,North America,USA,Electronics,Apple Watch Series 9,2,529.18,0.0,1058.36,8.7,92.08
ORD-004314,2025-09-10,CUST-00412,Sofia Fernandez,42,Male,Asia Pacific,Singapore,Home & Kitchen,Nespresso Vertuo Coffee Machine,2,204.53,0.0,409.06,21.2,86.72
ORD-004315,2025-09-10,CUST-00142,Richard White,27,Male,Asia Pacific,Japan,Beauty & Personal Care,Philips Norelco Shaver,3,126.64,19.0,307.74,36.4,112.02
ORD-004316,2025-09-10,CUST-00064,Linda Miller,39,Female,North America,USA,Clothing,Levi's 501 Jeans,4,89.78,7.0,333.98,42.2,140.94
ORD-004317,2025-09-10,CUST-01121,John Singh,34,Male,Asia Pacific,Japan,Electronics,Apple MacBook Air M2,2,1473.09,3.0,2857.79,8.7,248.63
ORD-004318,2025-09-10,CUST-01084,Chen Allen,30,Female,Europe,Italy,Clothing,Under Armour Sports Bra,4,48.42,9.0,176.25,41.1,72.44
ORD-004319,2025-09-10,CUST-00056,Wei Garcia,46,Male,Europe,Spain,Electronics,Sony WH-1000XM5 Headphones,1,420.33,7.0,390.91,9.6,37.53
ORD-004320,2025-09-10,CUST-00360,Layla Lee,43,Female,Asia Pacific,Australia,Electronics,Ring Video Doorbell,1,162.4,9.0,147.78,13.7,20.25
ORD-004321,2025-09-10,CUST-00931,Joseph Ahmed,57,Female,Asia Pacific,India,Home & Kitchen,Instant Pot Duo 7-in-1,3,93.89,18.0,230.97,22.6,52.2
ORD-004322,2025-09-11,CUST-01428,Robert Patel,31,Female,Latin America,Argentina,Clothing,Levi's 501 Jeans,4,106.35,0.0,425.4,53.6,228.01
ORD-004323,2025-09-11,CUST-01574,Layla Allen,40,Female,Europe,UK,Sports & Outdoors,Coleman 4-Person Camping Tent,1,134.26,10.0,120.83,23.2,28.03
ORD-004324,2025-09-11,CUST-00597,Ravi Adams,55,Male,Asia Pacific,South Korea,Clothing,Puma Running Shorts,4,49.65,8.0,182.71,37.1,67.79
ORD-004325,2025-09-11,CUST-00935,Ali Adams,27,Female,Asia Pacific,Singapore,Home & Kitchen,Air Purifier HEPA,1,274.37,0.0,274.37,28.9,79.29
ORD-004326,2025-09-11,CUST-01072,Patricia Green,25,Female,Asia Pacific,Australia,Home & Kitchen,Cuisinart 12-Piece Cookware Set,2,229.37,1.0,454.15,36.5,165.76
ORD-004327,2025-09-11,CUST-01559,Linda Jackson,21,Male,Asia Pacific,India,Sports & Outdoors,Hydro Flask 32oz Water Bottle,2,58.82,21.0,92.94,19.5,18.12
ORD-004328,2025-09-11,CUST-01119,Fatima Young,42,Male,Latin America,Brazil,Clothing,Puma Running Shorts,2,51.17,0.0,102.34,36.2,37.05
ORD-004329,2025-09-11,CUST-01536,Laila Khan,18,Female,Middle East,Saudi Arabia,Beauty & Personal Care,La Mer Moisturizing Cream,2,363.09,8.0,668.09,57.9,386.82
ORD-004330,2025-09-11,CUST-00867,Ali Patel,21,Male,Asia Pacific,South Korea,Sports & Outdoors,Foam Roller Set,3,43.97,0.0,131.91,27.0,35.62
ORD-004331,2025-09-11,CUST-00657,Ravi Harris,54,Male,Latin America,Colombia,Clothing,Zara Wool Coat,1,158.91,19.0,128.72,35.4,45.57
ORD-004332,2025-09-11,CUST-01464,Linda Taylor,32,Male,Asia Pacific,South Korea,Clothing,Puma Running Shorts,4,43.43,23.0,133.76,44.8,59.92
ORD-004333,2025-09-11,CUST-00550,Emma Flores,26,Male,Asia Pacific,Australia,Sports & Outdoors,Hydro Flask 32oz Water Bottle,1,57.41,12.0,50.52,23.9,12.07
ORD-004334,2025-09-11,CUST-00693,Amelia Young,36,Male,Middle East,Saudi Arabia,Electronics,iPad Pro 11-inch,2,1019.37,6.0,1916.42,14.8,283.63
ORD-004335,2025-09-11,CUST-00574,Liam Roberts,21,Female,Asia Pacific,India,Beauty & Personal Care,Philips Norelco Shaver,4,110.21,1.0,436.43,36.7,160.17
ORD-004336,2025-09-11,CUST-00471,Ravi Hall,38,Female,Middle East,UAE,Sports & Outdoors,Camping Sleeping Bag -10°C,1,119.63,9.0,108.86,29.7,32.33
ORD-004337,2025-09-11,CUST-00348,Wei Lee,28,Male,Asia Pacific,Singapore,Beauty & Personal Care,Moroccanoil Hair Oil,5,35.58,0.0,177.9,44.5,79.17
ORD-004338,2025-09-11,CUST-00734,Hana Nelson,31,Male,Europe,Netherlands,Beauty & Personal Care,CeraVe Moisturizing Cream,1,19.95,12.0,17.56,51.4,9.03
ORD-004339,2025-09-12,CUST-00251,Rafael Adams,42,Male,Latin America,Brazil,Clothing,North Face Fleece Jacket,3,176.1,14.0,454.34,32.9,149.48
ORD-004340,2025-09-12,CUST-00657,Ravi Harris,54,Male,Latin America,Colombia,Electronics,GoPro Hero 12,2,459.48,9.0,836.25,12.6,105.37
ORD-004341,2025-09-12,CUST-00335,Jennifer Hill,35,Female,Asia Pacific,Japan,Home & Kitchen,Ninja Air Fryer XL,3,126.63,9.0,345.7,33.9,117.19
ORD-004342,2025-09-12,CUST-00273,Michael Martin,26,Female,Asia Pacific,Japan,Beauty & Personal Care,Olaplex No.3 Hair Perfector,5,36.16,12.0,159.1,48.8,77.64
ORD-004343,2025-09-12,CUST-00830,Chen Brown,19,Female,North America,USA,Sports & Outdoors,Coleman 4-Person Camping Tent,3,166.33,23.0,384.22,29.7,114.11
ORD-004344,2025-09-12,CUST-00534,Aiden Miller,37,Female,Latin America,Argentina,Home & Kitchen,Smart Thermostat Google Nest,2,165.1,14.0,283.97,37.7,107.06
ORD-004345,2025-09-12,CUST-01800,Harry Wright,27,Male,Europe,Italy,Electronics,USB-C Hub 7-in-1,1,67.47,6.0,63.42,8.5,5.39
ORD-004346,2025-09-12,CUST-00119,Richard Johnson,37,Male,North America,USA,Electronics,Samsung Galaxy S24,2,1221.05,8.0,2246.73,8.4,188.73
ORD-004347,2025-09-12,CUST-00405,Charles Davis,42,Female,Latin America,Colombia,Home & Kitchen,Nespresso Vertuo Coffee Machine,3,211.81,1.0,629.08,27.4,172.37
ORD-004348,2025-09-12,CUST-00736,Liam Dupont,46,Male,Latin America,Colombia,Home & Kitchen,KitchenAid Stand Mixer,2,453.63,0.0,907.26,25.6,232.26
ORD-004349,2025-09-12,CUST-00833,Layla Jones,49,Male,Latin America,Brazil,Clothing,Uniqlo Down Jacket,1,158.02,14.0,135.9,54.4,73.93
ORD-004350,2025-09-12,CUST-00117,Mary Rossi,24,Female,Asia Pacific,Japan,Sports & Outdoors,Peloton Bike+,2,2714.6,1.0,5374.91,29.8,1601.72
ORD-004351,2025-09-13,CUST-00177,Riley Schmidt,45,Male,Middle East,UAE,Electronics,GoPro Hero 12,1,466.43,15.0,396.47,8.3,32.91
ORD-004352,2025-09-13,CUST-00539,Sophia Johnson,53,Female,Europe,Germany,Sports & Outdoors,TRX Suspension Trainer,3,191.06,22.0,447.08,31.2,139.49
ORD-004353,2025-09-13,CUST-01523,Charlotte Thomas,39,Female,Latin America,Argentina,Electronics,Kindle Paperwhite,1,122.0,8.0,112.24,9.5,10.66
ORD-004354,2025-09-13,CUST-01603,Ali Wang,57,Male,North America,USA,Beauty & Personal Care,Foreo LUNA Face Massager,1,138.79,0.0,138.79,47.4,65.79
ORD-004355,2025-09-13,CUST-00051,Barbara Jackson,25,Female,Asia Pacific,Singapore,Electronics,Sony WH-1000XM5 Headphones,2,340.69,0.0,681.38,19.5,132.87
ORD-004356,2025-09-13,CUST-01536,Laila Khan,18,Female,Middle East,Saudi Arabia,Home & Kitchen,Philips Hue Smart Bulb Set,1,61.13,9.0,55.63,22.8,12.68
ORD-004357,2025-09-13,CUST-01279,David Singh,18,Male,Middle East,Saudi Arabia,Electronics,Ring Video Doorbell,1,138.27,3.0,134.12,13.1,17.57
ORD-004358,2025-09-13,CUST-00741,Ethan Lopez,39,Female,Asia Pacific,Australia,Beauty & Personal Care,CeraVe Moisturizing Cream,2,23.02,0.0,46.04,53.7,24.72
ORD-004359,2025-09-13,CUST-01793,Richard Smith,21,Male,Middle East,UAE,Electronics,"LG OLED 55"" TV",1,1618.93,0.0,1618.93,9.8,158.66
ORD-004360,2025-09-13,CUST-01186,Mason Mitchell,52,Male,North America,USA,Clothing,Calvin Klein Underwear Set,3,37.14,9.0,101.39,36.8,37.31
ORD-004361,2025-09-13,CUST-00656,Rafael Martin,38,Male,Europe,UK,Beauty & Personal Care,Moroccanoil Hair Oil,5,38.36,14.0,164.95,53.3,87.92
ORD-004362,2025-09-13,CUST-00290,Sofia Ahmed,45,Female,Middle East,Saudi Arabia,Home & Kitchen,Dyson V15 Vacuum,1,840.16,0.0,840.16,38.2,320.94
ORD-004363,2025-09-13,CUST-00304,Lisa Martinez,24,Male,Europe,Spain,Home & Kitchen,Ninja Air Fryer XL,3,127.59,5.0,363.63,36.2,131.63
ORD-004364,2025-09-13,CUST-00065,Chen White,38,Female,Europe,France,Clothing,Zara Wool Coat,2,166.77,0.0,333.54,49.0,163.43
ORD-004365,2025-09-13,CUST-00824,Amelia Harris,28,Female,Europe,Spain,Electronics,GoPro Hero 12,1,508.4,13.0,442.31,15.3,67.67
ORD-004366,2025-09-14,CUST-00833,Layla Jones,49,Male,Latin America,Brazil,Home & Kitchen,Philips Hue Smart Bulb Set,1,78.98,0.0,78.98,27.0,21.32
ORD-004367,2025-09-14,CUST-01219,Patricia Kim,35,Female,Europe,Germany,Electronics,Sony PlayStation 5,2,644.7,0.0,1289.4,19.9,256.59
ORD-004368,2025-09-14,CUST-01705,Isabella Nguyen,18,Female,Middle East,Saudi Arabia,Beauty & Personal Care,The Ordinary Serum Set,4,39.77,3.0,154.31,40.8,62.96
ORD-004369,2025-09-14,CUST-00831,Riley Lopez,39,Female,Latin America,Colombia,Beauty & Personal Care,Fenty Beauty Foundation,3,49.23,14.0,127.01,50.9,64.65
ORD-004370,2025-09-14,CUST-00531,Olivia Johnson,42,Male,Middle East,Qatar,Sports & Outdoors,Foam Roller Set,1,34.81,0.0,34.81,29.9,10.41
ORD-004371,2025-09-14,CUST-00200,Sofia Mitchell,28,Female,North America,Canada,Beauty & Personal Care,La Mer Moisturizing Cream,4,264.28,2.0,1035.98,56.5,585.33
ORD-004372,2025-09-14,CUST-01503,Emma Dupont,37,Female,Asia Pacific,Japan,Clothing,North Face Fleece Jacket,4,175.52,11.0,624.85,41.1,256.81
ORD-004373,2025-09-14,CUST-00130,Harry Dupont,75,Female,Middle East,Saudi Arabia,Clothing,Levi's 501 Jeans,3,98.48,3.0,286.58,43.5,124.66
ORD-004374,2025-09-14,CUST-00738,Charles Miller,19,Male,Asia Pacific,Australia,Beauty & Personal Care,Charlotte Tilbury Lipstick,4,43.67,0.0,174.68,50.8,88.74
ORD-004375,2025-09-14,CUST-00588,Yuki Rossi,42,Male,Middle East,Saudi Arabia,Sports & Outdoors,Coleman 4-Person Camping Tent,3,114.95,18.0,282.78,19.1,54.01
ORD-004376,2025-09-14,CUST-01247,Liam Ali,40,Female,North America,Mexico,Sports & Outdoors,TRX Suspension Trainer,1,183.12,20.0,146.5,20.8,30.47
ORD-004377,2025-09-14,CUST-00483,Mary Carter,34,Male,Latin America,Argentina,Beauty & Personal Care,Foreo LUNA Face Massager,1,141.91,9.0,129.14,59.1,76.32
ORD-004378,2025-09-14,CUST-00351,Lisa Taylor,44,Female,Latin America,Colombia,Home & Kitchen,KitchenAid Stand Mixer,1,518.82,8.0,477.31,27.9,133.17
ORD-004379,2025-09-14,CUST-00129,Wei Martinez,41,Female,Middle East,UAE,Beauty & Personal Care,Philips Norelco Shaver,4,152.84,0.0,611.36,53.8,328.91
ORD-004380,2025-09-14,CUST-00124,Robert Khan,21,Male,Middle East,Saudi Arabia,Electronics,Kindle Paperwhite,2,179.49,15.0,305.13,17.0,51.87
ORD-004381,2025-09-14,CUST-01188,Isabella Schmidt,21,Female,Asia Pacific,India,Home & Kitchen,Cuisinart 12-Piece Cookware Set,1,246.37,12.0,216.81,35.2,76.32
ORD-004382,2025-09-14,CUST-01163,Ali Martin,31,Female,Europe,Netherlands,Home & Kitchen,Dyson V15 Vacuum,3,687.31,6.0,1938.21,33.0,639.61
ORD-004383,2025-09-14,CUST-00620,James Wright,21,Female,Asia Pacific,Japan,Home & Kitchen,Nespresso Vertuo Coffee Machine,1,212.51,0.0,212.51,28.9,61.42
ORD-004384,2025-09-14,CUST-01483,James Thompson,40,Male,Latin America,Colombia,Electronics,Kindle Paperwhite,2,160.94,0.0,321.88,16.2,52.14
ORD-004385,2025-09-14,CUST-01304,Yuki Green,25,Female,Middle East,UAE,Electronics,Sony PlayStation 5,1,722.08,13.0,628.21,17.4,109.31
ORD-004386,2025-09-14,CUST-01769,Liam Thomas,40,Male,Asia Pacific,Singapore,Electronics,Apple MacBook Air M2,1,1454.17,11.0,1294.21,12.5,161.78
ORD-004387,2025-09-14,CUST-00661,Riley Williams,31,Male,Latin America,Argentina,Clothing,Converse Chuck Taylor All Star,3,91.66,0.0,274.98,48.7,133.92
ORD-004388,2025-09-14,CUST-01315,Riley Baker,42,Female,Asia Pacific,India,Clothing,Under Armour Sports Bra,4,66.24,18.0,217.27,33.7,73.22
ORD-004389,2025-09-15,CUST-01383,Charles Taylor,55,Male,Latin America,Brazil,Home & Kitchen,LED Desk Lamp with USB,2,47.71,9.0,86.83,20.4,17.71
ORD-004390,2025-09-15,CUST-00460,Lisa Schmidt,47,Male,Middle East,UAE,Home & Kitchen,Instant Pot Duo 7-in-1,1,101.23,0.0,101.23,20.8,21.06
ORD-004391,2025-09-15,CUST-00660,Ali Jackson,20,Male,Latin America,Colombia,Electronics,Bose SoundLink Speaker,2,231.45,11.0,411.98,19.0,78.28
ORD-004392,2025-09-15,CUST-01097,Susan Flores,48,Male,Europe,Germany,Electronics,Sony PlayStation 5,1,713.55,0.0,713.55,18.6,132.72
ORD-004393,2025-09-15,CUST-01246,James Scott,27,Male,North America,Mexico,Electronics,Dell XPS 15 Laptop,1,1399.68,0.0,1399.68,9.9,138.57
ORD-004394,2025-09-15,CUST-00614,Sarah Williams,38,Male,North America,USA,Sports & Outdoors,Hydro Flask 32oz Water Bottle,1,63.98,20.0,51.18,20.9,10.7
ORD-004395,2025-09-15,CUST-00982,Olivia Adams,29,Female,Latin America,Argentina,Sports & Outdoors,Bowflex SelectTech Dumbbells,1,414.38,15.0,352.22,27.8,97.92
ORD-004396,2025-09-15,CUST-01056,Liam Garcia,40,Male,Middle East,UAE,Sports & Outdoors,Foam Roller Set,1,43.24,4.0,41.51,20.5,8.51
ORD-004397,2025-09-15,CUST-00284,Wei Ahmed,23,Male,Asia Pacific,Japan,Sports & Outdoors,Speedo Swim Goggles,2,23.23,0.0,46.46,26.3,12.22
ORD-004398,2025-09-15,CUST-00810,William Nguyen,31,Male,Asia Pacific,Singapore,Electronics,Sony PlayStation 5,2,679.87,11.0,1210.17,11.4,137.96
ORD-004399,2025-09-15,CUST-00790,Fatima Kim,47,Male,Asia Pacific,Japan,Home & Kitchen,KitchenAid Stand Mixer,3,498.41,9.0,1360.66,33.5,455.82
ORD-004400,2025-09-15,CUST-01181,Linda Khan,35,Female,North America,Mexico,Sports & Outdoors,Wilson Tennis Racket Pro,1,202.24,0.0,202.24,37.1,75.03
ORD-004401,2025-09-15,CUST-01337,Sofia Roberts,49,Male,Middle East,UAE,Clothing,Levi's 501 Jeans,3,94.0,0.0,282.0,52.9,149.18
ORD-004402,2025-09-15,CUST-00151,Priya Carter,19,Male,Latin America,Colombia,Clothing,Under Armour Sports Bra,1,62.96,0.0,62.96,51.6,32.49
ORD-004403,2025-09-15,CUST-00487,Sophia Green,21,Female,Middle East,UAE,Sports & Outdoors,Yoga Mat Premium Non-Slip,2,63.61,19.0,103.05,21.9,22.57
ORD-004404,2025-09-15,CUST-00859,Jessica Nguyen,53,Female,Asia Pacific,Australia,Sports & Outdoors,Garmin GPS Running Watch,1,392.4,7.0,364.93,24.2,88.31
ORD-004405,2025-09-16,CUST-00301,Barbara Taylor,35,Female,Europe,Spain,Beauty & Personal Care,Fenty Beauty Foundation,3,48.31,18.0,118.84,40.4,48.01
ORD-004406,2025-09-16,CUST-00166,Aiden Carter,40,Male,Latin America,Brazil,Clothing,Gucci Belt,4,523.75,14.0,1801.7,48.6,875.63
ORD-004407,2025-09-16,CUST-01628,Jennifer Torres,29,Female,Latin America,Brazil,Sports & Outdoors,Wilson Tennis Racket Pro,2,162.67,0.0,325.34,21.3,69.3
ORD-004408,2025-09-16,CUST-01800,Harry Wright,27,Male,Europe,Italy,Sports & Outdoors,Speedo Swim Goggles,2,28.03,10.0,50.45,30.0,15.13
ORD-004409,2025-09-16,CUST-01565,Jennifer Allen,28,Male,North America,Mexico,Clothing,Nike Air Max 270,1,119.31,0.0,119.31,44.2,52.74
ORD-004410,2025-09-16,CUST-00304,Lisa Martinez,24,Male,Europe,Spain,Sports & Outdoors,Resistance Bands Set,3,33.55,0.0,100.65,37.6,37.84
ORD-004411,2025-09-16,CUST-00275,Robert Baker,33,Male,Europe,France,Home & Kitchen,Air Purifier HEPA,2,290.21,3.0,563.01,25.5,143.57
ORD-004412,2025-09-16,CUST-00275,Robert Baker,33,Male,Europe,France,Beauty & Personal Care,Foreo LUNA Face Massager,2,107.44,0.0,214.88,42.6,91.54
ORD-004413,2025-09-16,CUST-01138,Lucas Roberts,31,Female,North America,Canada,Electronics,iPad Pro 11-inch,1,1220.84,0.0,1220.84,8.1,98.89
ORD-004414,2025-09-16,CUST-00704,Linda Nguyen,39,Female,Latin America,Colombia,Clothing,Calvin Klein Underwear Set,4,54.07,22.0,168.7,40.1,67.65
ORD-004415,2025-09-16,CUST-00487,Sophia Green,21,Female,Middle East,UAE,Home & Kitchen,KitchenAid Stand Mixer,2,436.91,0.0,873.82,23.4,204.47
ORD-004416,2025-09-16,CUST-01380,Laila Young,32,Male,North America,USA,Electronics,iPad Pro 11-inch,1,1037.86,9.0,944.45,11.0,103.89
ORD-004417,2025-09-16,CUST-01259,Sarah Müller,60,Male,Middle East,Qatar,Electronics,Kindle Paperwhite,1,139.57,2.0,136.78,18.0,24.62
ORD-004418,2025-09-16,CUST-01051,Priya Harris,33,Male,Middle East,Saudi Arabia,Home & Kitchen,Smart Thermostat Google Nest,3,181.11,13.0,472.7,22.1,104.47
ORD-004419,2025-09-16,CUST-00628,Mia Rossi,29,Female,Latin America,Argentina,Sports & Outdoors,Wilson Tennis Racket Pro,3,217.24,4.0,625.65,27.8,173.93
ORD-004420,2025-09-16,CUST-00334,Noah Martinez,22,Female,Middle East,Qatar,Sports & Outdoors,Speedo Swim Goggles,3,29.93,17.0,74.53,27.1,20.2
ORD-004421,2025-09-16,CUST-00174,Charles Flores,27,Male,Europe,France,Clothing,Gucci Belt,4,414.36,20.0,1325.95,46.0,609.94
ORD-004422,2025-09-16,CUST-01694,Yuki Lopez,33,Male,Asia Pacific,Australia,Electronics,Bose SoundLink Speaker,2,265.16,7.0,493.2,19.7,97.16
ORD-004423,2025-09-16,CUST-00892,Aiden White,39,Female,North America,Canada,Electronics,Sony PlayStation 5,2,642.13,7.0,1194.36,10.9,130.19
ORD-004424,2025-09-16,CUST-00732,Richard Anderson,36,Female,Asia Pacific,India,Clothing,Tommy Hilfiger Polo Shirt,1,85.52,0.0,85.52,34.8,29.76
ORD-004425,2025-09-16,CUST-01113,David Anderson,47,Male,Europe,France,Home & Kitchen,Roomba i7+ Robot Vacuum,1,797.73,15.0,678.07,30.4,206.13
ORD-004426,2025-09-16,CUST-00967,Jennifer Scott,45,Female,Latin America,Argentina,Electronics,Sony WH-1000XM5 Headphones,1,361.29,7.0,336.0,12.4,41.66
ORD-004427,2025-09-16,CUST-01646,Ali Harris,57,Female,North America,USA,Beauty & Personal Care,Oral-B Electric Toothbrush Pro,1,88.38,16.0,74.24,55.6,41.28
ORD-004428,2025-09-16,CUST-01701,Isabella Scott,33,Female,Middle East,UAE,Electronics,Canon EOS R50 Camera,1,889.02,13.0,773.45,8.6,66.52
ORD-004429,2025-09-16,CUST-01118,Mason Garcia,33,Female,Middle East,Saudi Arabia,Sports & Outdoors,Peloton Bike+,1,2643.18,0.0,2643.18,33.8,893.39
ORD-004430,2025-09-16,CUST-00187,William Baker,50,Male,Europe,Italy,Clothing,Puma Running Shorts,1,28.51,0.0,28.51,32.2,9.18
ORD-004431,2025-09-16,CUST-00607,Layla Carter,47,Female,Europe,Italy,Clothing,Adidas Ultraboost Shoes,3,172.58,0.0,517.74,44.3,229.36
ORD-004432,2025-09-16,CUST-01332,Muhammad Taylor,48,Female,Europe,France,Clothing,North Face Fleece Jacket,2,120.94,17.0,200.76,31.3,62.84
ORD-004433,2025-09-16,CUST-00851,Carlos Jones,55,Male,Latin America,Brazil,Electronics,Kindle Paperwhite,1,145.16,7.0,135.0,16.8,22.68
ORD-004434,2025-09-16,CUST-00572,Robert Lopez,34,Female,Middle East,Qatar,Electronics,"LG OLED 55"" TV",1,1633.63,16.0,1372.25,16.6,227.79
ORD-004435,2025-09-16,CUST-00656,Rafael Martin,38,Male,Europe,UK,Clothing,Calvin Klein Underwear Set,4,40.87,26.0,120.98,52.9,64.0
ORD-004436,2025-09-16,CUST-01106,Susan Fernandez,30,Male,North America,Mexico,Sports & Outdoors,Spalding NBA Basketball,3,33.92,0.0,101.76,24.1,24.52
ORD-004437,2025-09-17,CUST-00488,Lisa Ali,39,Male,Europe,Netherlands,Clothing,Adidas Ultraboost Shoes,4,189.04,23.0,582.24,30.2,175.84
ORD-004438,2025-09-17,CUST-01434,Ali Dupont,31,Female,Asia Pacific,South Korea,Home & Kitchen,Ninja Air Fryer XL,3,163.07,16.0,410.94,32.5,133.56
ORD-004439,2025-09-17,CUST-00323,Laila Johnson,39,Female,Middle East,Saudi Arabia,Clothing,Converse Chuck Taylor All Star,1,73.58,0.0,73.58,52.2,38.41
ORD-004440,2025-09-17,CUST-01519,Zara Garcia,44,Female,Asia Pacific,India,Sports & Outdoors,Speedo Swim Goggles,3,42.2,0.0,126.6,18.9,23.93
ORD-004441,2025-09-17,CUST-00887,Olivia King,44,Female,Europe,Spain,Clothing,Nike Air Max 270,1,135.16,0.0,135.16,50.1,67.72
ORD-004442,2025-09-17,CUST-01574,Layla Allen,40,Female,Europe,UK,Home & Kitchen,Instant Pot Duo 7-in-1,2,113.91,11.0,202.76,24.8,50.28
ORD-004443,2025-09-17,CUST-01594,Riley Johnson,18,Female,Asia Pacific,India,Clothing,Ray-Ban Aviator Sunglasses,4,188.91,0.0,755.64,52.4,395.96
ORD-004444,2025-09-17,CUST-01027,Layla Chen,37,Female,Middle East,Qatar,Home & Kitchen,Instant Pot Duo 7-in-1,1,93.74,12.0,82.49,25.6,21.12
ORD-004445,2025-09-17,CUST-00251,Rafael Adams,42,Male,Latin America,Brazil,Beauty & Personal Care,Fenty Beauty Foundation,1,47.01,8.0,43.25,44.1,19.07
ORD-004446,2025-09-17,CUST-01204,Layla Chen,41,Male,Asia Pacific,Singapore,Electronics,Canon EOS R50 Camera,1,907.68,3.0,880.45,19.3,169.93
ORD-004447,2025-09-17,CUST-01107,Ethan Hall,39,Female,Latin America,Brazil,Clothing,North Face Fleece Jacket,1,140.31,8.0,129.09,38.6,49.83
ORD-004448,2025-09-17,CUST-01386,Isabella White,38,Female,Europe,France,Home & Kitchen,Air Purifier HEPA,3,183.37,0.0,550.11,27.7,152.38
ORD-004449,2025-09-17,CUST-00961,Sophia Miller,39,Male,Asia Pacific,South Korea,Electronics,Apple MacBook Air M2,1,1283.31,6.0,1206.31,19.7,237.64
ORD-004450,2025-09-17,CUST-00549,Fatima Taylor,18,Male,Latin America,Colombia,Beauty & Personal Care,Bath & Body Works Candle Set,2,38.37,0.0,76.74,40.0,30.7
ORD-004451,2025-09-17,CUST-00363,David Singh,54,Male,Latin America,Colombia,Clothing,Gucci Belt,2,365.58,0.0,731.16,48.5,354.61
ORD-004452,2025-09-17,CUST-01274,Wei Garcia,18,Female,Latin America,Brazil,Clothing,H&M Cotton T-Shirt Pack,1,27.11,18.0,22.23,36.8,8.18
ORD-004453,2025-09-17,CUST-00947,Susan Santos,37,Female,Latin America,Argentina,Beauty & Personal Care,Charlotte Tilbury Lipstick,5,36.79,2.0,180.27,59.4,107.08
ORD-004454,2025-09-17,CUST-00584,Aiden Jones,46,Male,North America,Canada,Home & Kitchen,IKEA KALLAX Shelf Unit,1,182.61,14.0,157.04,31.8,49.94
ORD-004455,2025-09-17,CUST-00377,Lucas Green,18,Female,North America,USA,Home & Kitchen,Cuisinart 12-Piece Cookware Set,3,299.48,0.0,898.44,20.3,182.38
ORD-004456,2025-09-17,CUST-00498,Patricia Miller,42,Female,North America,Mexico,Sports & Outdoors,Resistance Bands Set,2,43.66,1.0,86.45,18.6,16.08
ORD-004457,2025-09-17,CUST-01642,James Jackson,21,Male,Asia Pacific,Singapore,Home & Kitchen,Roomba i7+ Robot Vacuum,2,916.71,12.0,1613.41,34.0,548.56
ORD-004458,2025-09-17,CUST-01292,Joseph Lee,35,Female,Middle East,UAE,Electronics,GoPro Hero 12,2,414.12,13.0,720.57,8.4,60.53
ORD-004459,2025-09-18,CUST-01684,Richard Jackson,37,Male,Asia Pacific,Japan,Sports & Outdoors,Peloton Bike+,1,2923.45,16.0,2455.7,32.9,807.93
ORD-004460,2025-09-18,CUST-01718,Fatima Johnson,32,Female,Europe,Italy,Home & Kitchen,Weighted Blanket 15lbs,2,108.11,9.0,196.76,33.0,64.93
ORD-004461,2025-09-18,CUST-01587,Thomas Khan,34,Female,Latin America,Argentina,Home & Kitchen,Philips Hue Smart Bulb Set,2,85.38,3.0,165.64,28.7,47.54
ORD-004462,2025-09-18,CUST-01707,Hana Jones,49,Female,Middle East,UAE,Electronics,"LG OLED 55"" TV",1,2088.9,1.0,2068.01,17.5,361.9
ORD-004463,2025-09-18,CUST-00097,Ravi Fernandez,57,Male,Europe,Netherlands,Beauty & Personal Care,Philips Norelco Shaver,4,145.89,16.0,490.19,55.4,271.57
ORD-004464,2025-09-18,CUST-01105,Mia Kim,42,Male,North America,Mexico,Electronics,Ring Video Doorbell,2,135.12,6.0,254.03,13.8,35.06
ORD-004465,2025-09-18,CUST-01571,Carlos King,31,Female,Latin America,Colombia,Clothing,Levi's 501 Jeans,1,80.62,27.0,58.85,43.5,25.6
ORD-004466,2025-09-18,CUST-01347,Charlotte Dupont,33,Male,Middle East,Saudi Arabia,Home & Kitchen,Ninja Air Fryer XL,2,155.82,19.0,252.43,36.4,91.88
ORD-004467,2025-09-18,CUST-00718,Lucas Torres,18,Female,Asia Pacific,India,Sports & Outdoors,Speedo Swim Goggles,1,25.67,11.0,22.85,23.3,5.32
ORD-004468,2025-09-18,CUST-00188,Michael Carter,35,Female,Asia Pacific,Japan,Electronics,Samsung Galaxy S24,2,1300.54,15.0,2210.92,14.0,309.53
ORD-004469,2025-09-18,CUST-01770,Liam Johnson,31,Male,Asia Pacific,Singapore,Electronics,Apple MacBook Air M2,1,1537.62,14.0,1322.35,16.4,216.87
ORD-004470,2025-09-18,CUST-01799,Isabella Rossi,62,Female,North America,Mexico,Electronics,Apple MacBook Air M2,2,1499.15,7.0,2788.42,8.8,245.38
ORD-004471,2025-09-18,CUST-01367,Liam Taylor,44,Female,Asia Pacific,Singapore,Home & Kitchen,Bamboo Cutting Board Set,1,43.85,0.0,43.85,31.8,13.94
ORD-004472,2025-09-18,CUST-01197,William Garcia,35,Female,Middle East,Qatar,Electronics,Dell XPS 15 Laptop,1,1328.22,0.0,1328.22,8.8,116.88
ORD-004473,2025-09-18,CUST-00556,Fatima Baker,40,Female,Latin America,Colombia,Beauty & Personal Care,Moroccanoil Hair Oil,3,33.34,18.0,82.02,52.3,42.9
ORD-004474,2025-09-18,CUST-00878,Rafael Martin,18,Male,Middle East,Saudi Arabia,Home & Kitchen,Air Purifier HEPA,3,266.5,14.0,687.57,35.4,243.4
ORD-004475,2025-09-18,CUST-01694,Yuki Lopez,33,Male,Asia Pacific,Australia,Home & Kitchen,French Press Coffee Maker,3,50.68,0.0,152.04,33.2,50.48
ORD-004476,2025-09-18,CUST-01114,Lisa Dupont,37,Female,North America,Canada,Clothing,Adidas Ultraboost Shoes,3,198.64,0.0,595.92,47.7,284.25
ORD-004477,2025-09-19,CUST-00274,Sophia Walker,37,Male,Latin America,Argentina,Beauty & Personal Care,Fenty Beauty Foundation,2,48.12,13.0,83.73,49.1,41.11
ORD-004478,2025-09-19,CUST-00603,Lisa Müller,29,Male,Asia Pacific,Singapore,Home & Kitchen,Smart Thermostat Google Nest,1,183.2,0.0,183.2,28.8,52.76
ORD-004479,2025-09-19,CUST-01536,Laila Khan,18,Female,Middle East,Saudi Arabia,Home & Kitchen,Dyson V15 Vacuum,2,790.35,6.0,1485.86,28.8,427.93
ORD-004480,2025-09-19,CUST-01358,Carlos Davis,23,Female,Middle East,Saudi Arabia,Electronics,iPhone 15 Pro,1,1211.11,14.0,1041.55,8.7,90.61
ORD-004481,2025-09-19,CUST-00821,Sarah Baker,32,Female,Latin America,Brazil,Sports & Outdoors,Speedo Swim Goggles,3,39.13,0.0,117.39,33.0,38.74
ORD-004482,2025-09-19,CUST-01255,Patricia Allen,19,Female,North America,USA,Electronics,iPad Pro 11-inch,1,925.56,15.0,786.73,9.1,71.59
ORD-004483,2025-09-19,CUST-00491,Ali Miller,27,Female,Middle East,Saudi Arabia,Clothing,Gucci Belt,2,372.65,27.0,544.07,32.6,177.37
ORD-004484,2025-09-19,CUST-01669,Sarah Wilson,49,Male,Latin America,Argentina,Home & Kitchen,Weighted Blanket 15lbs,3,88.2,0.0,264.6,29.8,78.85
ORD-004485,2025-09-19,CUST-00549,Fatima Taylor,18,Male,Latin America,Colombia,Electronics,Ring Video Doorbell,1,217.41,15.0,184.8,12.2,22.55
ORD-004486,2025-09-19,CUST-01026,John Patel,36,Male,Middle East,UAE,Electronics,Dell XPS 15 Laptop,1,1555.26,0.0,1555.26,18.8,292.39
ORD-004487,2025-09-19,CUST-00830,Chen Brown,19,Female,North America,USA,Electronics,Canon EOS R50 Camera,2,815.88,0.0,1631.76,8.8,143.59
ORD-004488,2025-09-19,CUST-00296,Hana Singh,57,Male,Europe,Netherlands,Electronics,GoPro Hero 12,2,451.98,0.0,903.96,10.5,94.92
ORD-004489,2025-09-19,CUST-01528,Jennifer Wilson,48,Female,Asia Pacific,Singapore,Electronics,Apple Watch Series 9,1,541.2,9.0,492.49,9.3,45.8
ORD-004490,2025-09-20,CUST-00491,Ali Miller,27,Female,Middle East,Saudi Arabia,Electronics,Sony PlayStation 5,1,705.66,9.0,642.15,14.8,95.04
ORD-004491,2025-09-20,CUST-00374,Sarah Taylor,19,Female,Asia Pacific,Singapore,Electronics,Ring Video Doorbell,2,117.31,3.0,227.58,15.0,34.14
ORD-004492,2025-09-20,CUST-01391,Charles Hill,28,Female,Middle East,UAE,Clothing,Puma Running Shorts,1,42.38,12.0,37.29,33.1,12.34
ORD-004493,2025-09-20,CUST-01752,Linda Mitchell,47,Female,North America,USA,Home & Kitchen,Cuisinart 12-Piece Cookware Set,1,205.79,3.0,199.62,38.6,77.05
ORD-004494,2025-09-20,CUST-01500,Zara Miller,53,Female,North America,Canada,Sports & Outdoors,Fitbit Charge 6,2,199.44,9.0,362.98,36.0,130.67
ORD-004495,2025-09-20,CUST-00412,Sofia Fernandez,42,Male,Asia Pacific,Singapore,Clothing,Levi's 501 Jeans,3,95.58,17.0,237.99,34.8,82.82
ORD-004496,2025-09-20,CUST-01797,Ravi Hill,45,Male,Latin America,Brazil,Electronics,Apple MacBook Air M2,1,1415.06,16.0,1188.65,19.7,234.16
ORD-004497,2025-09-20,CUST-01787,Sophia Scott,19,Female,Middle East,UAE,Beauty & Personal Care,Foreo LUNA Face Massager,2,178.88,3.0,347.03,47.1,163.45
ORD-004498,2025-09-20,CUST-00549,Fatima Taylor,18,Male,Latin America,Colombia,Clothing,Ray-Ban Aviator Sunglasses,2,189.93,21.0,300.09,33.0,99.03
ORD-004499,2025-09-20,CUST-00621,Laila Chen,19,Female,Asia Pacific,South Korea,Sports & Outdoors,TRX Suspension Trainer,1,200.26,0.0,200.26,30.0,60.08
ORD-004500,2025-09-20,CUST-01629,Isabella White,28,Female,Europe,Netherlands,Home & Kitchen,KitchenAid Stand Mixer,1,489.89,16.0,411.51,30.5,125.51
ORD-004501,2025-09-20,CUST-00909,Charles Ahmed,37,Male,Middle East,UAE,Beauty & Personal Care,La Mer Moisturizing Cream,1,262.26,0.0,262.26,43.2,113.3
ORD-004502,2025-09-21,CUST-00038,Robert Schmidt,31,Male,Latin America,Brazil,Home & Kitchen,Cuisinart 12-Piece Cookware Set,1,271.11,2.0,265.69,21.2,56.33
ORD-004503,2025-09-21,CUST-00249,Olivia Singh,59,Female,Asia Pacific,Japan,Home & Kitchen,Smart Thermostat Google Nest,1,175.33,12.0,154.29,32.2,49.68
ORD-004504,2025-09-21,CUST-01563,Charlotte Hill,38,Male,Middle East,UAE,Beauty & Personal Care,Olaplex No.3 Hair Perfector,2,39.58,6.0,74.41,44.8,33.34
ORD-004505,2025-09-21,CUST-00164,Chen Thompson,18,Female,North America,Canada,Beauty & Personal Care,Bath & Body Works Candle Set,2,42.63,14.0,73.32,36.2,26.54
ORD-004506,2025-09-21,CUST-00228,Robert Santos,57,Male,Europe,Spain,Electronics,GoPro Hero 12,2,426.0,12.0,749.76,8.4,62.98
ORD-004507,2025-09-21,CUST-01455,Muhammad Martin,31,Male,Asia Pacific,India,Electronics,Samsung Galaxy S24,1,1227.88,13.0,1068.26,13.9,148.49
ORD-004508,2025-09-21,CUST-00015,Karen Wang,28,Female,Europe,Italy,Beauty & Personal Care,Olaplex No.3 Hair Perfector,2,36.48,6.0,68.58,55.9,38.34
ORD-004509,2025-09-21,CUST-01301,Charles Martin,27,Female,Europe,Germany,Clothing,H&M Cotton T-Shirt Pack,3,40.76,27.0,89.26,31.7,28.3
ORD-004510,2025-09-21,CUST-01051,Priya Harris,33,Male,Middle East,Saudi Arabia,Beauty & Personal Care,Bioderma Micellar Water 500ml,4,15.3,12.0,53.86,46.1,24.83
ORD-004511,2025-09-21,CUST-00323,Laila Johnson,39,Female,Middle East,Saudi Arabia,Sports & Outdoors,Yoga Mat Premium Non-Slip,1,56.3,0.0,56.3,29.9,16.83
ORD-004512,2025-09-21,CUST-01279,David Singh,18,Male,Middle East,Saudi Arabia,Electronics,Dell XPS 15 Laptop,2,1479.39,13.0,2574.14,17.8,458.2
ORD-004513,2025-09-21,CUST-01709,Noah Williams,18,Male,North America,USA,Home & Kitchen,Ninja Air Fryer XL,3,136.42,18.0,335.59,31.0,104.03
ORD-004514,2025-09-21,CUST-01012,William Nelson,32,Male,Europe,Netherlands,Clothing,Timberland Boots,3,207.68,24.0,473.51,41.1,194.61
ORD-004515,2025-09-21,CUST-00697,Ana Williams,20,Female,Asia Pacific,Japan,Electronics,iPad Pro 11-inch,1,1089.33,12.0,958.61,17.8,170.63
ORD-004516,2025-09-22,CUST-00318,Linda Nelson,28,Male,Latin America,Argentina,Electronics,USB-C Hub 7-in-1,1,83.63,0.0,83.63,18.6,15.56
ORD-004517,2025-09-22,CUST-01063,Priya Walker,50,Male,Latin America,Colombia,Sports & Outdoors,Hydro Flask 32oz Water Bottle,3,49.4,24.0,112.63,20.1,22.64
ORD-004518,2025-09-22,CUST-01571,Carlos King,31,Female,Latin America,Colombia,Electronics,Ring Video Doorbell,1,197.5,2.0,193.55,16.3,31.55
ORD-004519,2025-09-22,CUST-01491,Patricia Jackson,55,Female,Europe,Spain,Electronics,Ring Video Doorbell,2,175.45,13.0,305.28,11.1,33.89
ORD-004520,2025-09-22,CUST-00086,Ahmed Walker,20,Male,Latin America,Argentina,Home & Kitchen,Dyson V15 Vacuum,1,841.69,0.0,841.69,31.3,263.45
ORD-004521,2025-09-22,CUST-01670,Zara Hill,44,Female,North America,USA,Sports & Outdoors,Bowflex SelectTech Dumbbells,3,361.17,11.0,964.32,31.7,305.69
ORD-004522,2025-09-22,CUST-00106,Ethan Allen,39,Female,Europe,UK,Electronics,iPad Pro 11-inch,2,1113.69,10.0,2004.64,17.5,350.81
ORD-004523,2025-09-22,CUST-01214,Laila Davis,37,Male,Asia Pacific,India,Sports & Outdoors,Speedo Swim Goggles,2,32.79,0.0,65.58,37.1,24.33
ORD-004524,2025-09-22,CUST-01469,Mary Roberts,45,Male,Latin America,Brazil,Electronics,Ring Video Doorbell,1,164.49,7.0,152.98,9.4,14.38
ORD-004525,2025-09-22,CUST-01750,Ana Flores,45,Male,Latin America,Colombia,Sports & Outdoors,Camping Sleeping Bag -10°C,1,116.44,17.0,96.65,36.9,35.66
ORD-004526,2025-09-22,CUST-01525,Sophia Davis,42,Male,Latin America,Brazil,Clothing,Gucci Belt,4,368.66,20.0,1179.71,53.7,633.5
ORD-004527,2025-09-22,CUST-00034,Layla Ahmed,42,Female,Latin America,Brazil,Clothing,Zara Wool Coat,3,205.07,13.0,535.23,39.7,212.49
ORD-004528,2025-09-22,CUST-01122,Jennifer Brown,30,Female,Latin America,Argentina,Home & Kitchen,IKEA KALLAX Shelf Unit,1,199.05,0.0,199.05,21.7,43.19
ORD-004529,2025-09-22,CUST-00100,Ravi Flores,44,Female,Middle East,Qatar,Electronics,iPad Pro 11-inch,2,1162.27,5.0,2208.31,17.5,386.45
ORD-004530,2025-09-23,CUST-01751,David Johnson,54,Male,Middle East,Saudi Arabia,Beauty & Personal Care,Fenty Beauty Foundation,2,56.75,2.0,111.23,53.6,59.62
ORD-004531,2025-09-23,CUST-01609,Riley Johnson,27,Male,Asia Pacific,Singapore,Beauty & Personal Care,La Mer Moisturizing Cream,2,270.98,20.0,433.57,53.1,230.23
ORD-004532,2025-09-23,CUST-00099,Linda Green,23,Male,Middle East,UAE,Home & Kitchen,Instant Pot Duo 7-in-1,1,132.75,19.0,107.53,27.7,29.79
ORD-004533,2025-09-23,CUST-00158,Thomas Lopez,44,Male,Middle East,UAE,Beauty & Personal Care,The Ordinary Serum Set,2,38.92,0.0,77.84,54.4,42.34
ORD-004534,2025-09-23,CUST-00218,Hana Jones,35,Male,Latin America,Argentina,Beauty & Personal Care,Moroccanoil Hair Oil,5,31.24,12.0,137.46,47.1,64.74
ORD-004535,2025-09-23,CUST-00634,Ethan Davis,37,Female,Middle East,Saudi Arabia,Sports & Outdoors,Spalding NBA Basketball,3,58.49,13.0,152.66,24.4,37.25
ORD-004536,2025-09-23,CUST-01484,Sophia Singh,52,Female,Latin America,Argentina,Home & Kitchen,KitchenAid Stand Mixer,1,478.89,18.0,392.69,29.9,117.41
ORD-004537,2025-09-23,CUST-00611,Lucas Wright,52,Female,North America,Canada,Sports & Outdoors,Spalding NBA Basketball,2,51.44,0.0,102.88,38.0,39.09
ORD-004538,2025-09-23,CUST-00107,Jessica Nguyen,35,Male,Middle East,Saudi Arabia,Electronics,iPhone 15 Pro,2,1203.44,12.0,2118.05,18.1,383.37
ORD-004539,2025-09-23,CUST-01156,John Ali,41,Female,North America,USA,Electronics,Sony WH-1000XM5 Headphones,2,387.46,15.0,658.68,9.0,59.28
ORD-004540,2025-09-23,CUST-01624,Harry Green,26,Male,Middle East,UAE,Electronics,Samsung Galaxy S24,2,1015.35,13.0,1766.71,17.3,305.64
ORD-004541,2025-09-23,CUST-00366,Riley Wang,33,Male,Middle East,Qatar,Sports & Outdoors,Spalding NBA Basketball,3,55.84,10.0,150.77,37.4,56.39
ORD-004542,2025-09-23,CUST-01181,Linda Khan,35,Female,North America,Mexico,Clothing,Levi's 501 Jeans,4,82.28,0.0,329.12,36.8,121.12
ORD-004543,2025-09-23,CUST-01530,Hana Anderson,47,Female,North America,USA,Clothing,Uniqlo Down Jacket,3,105.17,1.0,312.35,41.1,128.38
ORD-004544,2025-09-23,CUST-00610,Ana Patel,18,Female,Latin America,Brazil,Beauty & Personal Care,Bioderma Micellar Water 500ml,4,15.68,0.0,62.72,53.2,33.37
ORD-004545,2025-09-23,CUST-01133,Riley Martinez,39,Female,Latin America,Colombia,Electronics,Canon EOS R50 Camera,2,872.63,15.0,1483.47,15.3,226.97
ORD-004546,2025-09-23,CUST-00151,Priya Carter,19,Male,Latin America,Colombia,Clothing,Zara Wool Coat,4,182.68,25.0,548.04,54.1,296.49
ORD-004547,2025-09-23,CUST-00345,Layla Wright,35,Male,North America,Mexico,Home & Kitchen,Roomba i7+ Robot Vacuum,2,872.62,15.0,1483.45,36.5,541.46
ORD-004548,2025-09-24,CUST-00041,Sarah Lopez,44,Female,Latin America,Brazil,Home & Kitchen,Ninja Air Fryer XL,2,115.03,13.0,200.15,22.6,45.23
ORD-004549,2025-09-24,CUST-00793,Michael Torres,60,Male,Middle East,Qatar,Clothing,Zara Wool Coat,4,213.31,14.0,733.79,32.7,239.95
ORD-004550,2025-09-24,CUST-00532,Jennifer Davis,37,Female,North America,Canada,Electronics,Apple Watch Series 9,2,590.5,15.0,1003.85,16.3,163.63
ORD-004551,2025-09-24,CUST-00403,Lisa Fernandez,30,Male,Latin America,Argentina,Home & Kitchen,Air Purifier HEPA,1,296.22,18.0,242.9,39.1,94.97
ORD-004552,2025-09-24,CUST-01588,Ahmed Nguyen,25,Female,Middle East,Saudi Arabia,Home & Kitchen,Dyson V15 Vacuum,2,847.79,5.0,1610.8,34.4,554.12
ORD-004553,2025-09-24,CUST-01336,Liam Müller,42,Female,Europe,Spain,Home & Kitchen,Bamboo Cutting Board Set,3,36.0,4.0,103.68,30.0,31.1
ORD-004554,2025-09-24,CUST-00446,Mia Ali,56,Female,North America,USA,Beauty & Personal Care,Fenty Beauty Foundation,1,43.3,3.0,42.0,55.1,23.14
ORD-004555,2025-09-24,CUST-00678,Oliver Patel,38,Female,Middle East,UAE,Electronics,iPhone 15 Pro,1,1213.83,2.0,1189.55,13.8,164.16
ORD-004556,2025-09-24,CUST-00585,Michael Hall,35,Male,Middle East,UAE,Clothing,Timberland Boots,2,198.65,13.0,345.65,45.7,157.96
ORD-004557,2025-09-24,CUST-01430,Isabella Singh,42,Female,Asia Pacific,South Korea,Clothing,Gucci Belt,3,390.44,5.0,1112.75,46.5,517.43
ORD-004558,2025-09-24,CUST-01506,Susan Martin,23,Female,North America,Canada,Sports & Outdoors,Spalding NBA Basketball,1,37.6,8.0,34.59,20.7,7.16
ORD-004559,2025-09-24,CUST-01402,Susan Scott,43,Male,Middle East,Qatar,Home & Kitchen,French Press Coffee Maker,2,35.04,0.0,70.08,34.8,24.39
ORD-004560,2025-09-24,CUST-00648,John Chen,40,Male,Asia Pacific,Singapore,Sports & Outdoors,Yoga Mat Premium Non-Slip,2,70.34,0.0,140.68,28.6,40.23
ORD-004561,2025-09-24,CUST-00699,Charlotte Jackson,31,Male,Europe,Germany,Beauty & Personal Care,Fenty Beauty Foundation,3,48.15,20.0,115.56,37.9,43.8
ORD-004562,2025-09-24,CUST-01089,Ethan Walker,42,Female,North America,Canada,Electronics,iPhone 15 Pro,1,1189.89,10.0,1070.9,18.3,195.97
ORD-004563,2025-09-24,CUST-00278,Ravi Santos,28,Male,Europe,Spain,Electronics,iPad Pro 11-inch,2,1029.31,0.0,2058.62,15.1,310.85
ORD-004564,2025-09-25,CUST-01334,James Rossi,24,Male,Middle East,Saudi Arabia,Electronics,iPad Pro 11-inch,1,1165.04,0.0,1165.04,13.1,152.62
ORD-004565,2025-09-25,CUST-00911,Layla Smith,22,Male,Latin America,Colombia,Clothing,Ray-Ban Aviator Sunglasses,1,198.63,19.0,160.89,50.9,81.89
ORD-004566,2025-09-25,CUST-00572,Robert Lopez,34,Female,Middle East,Qatar,Home & Kitchen,KitchenAid Stand Mixer,2,484.73,7.0,901.6,34.8,313.76
ORD-004567,2025-09-25,CUST-01481,Robert Miller,42,Female,Middle East,Qatar,Home & Kitchen,Nespresso Vertuo Coffee Machine,2,184.36,0.0,368.72,23.2,85.54
ORD-004568,2025-09-25,CUST-01274,Wei Garcia,18,Female,Latin America,Brazil,Home & Kitchen,Weighted Blanket 15lbs,1,89.76,0.0,89.76,21.1,18.94
ORD-004569,2025-09-25,CUST-01100,Layla Miller,33,Male,Latin America,Colombia,Beauty & Personal Care,Philips Norelco Shaver,3,109.59,20.0,263.02,52.9,139.14
ORD-004570,2025-09-25,CUST-00495,Ravi Schmidt,52,Male,Europe,Spain,Home & Kitchen,Air Purifier HEPA,1,265.78,9.0,241.86,35.8,86.59
ORD-004571,2025-09-25,CUST-01087,Hana Patel,20,Male,Europe,Italy,Electronics,Dell XPS 15 Laptop,1,1407.12,15.0,1196.05,9.3,111.23
ORD-004572,2025-09-25,CUST-00055,Sophia Davis,36,Male,North America,Mexico,Home & Kitchen,Cuisinart 12-Piece Cookware Set,2,288.16,13.0,501.4,29.9,149.92
ORD-004573,2025-09-25,CUST-01251,Riley Garcia,23,Female,Middle East,UAE,Electronics,Samsung Galaxy S24,2,1091.97,0.0,2183.94,12.0,262.07
ORD-004574,2025-09-25,CUST-01707,Hana Jones,49,Female,Middle East,UAE,Beauty & Personal Care,Fenty Beauty Foundation,2,46.14,11.0,82.13,37.4,30.72
ORD-004575,2025-09-25,CUST-01048,Harry Müller,38,Female,Middle East,UAE,Home & Kitchen,Dyson V15 Vacuum,2,792.43,1.0,1569.01,25.7,403.24
ORD-004576,2025-09-25,CUST-01265,Ravi Williams,18,Male,Europe,France,Electronics,Dell XPS 15 Laptop,1,1408.76,14.0,1211.53,8.6,104.19
ORD-004577,2025-09-25,CUST-00147,Mason Allen,41,Female,Asia Pacific,Singapore,Home & Kitchen,Smart Thermostat Google Nest,2,159.19,8.0,292.91,37.5,109.84
ORD-004578,2025-09-25,CUST-00892,Aiden White,39,Female,North America,Canada,Home & Kitchen,Philips Hue Smart Bulb Set,2,74.05,15.0,125.88,21.9,27.57
ORD-004579,2025-09-25,CUST-01661,Patricia Walker,46,Female,Europe,UK,Clothing,Uniqlo Down Jacket,3,145.05,22.0,339.42,43.4,147.31
ORD-004580,2025-09-25,CUST-01084,Chen Allen,30,Female,Europe,Italy,Sports & Outdoors,Wilson Tennis Racket Pro,3,186.17,7.0,519.41,30.3,157.38
ORD-004581,2025-09-25,CUST-00124,Robert Khan,21,Male,Middle East,Saudi Arabia,Home & Kitchen,Air Purifier HEPA,3,289.32,0.0,867.96,33.6,291.63
ORD-004582,2025-09-25,CUST-01215,Rafael Flores,18,Male,Europe,Spain,Home & Kitchen,LED Desk Lamp with USB,1,44.32,0.0,44.32,23.5,10.42
ORD-004583,2025-09-25,CUST-00874,Priya Khan,23,Female,North America,Mexico,Home & Kitchen,Philips Hue Smart Bulb Set,2,82.18,9.0,149.57,21.4,32.01
ORD-004584,2025-09-25,CUST-00543,Chen Scott,22,Female,Asia Pacific,Singapore,Clothing,H&M Cotton T-Shirt Pack,1,33.92,0.0,33.92,43.5,14.76
ORD-004585,2025-09-25,CUST-01278,Richard Davis,46,Male,Europe,France,Home & Kitchen,Philips Hue Smart Bulb Set,3,65.95,0.0,197.85,34.6,68.46
ORD-004586,2025-09-25,CUST-00321,Layla Wright,41,Male,Europe,Netherlands,Clothing,Tommy Hilfiger Polo Shirt,1,59.46,28.0,42.81,44.9,19.22
ORD-004587,2025-09-25,CUST-01251,Riley Garcia,23,Female,Middle East,UAE,Sports & Outdoors,Camping Sleeping Bag -10°C,3,126.75,8.0,349.83,37.0,129.44
ORD-004588,2025-09-26,CUST-01074,Charles Kim,27,Male,Asia Pacific,Japan,Electronics,Sony WH-1000XM5 Headphones,1,370.7,7.0,344.75,16.4,56.54
ORD-004589,2025-09-26,CUST-01113,David Anderson,47,Male,Europe,France,Beauty & Personal Care,Dyson Airwrap Styler,4,664.18,15.0,2258.21,54.0,1219.43
ORD-004590,2025-09-26,CUST-00991,Charles Kim,22,Female,Latin America,Colombia,Sports & Outdoors,Garmin GPS Running Watch,3,410.77,19.0,998.17,19.4,193.64
ORD-004591,2025-09-26,CUST-01554,Ana Brown,21,Male,Latin America,Colombia,Sports & Outdoors,TRX Suspension Trainer,1,176.11,4.0,169.07,25.5,43.11
ORD-004592,2025-09-26,CUST-01518,Mia Singh,38,Male,Middle East,Saudi Arabia,Electronics,USB-C Hub 7-in-1,2,64.15,7.0,119.32,19.1,22.79
ORD-004593,2025-09-26,CUST-01534,Richard Lee,18,Male,Middle East,Qatar,Clothing,Timberland Boots,1,177.08,11.0,157.6,51.8,81.64
ORD-004594,2025-09-26,CUST-01640,Harry Chen,38,Male,Asia Pacific,Australia,Home & Kitchen,Philips Hue Smart Bulb Set,3,71.03,0.0,213.09,39.0,83.11
ORD-004595,2025-09-26,CUST-00721,Amelia Thompson,55,Male,Asia Pacific,India,Home & Kitchen,Smart Thermostat Google Nest,3,200.73,8.0,554.01,26.7,147.92
ORD-004596,2025-09-26,CUST-01547,Richard Taylor,30,Male,Middle East,UAE,Beauty & Personal Care,Tatcha Rice Wash Cleanser,3,59.7,8.0,164.77,59.8,98.53
ORD-004597,2025-09-26,CUST-00756,Ahmed Carter,32,Female,Asia Pacific,India,Beauty & Personal Care,The Ordinary Serum Set,1,25.83,0.0,25.83,39.2,10.13
ORD-004598,2025-09-26,CUST-00684,Jessica Jackson,18,Female,North America,USA,Electronics,iPad Pro 11-inch,1,1129.84,8.0,1039.45,10.1,104.98
ORD-004599,2025-09-26,CUST-00051,Barbara Jackson,25,Female,Asia Pacific,Singapore,Clothing,H&M Cotton T-Shirt Pack,4,39.18,24.0,119.11,34.6,41.21
ORD-004600,2025-09-26,CUST-01543,Lucas Harris,26,Male,Asia Pacific,Singapore,Clothing,Puma Running Shorts,1,48.46,4.0,46.52,47.5,22.1
ORD-004601,2025-09-26,CUST-00613,Joseph Rossi,40,Male,North America,Mexico,Clothing,Adidas Ultraboost Shoes,1,211.68,27.0,154.53,32.2,49.76
ORD-004602,2025-09-26,CUST-00445,Layla Wilson,34,Female,Europe,Spain,Electronics,iPhone 15 Pro,2,1325.77,0.0,2651.54,16.2,429.55
ORD-004603,2025-09-26,CUST-01334,James Rossi,24,Male,Middle East,Saudi Arabia,Home & Kitchen,IKEA KALLAX Shelf Unit,3,220.51,4.0,635.07,21.9,139.08
ORD-004604,2025-09-26,CUST-00813,Lucas Mitchell,27,Male,Asia Pacific,Australia,Sports & Outdoors,Peloton Bike+,2,2771.73,0.0,5543.46,30.7,1701.84
ORD-004605,2025-09-26,CUST-00106,Ethan Allen,39,Female,Europe,UK,Home & Kitchen,KitchenAid Stand Mixer,1,411.54,19.0,333.35,38.5,128.34
ORD-004606,2025-09-26,CUST-00378,Patricia Brown,34,Female,Europe,Spain,Sports & Outdoors,Peloton Bike+,2,2721.23,8.0,5007.06,36.5,1827.58
ORD-004607,2025-09-27,CUST-01772,Joseph Johnson,27,Male,Latin America,Colombia,Clothing,Gucci Belt,2,506.03,9.0,920.97,40.4,372.07
ORD-004608,2025-09-27,CUST-00453,Joseph Dupont,39,Female,Europe,Spain,Beauty & Personal Care,Moroccanoil Hair Oil,3,53.7,9.0,146.6,54.9,80.48
ORD-004609,2025-09-27,CUST-01401,Laila Brown,38,Male,Europe,UK,Home & Kitchen,Smart Thermostat Google Nest,1,206.88,2.0,202.74,34.5,69.95
ORD-004610,2025-09-27,CUST-01296,Zara Harris,21,Female,Europe,France,Beauty & Personal Care,Dyson Airwrap Styler,1,664.37,0.0,664.37,40.4,268.41
ORD-004611,2025-09-27,CUST-00172,Ethan Brown,42,Female,North America,Mexico,Electronics,USB-C Hub 7-in-1,1,86.06,5.0,81.76,9.2,7.52
ORD-004612,2025-09-27,CUST-01378,Ravi Miller,30,Male,North America,Canada,Electronics,Dell XPS 15 Laptop,2,1618.63,4.0,3107.77,8.0,248.62
ORD-004613,2025-09-27,CUST-01469,Mary Roberts,45,Male,Latin America,Brazil,Beauty & Personal Care,Fenty Beauty Foundation,4,50.63,15.0,172.14,48.8,84.0
ORD-004614,2025-09-27,CUST-01746,Mary Jones,40,Female,Latin America,Brazil,Home & Kitchen,Air Purifier HEPA,2,217.12,0.0,434.24,30.2,131.14
ORD-004615,2025-09-27,CUST-00902,Harry Anderson,19,Female,North America,USA,Beauty & Personal Care,Bath & Body Works Candle Set,4,47.66,18.0,156.32,50.4,78.79
ORD-004616,2025-09-27,CUST-00638,Olivia Torres,34,Male,North America,Mexico,Clothing,Zara Wool Coat,3,171.26,10.0,462.4,45.8,211.78
ORD-004617,2025-09-27,CUST-00896,Chen Patel,45,Female,Europe,Spain,Electronics,Apple MacBook Air M2,1,1332.25,14.0,1145.73,16.0,183.32
ORD-004618,2025-09-27,CUST-00939,Sarah Lee,23,Female,North America,Mexico,Electronics,Apple Watch Series 9,2,536.2,1.0,1061.68,18.6,197.47
ORD-004619,2025-09-27,CUST-01462,Yuki Flores,49,Male,North America,Mexico,Electronics,Apple MacBook Air M2,2,1542.49,16.0,2591.38,10.9,282.46
ORD-004620,2025-09-27,CUST-00584,Aiden Jones,46,Male,North America,Canada,Clothing,Tommy Hilfiger Polo Shirt,4,70.59,29.0,200.48,35.2,70.57
ORD-004621,2025-09-27,CUST-00502,Jennifer Fernandez,30,Female,Middle East,UAE,Home & Kitchen,Weighted Blanket 15lbs,2,98.91,8.0,181.99,31.6,57.51
ORD-004622,2025-09-27,CUST-01366,William Carter,44,Male,Asia Pacific,Australia,Home & Kitchen,Weighted Blanket 15lbs,1,84.48,16.0,70.96,22.7,16.11
ORD-004623,2025-09-27,CUST-00250,Olivia Miller,56,Female,North America,Canada,Clothing,Gucci Belt,1,367.15,25.0,275.36,35.3,97.2
ORD-004624,2025-09-27,CUST-01703,Layla King,27,Female,North America,Canada,Electronics,iPhone 15 Pro,2,1131.11,6.0,2126.49,11.3,240.29
ORD-004625,2025-09-28,CUST-00191,Emma Wang,25,Female,North America,Canada,Electronics,USB-C Hub 7-in-1,1,84.33,12.0,74.21,19.8,14.69
ORD-004626,2025-09-28,CUST-00388,Emma Chen,28,Male,Middle East,UAE,Electronics,Kindle Paperwhite,1,125.68,2.0,123.17,18.3,22.54
ORD-004627,2025-09-28,CUST-01536,Laila Khan,18,Female,Middle East,Saudi Arabia,Electronics,GoPro Hero 12,1,461.53,8.0,424.61,9.4,39.91
ORD-004628,2025-09-28,CUST-01666,Zara Jackson,21,Female,North America,Canada,Clothing,H&M Cotton T-Shirt Pack,1,41.43,3.0,40.19,47.4,19.05
ORD-004629,2025-09-28,CUST-00697,Ana Williams,20,Female,Asia Pacific,Japan,Beauty & Personal Care,Bioderma Micellar Water 500ml,5,20.71,8.0,95.27,49.4,47.06
ORD-004630,2025-09-28,CUST-01059,Riley Torres,51,Male,Europe,Italy,Clothing,Tommy Hilfiger Polo Shirt,3,65.31,7.0,182.21,30.6,55.76
ORD-004631,2025-09-28,CUST-00370,Emma Schmidt,29,Male,Asia Pacific,South Korea,Electronics,USB-C Hub 7-in-1,2,72.33,0.0,144.66,15.1,21.84
ORD-004632,2025-09-28,CUST-01451,Sofia Martin,24,Female,Latin America,Argentina,Electronics,Apple MacBook Air M2,2,1217.2,7.0,2263.99,11.8,267.15
ORD-004633,2025-09-28,CUST-00453,Joseph Dupont,39,Female,Europe,Spain,Clothing,Under Armour Sports Bra,3,56.34,4.0,162.26,40.3,65.39
ORD-004634,2025-09-28,CUST-00445,Layla Wilson,34,Female,Europe,Spain,Home & Kitchen,IKEA KALLAX Shelf Unit,1,150.39,0.0,150.39,21.3,32.03
ORD-004635,2025-09-28,CUST-01469,Mary Roberts,45,Male,Latin America,Brazil,Home & Kitchen,Dyson V15 Vacuum,1,731.97,2.0,717.33,26.6,190.81
ORD-004636,2025-09-28,CUST-00907,Oliver Fernandez,22,Female,Middle East,UAE,Electronics,Apple MacBook Air M2,1,1254.01,7.0,1166.23,10.2,118.96
ORD-004637,2025-09-28,CUST-00782,Priya King,41,Female,Middle East,UAE,Clothing,Ray-Ban Aviator Sunglasses,1,154.6,5.0,146.87,45.8,67.27
ORD-004638,2025-09-28,CUST-00906,Noah Williams,25,Female,Middle East,Qatar,Clothing,H&M Cotton T-Shirt Pack,4,22.95,0.0,91.8,50.6,46.45
ORD-004639,2025-09-28,CUST-00922,Sophia Chen,54,Female,Latin America,Brazil,Sports & Outdoors,Resistance Bands Set,3,44.2,7.0,123.32,21.8,26.88
ORD-004640,2025-09-28,CUST-00946,Wei Hall,66,Female,North America,Canada,Electronics,Sony WH-1000XM5 Headphones,2,393.17,1.0,778.48,11.2,87.19
ORD-004641,2025-09-28,CUST-00847,Susan Lopez,25,Male,North America,USA,Electronics,Sony PlayStation 5,1,712.39,9.0,648.27,18.9,122.52
ORD-004642,2025-09-28,CUST-00703,Oliver Müller,42,Male,Latin America,Argentina,Sports & Outdoors,Resistance Bands Set,2,37.92,0.0,75.84,37.0,28.06
ORD-004643,2025-09-28,CUST-01011,Patricia King,61,Male,Latin America,Argentina,Home & Kitchen,Roomba i7+ Robot Vacuum,2,923.43,6.0,1736.05,35.9,623.24
ORD-004644,2025-09-28,CUST-00230,Karen Anderson,40,Male,Europe,Spain,Electronics,Dell XPS 15 Laptop,1,1484.48,11.0,1321.19,9.5,125.51
ORD-004645,2025-09-28,CUST-00799,Amelia Wang,30,Female,North America,Canada,Sports & Outdoors,Wilson Tennis Racket Pro,1,185.22,0.0,185.22,21.3,39.45
ORD-004646,2025-09-28,CUST-00701,Emma Dupont,24,Female,Europe,Spain,Home & Kitchen,LED Desk Lamp with USB,1,56.21,4.0,53.96,31.6,17.05
ORD-004647,2025-09-28,CUST-00671,Chen Hall,46,Male,Latin America,Brazil,Electronics,GoPro Hero 12,2,451.74,0.0,903.48,18.8,169.85
ORD-004648,2025-09-28,CUST-00352,Linda Jackson,23,Male,Europe,France,Electronics,Dell XPS 15 Laptop,2,1387.09,3.0,2690.95,12.9,347.13
ORD-004649,2025-10-01,CUST-00171,Priya Torres,33,Male,Asia Pacific,India,Clothing,Calvin Klein Underwear Set,3,40.01,0.0,120.03,39.0,46.81
ORD-004650,2025-10-01,CUST-00122,Priya Taylor,36,Male,Europe,Spain,Clothing,Converse Chuck Taylor All Star,3,75.99,15.0,193.77,39.1,75.76
ORD-004651,2025-10-01,CUST-00078,Joseph Johnson,28,Male,Asia Pacific,India,Clothing,Uniqlo Down Jacket,1,128.68,25.0,96.51,43.2,41.69
ORD-004652,2025-10-01,CUST-01113,David Anderson,47,Male,Europe,France,Sports & Outdoors,Peloton Bike+,2,2650.9,6.0,4983.69,32.9,1639.63
ORD-004653,2025-10-01,CUST-00761,Priya Mitchell,20,Female,North America,Canada,Home & Kitchen,LED Desk Lamp with USB,1,61.12,15.0,51.95,36.3,18.86
ORD-004654,2025-10-01,CUST-01117,Sarah White,32,Female,Latin America,Brazil,Electronics,USB-C Hub 7-in-1,1,80.04,13.0,69.63,9.7,6.75
ORD-004655,2025-10-01,CUST-00912,Ethan Wright,18,Female,Europe,Netherlands,Sports & Outdoors,Bowflex SelectTech Dumbbells,2,440.8,0.0,881.6,36.4,320.9
ORD-004656,2025-10-01,CUST-01040,Ava Fernandez,26,Male,Latin America,Brazil,Sports & Outdoors,Speedo Swim Goggles,2,38.94,18.0,63.86,29.5,18.84
ORD-004657,2025-10-01,CUST-00248,Zara Roberts,36,Male,Europe,Spain,Electronics,Apple Watch Series 9,1,459.93,0.0,459.93,9.1,41.85
ORD-004658,2025-10-01,CUST-00779,Mia Young,28,Female,North America,Canada,Clothing,Timberland Boots,1,226.85,0.0,226.85,31.4,71.23
ORD-004659,2025-10-01,CUST-01779,Rafael Martin,20,Male,Europe,Germany,Clothing,Gucci Belt,4,523.79,0.0,2095.16,30.2,632.74
ORD-004660,2025-10-01,CUST-01699,Yuki Lopez,40,Female,Asia Pacific,South Korea,Electronics,iPad Pro 11-inch,1,983.04,0.0,983.04,19.2,188.74
ORD-004661,2025-10-01,CUST-01051,Priya Harris,33,Male,Middle East,Saudi Arabia,Clothing,North Face Fleece Jacket,3,149.74,19.0,363.87,53.8,195.76
ORD-004662,2025-10-01,CUST-00453,Joseph Dupont,39,Female,Europe,Spain,Clothing,Zara Wool Coat,2,218.78,29.0,310.67,39.6,123.03
ORD-004663,2025-10-01,CUST-01268,William Miller,45,Male,Europe,Spain,Sports & Outdoors,Trek FX3 Bicycle,2,913.42,9.0,1662.42,36.6,608.45
ORD-004664,2025-10-01,CUST-00850,Muhammad Smith,29,Male,Middle East,Qatar,Home & Kitchen,Air Purifier HEPA,3,190.11,7.0,530.41,29.4,155.94
ORD-004665,2025-10-01,CUST-01334,James Rossi,24,Male,Middle East,Saudi Arabia,Electronics,Dell XPS 15 Laptop,1,1452.98,10.0,1307.68,8.7,113.77
ORD-004666,2025-10-01,CUST-01796,John Davis,45,Female,Latin America,Brazil,Clothing,Tommy Hilfiger Polo Shirt,3,64.36,0.0,193.08,53.1,102.53
ORD-004667,2025-10-01,CUST-01053,Emma Baker,36,Male,North America,Canada,Electronics,Kindle Paperwhite,2,153.95,14.0,264.79,12.1,32.04
ORD-004668,2025-10-01,CUST-00549,Fatima Taylor,18,Male,Latin America,Colombia,Electronics,iPhone 15 Pro,1,1114.98,5.0,1059.23,13.7,145.11
ORD-004669,2025-10-01,CUST-01469,Mary Roberts,45,Male,Latin America,Brazil,Beauty & Personal Care,Philips Norelco Shaver,4,130.48,0.0,521.92,42.8,223.38
ORD-004670,2025-10-01,CUST-00453,Joseph Dupont,39,Female,Europe,Spain,Clothing,Ray-Ban Aviator Sunglasses,3,158.2,15.0,403.41,46.5,187.59
ORD-004671,2025-10-01,CUST-01032,Michael Dupont,18,Male,North America,USA,Clothing,H&M Cotton T-Shirt Pack,4,23.07,30.0,64.6,40.1,25.9
ORD-004672,2025-10-01,CUST-00752,James Hall,44,Female,Europe,Netherlands,Clothing,Nike Air Max 270,2,162.57,25.0,243.85,53.4,130.22
ORD-004673,2025-10-01,CUST-00207,Yuki Jackson,26,Male,Latin America,Argentina,Sports & Outdoors,Resistance Bands Set,2,40.77,17.0,67.68,29.5,19.97
ORD-004674,2025-10-02,CUST-01639,Ravi Young,28,Male,Europe,Netherlands,Home & Kitchen,Ninja Air Fryer XL,1,160.99,0.0,160.99,23.9,38.48
ORD-004675,2025-10-02,CUST-01212,Jennifer Wilson,35,Female,North America,Canada,Clothing,Uniqlo Down Jacket,3,98.5,18.0,242.31,41.5,100.56
ORD-004676,2025-10-02,CUST-00422,Oliver Lee,32,Female,North America,Mexico,Electronics,Bose SoundLink Speaker,1,187.73,10.0,168.96,16.1,27.2
ORD-004677,2025-10-02,CUST-00132,Ali Chen,42,Female,Middle East,UAE,Clothing,H&M Cotton T-Shirt Pack,4,23.9,13.0,83.17,45.8,38.09
ORD-004678,2025-10-02,CUST-01116,Mia Nelson,42,Male,Latin America,Argentina,Clothing,Under Armour Sports Bra,2,55.81,23.0,85.95,30.1,25.87
ORD-004679,2025-10-02,CUST-01632,Carlos Wilson,18,Male,Latin America,Argentina,Home & Kitchen,Roomba i7+ Robot Vacuum,3,926.52,12.0,2446.01,23.9,584.6
ORD-004680,2025-10-02,CUST-00918,Michael White,51,Male,Middle East,Qatar,Electronics,Kindle Paperwhite,1,136.93,6.0,128.71,17.9,23.04
ORD-004681,2025-10-02,CUST-01721,Ravi Fernandez,48,Female,Middle East,Qatar,Beauty & Personal Care,Moroccanoil Hair Oil,5,38.21,13.0,166.21,54.1,89.92
ORD-004682,2025-10-02,CUST-00130,Harry Dupont,75,Female,Middle East,Saudi Arabia,Beauty & Personal Care,Oral-B Electric Toothbrush Pro,1,84.78,4.0,81.39,48.6,39.56
ORD-004683,2025-10-02,CUST-01229,Layla Miller,46,Male,North America,Canada,Home & Kitchen,Cuisinart 12-Piece Cookware Set,2,335.04,1.0,663.38,23.5,155.89
ORD-004684,2025-10-02,CUST-00231,Linda Singh,19,Male,Latin America,Argentina,Beauty & Personal Care,The Ordinary Serum Set,2,22.77,0.0,45.54,54.8,24.96
ORD-004685,2025-10-02,CUST-01179,Oliver Hill,42,Female,Europe,Netherlands,Sports & Outdoors,Coleman 4-Person Camping Tent,1,199.43,5.0,189.46,21.9,41.49
ORD-004686,2025-10-02,CUST-01229,Layla Miller,46,Male,North America,Canada,Beauty & Personal Care,CeraVe Moisturizing Cream,4,23.36,5.0,88.77,59.0,52.37
ORD-004687,2025-10-02,CUST-00502,Jennifer Fernandez,30,Female,Middle East,UAE,Clothing,H&M Cotton T-Shirt Pack,2,32.31,0.0,64.62,33.4,21.58
ORD-004688,2025-10-02,CUST-01376,Oliver Singh,41,Male,Europe,UK,Home & Kitchen,French Press Coffee Maker,3,33.78,0.0,101.34,38.7,39.22
ORD-004689,2025-10-02,CUST-00980,William Müller,33,Female,Latin America,Argentina,Electronics,Kindle Paperwhite,1,140.45,8.0,129.21,8.2,10.6
ORD-004690,2025-10-02,CUST-00604,Jennifer Hill,53,Male,Europe,UK,Home & Kitchen,French Press Coffee Maker,1,45.08,5.0,42.83,31.7,13.58
ORD-004691,2025-10-02,CUST-00966,Olivia Hall,31,Female,Latin America,Brazil,Beauty & Personal Care,Fenty Beauty Foundation,2,43.78,9.0,79.68,44.8,35.7
ORD-004692,2025-10-02,CUST-01257,Laila Khan,29,Male,Latin America,Argentina,Sports & Outdoors,TRX Suspension Trainer,2,192.9,0.0,385.8,34.8,134.26
ORD-004693,2025-10-02,CUST-00193,Isabella Miller,48,Male,Asia Pacific,Australia,Electronics,Sony PlayStation 5,1,654.81,0.0,654.81,13.5,88.4
ORD-004694,2025-10-02,CUST-00742,Mia Davis,64,Female,Asia Pacific,India,Home & Kitchen,Bamboo Cutting Board Set,2,36.83,18.0,60.4,31.1,18.78
ORD-004695,2025-10-02,CUST-01120,Susan Anderson,18,Male,Latin America,Brazil,Electronics,Ring Video Doorbell,1,185.86,5.0,176.57,9.2,16.24
ORD-004696,2025-10-02,CUST-00495,Ravi Schmidt,52,Male,Europe,Spain,Beauty & Personal Care,La Mer Moisturizing Cream,3,336.36,3.0,978.81,40.9,400.33
ORD-004697,2025-10-02,CUST-01683,Richard Wang,41,Female,Europe,France,Electronics,USB-C Hub 7-in-1,2,86.13,9.0,156.76,8.4,13.17
ORD-004698,2025-10-02,CUST-00709,Karen Wright,25,Female,Europe,UK,Clothing,Timberland Boots,4,219.87,22.0,685.99,44.6,305.95
ORD-004699,2025-10-02,CUST-01176,Oliver Walker,49,Male,North America,Canada,Electronics,Sony PlayStation 5,1,651.57,0.0,651.57,13.9,90.57
ORD-004700,2025-10-02,CUST-00291,Michael Roberts,35,Female,Asia Pacific,Japan,Clothing,Zara Wool Coat,1,219.02,0.0,219.02,45.4,99.44
ORD-004701,2025-10-02,CUST-01084,Chen Allen,30,Female,Europe,Italy,Electronics,iPhone 15 Pro,1,1456.56,3.0,1412.86,16.2,228.88
ORD-004702,2025-10-03,CUST-01108,Zara Schmidt,34,Female,North America,USA,Sports & Outdoors,Yoga Mat Premium Non-Slip,1,55.44,5.0,52.67,27.9,14.69
ORD-004703,2025-10-03,CUST-01341,Muhammad Flores,22,Male,Europe,UK,Beauty & Personal Care,Olaplex No.3 Hair Perfector,4,39.81,3.0,154.46,50.2,77.54
ORD-004704,2025-10-03,CUST-00238,Sofia Miller,49,Female,Middle East,Saudi Arabia,Sports & Outdoors,Wilson Tennis Racket Pro,2,162.66,12.0,286.28,35.6,101.92
ORD-004705,2025-10-03,CUST-00111,Ava Allen,22,Male,Middle East,Saudi Arabia,Home & Kitchen,Dyson V15 Vacuum,1,827.7,2.0,811.15,28.4,230.37
ORD-004706,2025-10-03,CUST-00276,Priya King,32,Male,North America,Mexico,Electronics,Apple MacBook Air M2,1,1222.55,11.0,1088.07,12.8,139.27
ORD-004707,2025-10-03,CUST-00970,Emma Kim,26,Female,Asia Pacific,Australia,Beauty & Personal Care,La Mer Moisturizing Cream,1,401.79,15.0,341.52,43.7,149.24
ORD-004708,2025-10-03,CUST-00146,Michael Smith,33,Female,Europe,Netherlands,Beauty & Personal Care,Philips Norelco Shaver,1,164.73,0.0,164.73,56.1,92.41
ORD-004709,2025-10-03,CUST-00401,Sofia Fernandez,32,Female,Latin America,Argentina,Electronics,Ring Video Doorbell,1,182.23,15.0,154.9,15.1,23.39
ORD-004710,2025-10-03,CUST-00522,Harry Lopez,36,Male,Middle East,Saudi Arabia,Electronics,Apple MacBook Air M2,1,1260.2,12.0,1108.98,10.5,116.44
ORD-004711,2025-10-03,CUST-00238,Sofia Miller,49,Female,Middle East,Saudi Arabia,Home & Kitchen,Smart Thermostat Google Nest,1,180.38,4.0,173.16,22.2,38.44
ORD-004712,2025-10-03,CUST-01232,Chen Wang,60,Male,Latin America,Colombia,Electronics,Sony WH-1000XM5 Headphones,2,345.09,13.0,600.46,13.7,82.26
ORD-004713,2025-10-03,CUST-00393,Thomas Kim,18,Female,North America,Mexico,Electronics,Sony PlayStation 5,1,595.38,1.0,589.43,9.7,57.17
ORD-004714,2025-10-03,CUST-00296,Hana Singh,57,Male,Europe,Netherlands,Clothing,Levi's 501 Jeans,1,100.47,0.0,100.47,36.6,36.77
ORD-004715,2025-10-03,CUST-01515,Barbara Wilson,43,Female,North America,Canada,Electronics,iPhone 15 Pro,2,1310.85,15.0,2228.44,10.2,227.3
ORD-004716,2025-10-03,CUST-01475,Laila Nelson,27,Female,Europe,France,Electronics,Kindle Paperwhite,1,126.1,4.0,121.06,9.5,11.5
ORD-004717,2025-10-03,CUST-00960,Oliver Nelson,53,Female,Europe,Netherlands,Electronics,Kindle Paperwhite,1,133.7,0.0,133.7,9.8,13.1
ORD-004718,2025-10-03,CUST-00590,Olivia Hill,37,Female,Europe,UK,Sports & Outdoors,Speedo Swim Goggles,1,32.28,4.0,30.99,22.5,6.97
ORD-004719,2025-10-03,CUST-00904,Jennifer Adams,34,Male,Latin America,Colombia,Sports & Outdoors,Foam Roller Set,2,34.83,1.0,68.96,29.0,20.0
ORD-004720,2025-10-03,CUST-01644,Rafael Rossi,39,Male,Europe,Spain,Sports & Outdoors,Fitbit Charge 6,2,216.55,2.0,424.44,19.2,81.49
ORD-004721,2025-10-03,CUST-00270,Emma Patel,22,Male,North America,Canada,Electronics,Sony PlayStation 5,1,628.3,2.0,615.73,12.5,76.97
ORD-004722,2025-10-03,CUST-00594,Ava Davis,29,Female,North America,USA,Sports & Outdoors,Coleman 4-Person Camping Tent,3,205.9,21.0,487.98,35.5,173.23
ORD-004723,2025-10-04,CUST-00392,Oliver Dupont,18,Female,Middle East,Qatar,Home & Kitchen,Dyson V15 Vacuum,2,762.22,0.0,1524.44,31.1,474.1
ORD-004724,2025-10-04,CUST-00303,Ravi Rossi,32,Female,Europe,Italy,Beauty & Personal Care,Fenty Beauty Foundation,1,56.33,0.0,56.33,60.0,33.8
ORD-004725,2025-10-04,CUST-01457,David Flores,66,Male,Europe,France,Beauty & Personal Care,La Mer Moisturizing Cream,1,348.47,14.0,299.68,35.1,105.19
ORD-004726,2025-10-04,CUST-00331,Priya Brown,45,Female,Europe,France,Home & Kitchen,Instant Pot Duo 7-in-1,3,122.01,8.0,336.75,25.3,85.2
ORD-004727,2025-10-04,CUST-01599,Ravi Wilson,46,Male,Middle East,Qatar,Clothing,Under Armour Sports Bra,1,58.47,0.0,58.47,44.3,25.9
ORD-004728,2025-10-04,CUST-01312,Laila Santos,32,Female,Latin America,Brazil,Electronics,"LG OLED 55"" TV",1,2048.66,5.0,1946.23,10.8,210.19
ORD-004729,2025-10-04,CUST-00258,Ava Nguyen,18,Male,North America,Mexico,Clothing,H&M Cotton T-Shirt Pack,4,33.44,0.0,133.76,52.2,69.82
ORD-004730,2025-10-04,CUST-00885,Ava Kim,27,Male,Asia Pacific,India,Electronics,GoPro Hero 12,2,417.44,11.0,743.04,11.0,81.73
ORD-004731,2025-10-04,CUST-00525,Zara Torres,37,Female,Middle East,Qatar,Electronics,Sony PlayStation 5,2,613.03,0.0,1226.06,17.7,217.01
ORD-004732,2025-10-04,CUST-00015,Karen Wang,28,Female,Europe,Italy,Beauty & Personal Care,La Mer Moisturizing Cream,5,293.75,12.0,1292.5,39.9,515.71
ORD-004733,2025-10-04,CUST-00193,Isabella Miller,48,Male,Asia Pacific,Australia,Beauty & Personal Care,Foreo LUNA Face Massager,2,103.23,0.0,206.46,38.7,79.9
ORD-004734,2025-10-04,CUST-00431,Ethan Müller,18,Female,Europe,Italy,Electronics,USB-C Hub 7-in-1,1,57.2,0.0,57.2,18.9,10.81
ORD-004735,2025-10-04,CUST-00619,Charles Fernandez,30,Female,Middle East,UAE,Electronics,GoPro Hero 12,1,504.34,0.0,504.34,14.3,72.12
ORD-004736,2025-10-04,CUST-01223,Sofia Hall,50,Female,Asia Pacific,Singapore,Home & Kitchen,Cuisinart 12-Piece Cookware Set,3,232.31,0.0,696.93,35.8,249.5
ORD-004737,2025-10-04,CUST-01356,Ravi Young,23,Male,Europe,UK,Electronics,Apple Watch Series 9,2,492.78,14.0,847.58,10.8,91.54
ORD-004738,2025-10-04,CUST-01318,Michael Taylor,21,Male,Europe,France,Electronics,Samsung Galaxy S24,1,1218.49,2.0,1194.12,14.5,173.15
ORD-004739,2025-10-04,CUST-01355,Ethan Thomas,32,Female,Middle East,UAE,Sports & Outdoors,Coleman 4-Person Camping Tent,1,178.26,19.0,144.39,23.8,34.36
ORD-004740,2025-10-04,CUST-01227,Layla Allen,25,Male,Europe,Netherlands,Electronics,iPhone 15 Pro,2,1423.01,11.0,2532.96,11.3,286.22
ORD-004741,2025-10-04,CUST-01490,David Hall,40,Female,Latin America,Argentina,Home & Kitchen,LED Desk Lamp with USB,3,63.05,9.0,172.13,33.7,58.01
ORD-004742,2025-10-04,CUST-01223,Sofia Hall,50,Female,Asia Pacific,Singapore,Sports & Outdoors,Spalding NBA Basketball,3,37.38,7.0,104.29,21.0,21.9
ORD-004743,2025-10-04,CUST-01698,Ana Nelson,57,Female,Asia Pacific,India,Home & Kitchen,French Press Coffee Maker,3,42.29,7.0,117.99,29.1,34.34
ORD-004744,2025-10-04,CUST-01466,Laila Wilson,34,Female,Asia Pacific,Singapore,Home & Kitchen,LED Desk Lamp with USB,1,40.54,14.0,34.86,28.3,9.87
ORD-004745,2025-10-04,CUST-00883,Ava Adams,34,Female,Europe,Spain,Home & Kitchen,Roomba i7+ Robot Vacuum,3,885.27,5.0,2523.02,26.3,663.55
ORD-004746,2025-10-04,CUST-00024,Layla Thompson,37,Female,Middle East,Qatar,Sports & Outdoors,Fitbit Charge 6,1,198.97,12.0,175.09,27.0,47.27
ORD-004747,2025-10-04,CUST-00813,Lucas Mitchell,27,Male,Asia Pacific,Australia,Electronics,USB-C Hub 7-in-1,2,81.16,14.0,139.6,12.4,17.31
ORD-004748,2025-10-04,CUST-01150,Amelia Walker,19,Female,Europe,France,Home & Kitchen,Bamboo Cutting Board Set,3,37.51,0.0,112.53,28.9,32.52
ORD-004749,2025-10-04,CUST-01069,Muhammad Carter,50,Male,Latin America,Brazil,Beauty & Personal Care,Neutrogena SPF 50 Sunscreen,4,17.04,15.0,57.94,38.8,22.48
ORD-004750,2025-10-04,CUST-01174,Mia Taylor,33,Female,North America,Canada,Electronics,Ring Video Doorbell,2,156.14,6.0,293.54,13.4,39.33
ORD-004751,2025-10-04,CUST-01536,Laila Khan,18,Female,Middle East,Saudi Arabia,Clothing,Adidas Ultraboost Shoes,3,199.47,0.0,598.41,46.9,280.65
ORD-004752,2025-10-04,CUST-00437,Charlotte Brown,23,Female,North America,Mexico,Home & Kitchen,IKEA KALLAX Shelf Unit,2,182.07,8.0,335.01,33.3,111.56
ORD-004753,2025-10-04,CUST-00931,Joseph Ahmed,57,Female,Asia Pacific,India,Electronics,Sony WH-1000XM5 Headphones,1,405.95,7.0,377.53,11.8,44.55
ORD-004754,2025-10-04,CUST-00665,Robert Wright,54,Female,Europe,UK,Clothing,Timberland Boots,3,194.95,0.0,584.85,50.0,292.43
ORD-004755,2025-10-04,CUST-00665,Robert Wright,54,Female,Europe,UK,Electronics,Apple Watch Series 9,2,558.33,0.0,1116.66,15.9,177.55
ORD-004756,2025-10-04,CUST-01300,Carlos Dupont,40,Male,North America,Mexico,Beauty & Personal Care,The Ordinary Serum Set,2,34.28,0.0,68.56,50.5,34.62
ORD-004757,2025-10-04,CUST-00686,Sophia Patel,32,Male,Europe,UK,Sports & Outdoors,Hydro Flask 32oz Water Bottle,2,49.47,24.0,75.19,22.9,17.22
ORD-004758,2025-10-05,CUST-00991,Charles Kim,22,Female,Latin America,Colombia,Electronics,Kindle Paperwhite,1,120.43,0.0,120.43,10.4,12.52
ORD-004759,2025-10-05,CUST-01170,Sofia Kim,37,Female,North America,Canada,Home & Kitchen,Dyson V15 Vacuum,3,866.41,16.0,2183.35,36.2,790.37
ORD-004760,2025-10-05,CUST-00326,Amelia Fernandez,33,Male,Latin America,Argentina,Home & Kitchen,Bamboo Cutting Board Set,3,52.12,5.0,148.54,25.5,37.88
ORD-004761,2025-10-05,CUST-00808,Lucas Scott,25,Female,Middle East,Qatar,Clothing,Gucci Belt,2,450.16,9.0,819.29,50.2,411.28
ORD-004762,2025-10-05,CUST-01619,Aiden Johnson,41,Male,Latin America,Argentina,Sports & Outdoors,Hydro Flask 32oz Water Bottle,3,62.48,11.0,166.82,18.1,30.19
ORD-004763,2025-10-05,CUST-00312,Emma Miller,35,Male,Asia Pacific,Australia,Beauty & Personal Care,Tatcha Rice Wash Cleanser,2,58.25,11.0,103.69,46.5,48.22
ORD-004764,2025-10-05,CUST-01023,Emma Nguyen,31,Female,Latin America,Brazil,Electronics,Sony PlayStation 5,2,587.14,0.0,1174.28,13.0,152.66
ORD-004765,2025-10-05,CUST-00813,Lucas Mitchell,27,Male,Asia Pacific,Australia,Electronics,USB-C Hub 7-in-1,2,56.34,12.0,99.16,14.8,14.68
ORD-004766,2025-10-05,CUST-01508,Lisa Nelson,20,Male,Asia Pacific,Australia,Sports & Outdoors,TRX Suspension Trainer,3,224.81,13.0,586.75,22.9,134.37
ORD-004767,2025-10-05,CUST-01706,Ava Johnson,18,Female,Middle East,Saudi Arabia,Electronics,GoPro Hero 12,1,491.35,8.0,452.04,11.9,53.79
ORD-004768,2025-10-05,CUST-00218,Hana Jones,35,Male,Latin America,Argentina,Beauty & Personal Care,CeraVe Moisturizing Cream,5,25.75,12.0,113.3,43.5,49.29
ORD-004769,2025-10-05,CUST-00657,Ravi Harris,54,Male,Latin America,Colombia,Sports & Outdoors,Bowflex SelectTech Dumbbells,1,386.9,15.0,328.86,19.3,63.47
ORD-004770,2025-10-05,CUST-00355,Layla Nguyen,18,Female,Asia Pacific,Singapore,Clothing,Tommy Hilfiger Polo Shirt,2,66.18,2.0,129.71,40.4,52.4
ORD-004771,2025-10-05,CUST-01102,Layla Santos,40,Female,North America,Mexico,Clothing,Tommy Hilfiger Polo Shirt,4,60.97,0.0,243.88,50.9,124.13
ORD-004772,2025-10-05,CUST-01290,John Müller,29,Male,Europe,France,Home & Kitchen,French Press Coffee Maker,3,29.86,19.0,72.56,22.2,16.11
ORD-004773,2025-10-05,CUST-01624,Harry Green,26,Male,Middle East,UAE,Electronics,iPad Pro 11-inch,2,1233.66,0.0,2467.32,15.6,384.9
ORD-004774,2025-10-05,CUST-01779,Rafael Martin,20,Male,Europe,Germany,Clothing,Gucci Belt,1,477.78,23.0,367.89,49.6,182.47
ORD-004775,2025-10-05,CUST-01115,William Jackson,41,Male,Asia Pacific,Australia,Electronics,USB-C Hub 7-in-1,2,48.71,15.0,82.81,15.1,12.5
ORD-004776,2025-10-05,CUST-00116,Karen Santos,34,Female,Asia Pacific,India,Home & Kitchen,Dyson V15 Vacuum,2,845.27,0.0,1690.54,26.6,449.68
ORD-004777,2025-10-05,CUST-00844,Amelia Miller,39,Female,Europe,Netherlands,Home & Kitchen,Air Purifier HEPA,1,248.16,15.0,210.94,29.8,62.86
ORD-004778,2025-10-05,CUST-00617,Linda Baker,44,Female,Asia Pacific,Japan,Electronics,Apple MacBook Air M2,1,1464.97,6.0,1377.07,14.2,195.54
ORD-004779,2025-10-06,CUST-01457,David Flores,66,Male,Europe,France,Electronics,Kindle Paperwhite,1,113.24,0.0,113.24,10.6,12.0
ORD-004780,2025-10-06,CUST-00736,Liam Dupont,46,Male,Latin America,Colombia,Home & Kitchen,Roomba i7+ Robot Vacuum,3,818.85,0.0,2456.55,28.1,690.29
ORD-004781,2025-10-06,CUST-00614,Sarah Williams,38,Male,North America,USA,Beauty & Personal Care,Bioderma Micellar Water 500ml,3,18.83,0.0,56.49,53.8,30.39
ORD-004782,2025-10-06,CUST-01173,Mary Jones,18,Female,Asia Pacific,Singapore,Clothing,Tommy Hilfiger Polo Shirt,4,61.9,22.0,193.13,53.9,104.1
ORD-004783,2025-10-06,CUST-00899,Wei Singh,18,Male,Latin America,Brazil,Home & Kitchen,IKEA KALLAX Shelf Unit,2,203.74,10.0,366.73,33.2,121.75
ORD-004784,2025-10-06,CUST-00605,Lisa Singh,37,Male,Middle East,Qatar,Home & Kitchen,IKEA KALLAX Shelf Unit,1,174.99,6.0,164.49,36.8,60.53
ORD-004785,2025-10-06,CUST-01582,Ana Scott,24,Male,Latin America,Colombia,Home & Kitchen,Weighted Blanket 15lbs,1,112.02,0.0,112.02,30.8,34.5
ORD-004786,2025-10-06,CUST-01144,Fatima Mitchell,25,Female,Latin America,Colombia,Sports & Outdoors,Spalding NBA Basketball,1,51.76,0.0,51.76,26.1,13.51
ORD-004787,2025-10-06,CUST-00743,Aiden Jackson,35,Male,North America,Mexico,Electronics,Apple MacBook Air M2,2,1321.88,3.0,2564.45,13.5,346.2
ORD-004788,2025-10-06,CUST-01709,Noah Williams,18,Male,North America,USA,Clothing,Converse Chuck Taylor All Star,2,92.75,4.0,178.08,48.2,85.83
ORD-004789,2025-10-06,CUST-00224,Sarah Wright,25,Female,Europe,Italy,Home & Kitchen,Dyson V15 Vacuum,1,788.77,18.0,646.79,29.6,191.45
ORD-004790,2025-10-06,CUST-00013,Carlos Ali,52,Female,Europe,Netherlands,Clothing,Puma Running Shorts,2,31.91,27.0,46.59,35.0,16.31
ORD-004791,2025-10-06,CUST-00186,Ava Singh,44,Female,Asia Pacific,Singapore,Sports & Outdoors,Resistance Bands Set,2,43.12,0.0,86.24,29.2,25.18
ORD-004792,2025-10-06,CUST-00237,Hana Johnson,33,Female,Latin America,Argentina,Electronics,Bose SoundLink Speaker,1,250.48,8.0,230.44,8.4,19.36
ORD-004793,2025-10-06,CUST-00784,Robert Thompson,33,Male,Middle East,Saudi Arabia,Clothing,H&M Cotton T-Shirt Pack,2,33.96,28.0,48.9,43.4,21.22
ORD-004794,2025-10-06,CUST-00051,Barbara Jackson,25,Female,Asia Pacific,Singapore,Clothing,Zara Wool Coat,2,152.06,20.0,243.3,45.8,111.43
ORD-004795,2025-10-06,CUST-01591,Fatima Wright,56,Male,Middle East,UAE,Clothing,Gucci Belt,3,415.15,0.0,1245.45,31.5,392.32
ORD-004796,2025-10-06,CUST-01722,Ali Lopez,30,Male,Asia Pacific,India,Clothing,Ray-Ban Aviator Sunglasses,2,181.87,0.0,363.74,38.5,140.04
ORD-004797,2025-10-06,CUST-00678,Oliver Patel,38,Female,Middle East,UAE,Electronics,Sony PlayStation 5,1,672.69,5.0,639.06,12.2,77.97
ORD-004798,2025-10-07,CUST-01332,Muhammad Taylor,48,Female,Europe,France,Beauty & Personal Care,Neutrogena SPF 50 Sunscreen,1,19.13,0.0,19.13,58.7,11.23
ORD-004799,2025-10-07,CUST-00692,John Thompson,51,Female,Asia Pacific,Australia,Electronics,"LG OLED 55"" TV",2,1832.3,3.0,3554.66,8.6,305.7
ORD-004800,2025-10-07,CUST-01283,Sarah Dupont,18,Male,Latin America,Brazil,Electronics,iPhone 15 Pro,2,1244.18,13.0,2164.87,11.1,240.3
ORD-004801,2025-10-07,CUST-00042,Michael Singh,51,Male,Middle East,UAE,Home & Kitchen,Ninja Air Fryer XL,1,143.69,0.0,143.69,29.7,42.68
ORD-004802,2025-10-07,CUST-01546,Carlos Rossi,24,Female,Latin America,Brazil,Clothing,Nike Air Max 270,1,145.95,16.0,122.6,52.4,64.24
ORD-004803,2025-10-07,CUST-00522,Harry Lopez,36,Male,Middle East,Saudi Arabia,Home & Kitchen,French Press Coffee Maker,1,48.65,0.0,48.65,31.4,15.28
ORD-004804,2025-10-07,CUST-00729,James Baker,21,Male,Middle East,Qatar,Electronics,Kindle Paperwhite,2,136.55,0.0,273.1,8.2,22.39
ORD-004805,2025-10-07,CUST-00836,Fatima Santos,66,Female,Europe,Spain,Home & Kitchen,Smart Thermostat Google Nest,3,196.82,13.0,513.7,38.4,197.26
ORD-004806,2025-10-07,CUST-00573,Harry White,34,Female,Middle East,UAE,Electronics,Dell XPS 15 Laptop,2,1551.5,12.0,2730.64,9.6,262.14
ORD-004807,2025-10-07,CUST-00399,Fatima Hall,28,Male,Europe,Spain,Home & Kitchen,Bamboo Cutting Board Set,2,38.58,5.0,73.3,24.3,17.81
ORD-004808,2025-10-07,CUST-00820,Michael Chen,18,Female,North America,Canada,Home & Kitchen,Roomba i7+ Robot Vacuum,2,694.02,0.0,1388.04,28.9,401.14
ORD-004809,2025-10-07,CUST-00151,Priya Carter,19,Male,Latin America,Colombia,Electronics,GoPro Hero 12,2,457.8,0.0,915.6,15.7,143.75
ORD-004810,2025-10-07,CUST-00127,James Nguyen,41,Female,Asia Pacific,Japan,Beauty & Personal Care,Bioderma Micellar Water 500ml,5,20.52,0.0,102.6,46.4,47.61
ORD-004811,2025-10-07,CUST-01523,Charlotte Thomas,39,Female,Latin America,Argentina,Clothing,H&M Cotton T-Shirt Pack,4,36.75,3.0,142.59,30.6,43.63
ORD-004812,2025-10-07,CUST-00509,Ethan Scott,28,Female,Middle East,UAE,Electronics,iPhone 15 Pro,1,1405.49,7.0,1307.11,8.7,113.72
ORD-004813,2025-10-07,CUST-00601,Karen Garcia,31,Male,Latin America,Colombia,Clothing,Calvin Klein Underwear Set,3,42.73,9.0,116.65,30.9,36.04
ORD-004814,2025-10-07,CUST-01174,Mia Taylor,33,Female,North America,Canada,Home & Kitchen,Roomba i7+ Robot Vacuum,2,747.49,0.0,1494.98,38.3,572.58
ORD-004815,2025-10-07,CUST-00296,Hana Singh,57,Male,Europe,Netherlands,Home & Kitchen,Instant Pot Duo 7-in-1,1,103.32,6.0,97.12,22.7,22.05
ORD-004816,2025-10-07,CUST-00032,Ali Garcia,30,Male,Europe,UK,Sports & Outdoors,Peloton Bike+,1,2798.0,0.0,2798.0,33.6,940.13
ORD-004817,2025-10-07,CUST-00167,Zara Hill,35,Male,Middle East,Saudi Arabia,Clothing,Puma Running Shorts,2,41.3,0.0,82.6,49.1,40.56
ORD-004818,2025-10-07,CUST-00819,Jessica Santos,22,Female,North America,Mexico,Electronics,iPad Pro 11-inch,2,1319.88,8.0,2428.58,15.5,376.43
ORD-004819,2025-10-07,CUST-00729,James Baker,21,Male,Middle East,Qatar,Electronics,Apple MacBook Air M2,2,1336.97,15.0,2272.85,16.4,372.75
ORD-004820,2025-10-08,CUST-00408,Laila Adams,19,Female,Middle East,Qatar,Sports & Outdoors,Trek FX3 Bicycle,2,1010.54,6.0,1899.82,34.8,661.14
ORD-004821,2025-10-08,CUST-00131,Amelia Garcia,46,Male,Asia Pacific,India,Electronics,iPhone 15 Pro,2,1196.12,0.0,2392.24,17.5,418.64
ORD-004822,2025-10-08,CUST-01126,Ravi Hill,45,Male,Asia Pacific,Singapore,Sports & Outdoors,Camping Sleeping Bag -10°C,2,118.67,0.0,237.34,29.4,69.78
ORD-004823,2025-10-08,CUST-01302,Rafael Walker,52,Female,North America,USA,Home & Kitchen,Smart Thermostat Google Nest,1,191.55,2.0,187.72,22.9,42.99
ORD-004824,2025-10-08,CUST-01351,Ana Patel,30,Female,Europe,Spain,Home & Kitchen,Cuisinart 12-Piece Cookware Set,1,300.99,0.0,300.99,36.3,109.26
ORD-004825,2025-10-08,CUST-00626,Ethan Nelson,19,Male,North America,USA,Home & Kitchen,Roomba i7+ Robot Vacuum,3,827.96,1.0,2459.04,23.6,580.33
ORD-004826,2025-10-08,CUST-01075,Emma Nelson,25,Male,Europe,Italy,Home & Kitchen,Philips Hue Smart Bulb Set,1,60.05,0.0,60.05,36.9,22.16
ORD-004827,2025-10-08,CUST-01073,Rafael Young,20,Female,North America,USA,Electronics,Canon EOS R50 Camera,1,942.78,6.0,886.21,15.0,132.93
ORD-004828,2025-10-08,CUST-01148,Oliver Santos,20,Male,Europe,Spain,Home & Kitchen,Cuisinart 12-Piece Cookware Set,2,270.96,0.0,541.92,22.8,123.56
ORD-004829,2025-10-08,CUST-01167,Wei King,18,Female,Latin America,Colombia,Home & Kitchen,Nespresso Vertuo Coffee Machine,1,238.18,15.0,202.45,22.9,46.36
ORD-004830,2025-10-08,CUST-01755,Carlos Brown,21,Female,Latin America,Brazil,Clothing,North Face Fleece Jacket,4,164.79,0.0,659.16,34.2,225.43
ORD-004831,2025-10-08,CUST-01490,David Hall,40,Female,Latin America,Argentina,Sports & Outdoors,Peloton Bike+,3,2821.71,0.0,8465.13,30.0,2539.54
ORD-004832,2025-10-08,CUST-00139,Aiden Roberts,26,Female,Europe,France,Clothing,Under Armour Sports Bra,2,51.66,2.0,101.25,53.8,54.47
ORD-004833,2025-10-08,CUST-01193,Muhammad White,20,Female,Middle East,Saudi Arabia,Home & Kitchen,Bamboo Cutting Board Set,1,55.5,11.0,49.4,30.8,15.22
ORD-004834,2025-10-08,CUST-00034,Layla Ahmed,42,Female,Latin America,Brazil,Beauty & Personal Care,Fenty Beauty Foundation,4,47.9,13.0,166.69,47.4,79.01
ORD-004835,2025-10-08,CUST-01356,Ravi Young,23,Male,Europe,UK,Electronics,iPhone 15 Pro,1,1105.06,0.0,1105.06,10.4,114.93
ORD-004836,2025-10-08,CUST-00068,Yuki Thompson,34,Male,North America,Canada,Sports & Outdoors,Garmin GPS Running Watch,1,318.24,0.0,318.24,35.6,113.29
ORD-004837,2025-10-08,CUST-01729,Charles Singh,33,Male,Asia Pacific,Australia,Electronics,GoPro Hero 12,1,476.24,1.0,471.48,10.7,50.45
ORD-004838,2025-10-08,CUST-00935,Ali Adams,27,Female,Asia Pacific,Singapore,Home & Kitchen,Weighted Blanket 15lbs,3,117.11,0.0,351.33,24.9,87.48
ORD-004839,2025-10-08,CUST-01319,Riley Anderson,40,Male,North America,Mexico,Sports & Outdoors,Spalding NBA Basketball,3,36.1,14.0,93.14,22.4,20.86
ORD-004840,2025-10-08,CUST-00044,Ahmed Allen,27,Female,North America,USA,Home & Kitchen,Dyson V15 Vacuum,2,683.98,5.0,1299.56,27.5,357.38
ORD-004841,2025-10-08,CUST-01719,Lisa Rossi,27,Male,Europe,Spain,Clothing,H&M Cotton T-Shirt Pack,1,27.79,27.0,20.29,32.1,6.51
ORD-004842,2025-10-09,CUST-00159,Isabella Davis,18,Male,Latin America,Colombia,Beauty & Personal Care,La Mer Moisturizing Cream,3,313.54,18.0,771.31,54.9,423.45
ORD-004843,2025-10-09,CUST-00540,Ava Smith,34,Female,Europe,Italy,Sports & Outdoors,Trek FX3 Bicycle,2,836.89,0.0,1673.78,35.8,599.21
ORD-004844,2025-10-09,CUST-01796,John Davis,45,Female,Latin America,Brazil,Electronics,Sony WH-1000XM5 Headphones,2,323.4,15.0,549.78,17.6,96.76
ORD-004845,2025-10-09,CUST-00820,Michael Chen,18,Female,North America,Canada,Electronics,USB-C Hub 7-in-1,2,67.06,10.0,120.71,9.5,11.47
ORD-004846,2025-10-09,CUST-01127,William Davis,46,Female,North America,Canada,Home & Kitchen,IKEA KALLAX Shelf Unit,1,224.25,13.0,195.1,38.8,75.7
ORD-004847,2025-10-09,CUST-01486,Liam Green,51,Female,Europe,Spain,Clothing,North Face Fleece Jacket,4,128.06,0.0,512.24,36.6,187.48
ORD-004848,2025-10-09,CUST-01764,James Torres,50,Male,Asia Pacific,India,Home & Kitchen,Cuisinart 12-Piece Cookware Set,1,235.54,12.0,207.28,31.8,65.92
ORD-004849,2025-10-09,CUST-00873,Mary Baker,32,Male,North America,Mexico,Beauty & Personal Care,Olaplex No.3 Hair Perfector,5,42.08,8.0,193.57,56.9,110.14
ORD-004850,2025-10-09,CUST-00516,Isabella Kim,48,Female,Asia Pacific,Singapore,Clothing,H&M Cotton T-Shirt Pack,1,31.38,25.0,23.54,54.9,12.92
ORD-004851,2025-10-09,CUST-00601,Karen Garcia,31,Male,Latin America,Colombia,Clothing,Puma Running Shorts,4,52.2,0.0,208.8,44.9,93.75
ORD-004852,2025-10-09,CUST-00986,James Fernandez,48,Female,Middle East,Saudi Arabia,Home & Kitchen,Cuisinart 12-Piece Cookware Set,2,293.77,6.0,552.29,35.1,193.85
ORD-004853,2025-10-09,CUST-01186,Mason Mitchell,52,Male,North America,USA,Clothing,Uniqlo Down Jacket,2,156.62,21.0,247.46,48.6,120.27
ORD-004854,2025-10-09,CUST-01768,Thomas Miller,40,Male,Middle East,UAE,Clothing,Levi's 501 Jeans,1,67.66,11.0,60.22,51.2,30.83
ORD-004855,2025-10-10,CUST-00857,Linda Williams,28,Male,Asia Pacific,Japan,Electronics,iPad Pro 11-inch,1,1070.71,0.0,1070.71,12.9,138.12
ORD-004856,2025-10-10,CUST-01226,Mia Fernandez,48,Female,Asia Pacific,South Korea,Clothing,Zara Wool Coat,4,148.43,30.0,415.6,44.3,184.11
ORD-004857,2025-10-10,CUST-00733,Rafael Hall,37,Female,Europe,UK,Beauty & Personal Care,Charlotte Tilbury Lipstick,2,39.68,0.0,79.36,54.1,42.93
ORD-004858,2025-10-10,CUST-01193,Muhammad White,20,Female,Middle East,Saudi Arabia,Home & Kitchen,Cuisinart 12-Piece Cookware Set,3,320.02,3.0,931.26,27.9,259.82
ORD-004859,2025-10-10,CUST-00610,Ana Patel,18,Female,Latin America,Brazil,Home & Kitchen,Philips Hue Smart Bulb Set,3,75.13,9.0,205.1,23.6,48.4
ORD-004860,2025-10-10,CUST-00923,Priya Thomas,31,Male,Latin America,Argentina,Beauty & Personal Care,Moroccanoil Hair Oil,5,35.14,15.0,149.34,47.0,70.19
ORD-004861,2025-10-10,CUST-00537,Fatima Taylor,28,Male,Europe,Spain,Sports & Outdoors,Garmin GPS Running Watch,2,330.15,1.0,653.7,33.8,220.95
ORD-004862,2025-10-10,CUST-00979,Emma Adams,28,Female,North America,USA,Beauty & Personal Care,Bath & Body Works Candle Set,5,39.41,19.0,159.61,37.2,59.37
ORD-004863,2025-10-10,CUST-00549,Fatima Taylor,18,Male,Latin America,Colombia,Home & Kitchen,Philips Hue Smart Bulb Set,1,76.21,3.0,73.92,33.4,24.69
ORD-004864,2025-10-10,CUST-00353,Noah Roberts,39,Male,Europe,Italy,Electronics,Apple MacBook Air M2,1,1290.34,4.0,1238.73,13.8,170.94
ORD-004865,2025-10-10,CUST-00512,Karen Nguyen,28,Female,North America,USA,Beauty & Personal Care,Olaplex No.3 Hair Perfector,5,45.11,15.0,191.72,38.8,74.39
ORD-004866,2025-10-10,CUST-01159,Karen Mitchell,26,Female,Europe,Germany,Beauty & Personal Care,Philips Norelco Shaver,2,127.16,8.0,233.97,56.2,131.49
ORD-004867,2025-10-10,CUST-00360,Layla Lee,43,Female,Asia Pacific,Australia,Beauty & Personal Care,Fenty Beauty Foundation,1,55.91,0.0,55.91,56.0,31.31
ORD-004868,2025-10-10,CUST-00534,Aiden Miller,37,Female,Latin America,Argentina,Clothing,Puma Running Shorts,1,36.16,0.0,36.16,51.1,18.48
ORD-004869,2025-10-10,CUST-01735,James Anderson,37,Male,Middle East,Saudi Arabia,Electronics,Canon EOS R50 Camera,2,892.73,0.0,1785.46,13.0,232.11
ORD-004870,2025-10-10,CUST-01764,James Torres,50,Male,Asia Pacific,India,Clothing,Converse Chuck Taylor All Star,3,74.95,14.0,193.37,33.1,64.01
ORD-004871,2025-10-10,CUST-01494,Ana Roberts,39,Female,North America,Canada,Clothing,Uniqlo Down Jacket,4,137.69,15.0,468.15,37.6,176.02
ORD-004872,2025-10-10,CUST-00765,Lisa Nguyen,36,Male,Europe,Netherlands,Electronics,Samsung Galaxy S24,1,926.92,0.0,926.92,11.2,103.82
ORD-004873,2025-10-10,CUST-00129,Wei Martinez,41,Female,Middle East,UAE,Home & Kitchen,Cuisinart 12-Piece Cookware Set,3,258.86,16.0,652.33,32.3,210.7
ORD-004874,2025-10-10,CUST-01082,Rafael Wilson,54,Female,Europe,France,Clothing,Calvin Klein Underwear Set,2,39.83,6.0,74.88,31.1,23.29
ORD-004875,2025-10-10,CUST-01183,Chen Miller,28,Male,Asia Pacific,Singapore,Clothing,Converse Chuck Taylor All Star,1,88.75,3.0,86.09,41.7,35.9
ORD-004876,2025-10-11,CUST-00484,Lucas Müller,37,Male,Latin America,Argentina,Clothing,Converse Chuck Taylor All Star,4,73.74,0.0,294.96,36.8,108.55
ORD-004877,2025-10-11,CUST-00544,Olivia King,43,Male,Middle East,Qatar,Clothing,Zara Wool Coat,4,196.97,17.0,653.94,43.8,286.43
ORD-004878,2025-10-11,CUST-00215,Mia Wright,33,Male,North America,Canada,Electronics,Canon EOS R50 Camera,1,807.91,14.0,694.8,8.9,61.84
ORD-004879,2025-10-11,CUST-00461,Ethan Roberts,34,Female,Middle East,UAE,Electronics,Kindle Paperwhite,2,155.34,15.0,264.08,12.8,33.8
ORD-004880,2025-10-11,CUST-00456,Yuki Ali,40,Male,Latin America,Colombia,Beauty & Personal Care,Dyson Airwrap Styler,5,588.56,16.0,2471.95,37.5,926.98
ORD-004881,2025-10-11,CUST-01102,Layla Santos,40,Female,North America,Mexico,Electronics,Sony PlayStation 5,2,681.52,0.0,1363.04,11.3,154.02
ORD-004882,2025-10-11,CUST-01419,John Green,70,Female,Europe,UK,Beauty & Personal Care,Bioderma Micellar Water 500ml,4,14.83,0.0,59.32,37.3,22.13
ORD-004883,2025-10-11,CUST-01277,Priya Wang,32,Female,Latin America,Brazil,Home & Kitchen,Instant Pot Duo 7-in-1,3,95.09,17.0,236.77,29.0,68.66
ORD-004884,2025-10-11,CUST-00738,Charles Miller,19,Male,Asia Pacific,Australia,Home & Kitchen,Instant Pot Duo 7-in-1,1,129.02,8.0,118.7,35.7,42.38
ORD-004885,2025-10-11,CUST-00388,Emma Chen,28,Male,Middle East,UAE,Beauty & Personal Care,Charlotte Tilbury Lipstick,4,38.0,0.0,152.0,48.6,73.87
ORD-004886,2025-10-11,CUST-01155,Mia Scott,40,Male,Europe,Germany,Sports & Outdoors,Garmin GPS Running Watch,2,390.33,1.0,772.85,25.2,194.76
ORD-004887,2025-10-11,CUST-00312,Emma Miller,35,Male,Asia Pacific,Australia,Home & Kitchen,Nespresso Vertuo Coffee Machine,3,196.12,0.0,588.36,26.5,155.92
ORD-004888,2025-10-11,CUST-01772,Joseph Johnson,27,Male,Latin America,Colombia,Clothing,Uniqlo Down Jacket,2,143.36,0.0,286.72,39.4,112.97
ORD-004889,2025-10-11,CUST-00939,Sarah Lee,23,Female,North America,Mexico,Home & Kitchen,Dyson V15 Vacuum,3,780.5,2.0,2294.67,33.0,757.24
ORD-004890,2025-10-11,CUST-00710,Karen Nelson,54,Female,Asia Pacific,India,Beauty & Personal Care,The Ordinary Serum Set,5,32.59,8.0,149.91,46.7,70.01
ORD-004891,2025-10-11,CUST-01562,Barbara Santos,25,Male,Middle East,Saudi Arabia,Beauty & Personal Care,Neutrogena SPF 50 Sunscreen,2,24.51,12.0,43.14,55.9,24.12
ORD-004892,2025-10-11,CUST-01147,Ali Ahmed,42,Male,Middle East,Qatar,Clothing,Uniqlo Down Jacket,3,118.14,18.0,290.62,54.7,158.97
ORD-004893,2025-10-11,CUST-01468,Susan Torres,35,Female,North America,Canada,Clothing,Zara Wool Coat,2,160.07,19.0,259.31,37.6,97.5
ORD-004894,2025-10-11,CUST-01226,Mia Fernandez,48,Female,Asia Pacific,South Korea,Clothing,Puma Running Shorts,1,37.55,0.0,37.55,38.2,14.34
ORD-004895,2025-10-11,CUST-00459,Susan Santos,22,Female,Europe,France,Electronics,Samsung Galaxy S24,1,1155.49,13.0,1005.28,19.1,192.01
ORD-004896,2025-10-11,CUST-01084,Chen Allen,30,Female,Europe,Italy,Electronics,iPhone 15 Pro,1,1151.12,4.0,1105.08,14.9,164.66
ORD-004897,2025-10-11,CUST-00693,Amelia Young,36,Male,Middle East,Saudi Arabia,Beauty & Personal Care,Foreo LUNA Face Massager,1,133.28,4.0,127.95,38.4,49.13
ORD-004898,2025-10-11,CUST-00240,Wei Wang,35,Female,North America,USA,Beauty & Personal Care,Tatcha Rice Wash Cleanser,5,59.38,0.0,296.9,44.9,133.31
ORD-004899,2025-10-11,CUST-00473,Fatima Khan,35,Female,Europe,UK,Sports & Outdoors,Wilson Tennis Racket Pro,2,209.95,0.0,419.9,38.0,159.56
ORD-004900,2025-10-11,CUST-01284,Ethan Jackson,37,Female,Latin America,Colombia,Beauty & Personal Care,La Mer Moisturizing Cream,5,389.6,0.0,1948.0,45.1,878.55
ORD-004901,2025-10-12,CUST-00979,Emma Adams,28,Female,North America,USA,Electronics,Kindle Paperwhite,1,173.68,5.0,165.0,13.2,21.78
ORD-004902,2025-10-12,CUST-00873,Mary Baker,32,Male,North America,Mexico,Electronics,"LG OLED 55"" TV",1,1936.13,0.0,1936.13,16.8,325.27
ORD-004903,2025-10-12,CUST-01635,Muhammad Johnson,18,Male,North America,Mexico,Clothing,Under Armour Sports Bra,3,67.83,22.0,158.72,54.1,85.87
ORD-004904,2025-10-12,CUST-00669,Ahmed Müller,54,Female,Europe,Italy,Electronics,Kindle Paperwhite,1,174.9,0.0,174.9,17.2,30.08
ORD-004905,2025-10-12,CUST-00830,Chen Brown,19,Female,North America,USA,Electronics,Sony PlayStation 5,1,603.37,0.0,603.37,10.9,65.77
ORD-004906,2025-10-12,CUST-00050,Oliver Lopez,39,Female,North America,Canada,Electronics,iPad Pro 11-inch,1,1194.54,9.0,1087.03,15.9,172.84
ORD-004907,2025-10-12,CUST-01674,Olivia Jackson,21,Female,Latin America,Brazil,Electronics,iPad Pro 11-inch,2,1202.74,4.0,2309.26,11.5,265.56
ORD-004908,2025-10-12,CUST-00930,Ahmed Roberts,18,Female,North America,Mexico,Home & Kitchen,Nespresso Vertuo Coffee Machine,2,246.73,0.0,493.46,23.0,113.5
ORD-004909,2025-10-12,CUST-00841,Charles Kim,32,Male,Middle East,Saudi Arabia,Sports & Outdoors,Foam Roller Set,2,49.27,14.0,84.74,35.4,30.0
ORD-004910,2025-10-12,CUST-00573,Harry White,34,Female,Middle East,UAE,Clothing,Zara Wool Coat,2,205.31,19.0,332.6,32.1,106.76
ORD-004911,2025-10-12,CUST-00813,Lucas Mitchell,27,Male,Asia Pacific,Australia,Electronics,Ring Video Doorbell,1,223.12,1.0,220.89,17.3,38.21
ORD-004912,2025-10-12,CUST-00473,Fatima Khan,35,Female,Europe,UK,Sports & Outdoors,TRX Suspension Trainer,3,216.07,0.0,648.21,23.7,153.63
ORD-004913,2025-10-12,CUST-01537,Riley Torres,42,Male,Latin America,Argentina,Clothing,Adidas Ultraboost Shoes,1,191.67,0.0,191.67,44.7,85.68
ORD-004914,2025-10-12,CUST-00667,Oliver Wang,27,Female,Europe,Germany,Electronics,Samsung Galaxy S24,2,1109.17,14.0,1907.77,19.2,366.29
ORD-004915,2025-10-12,CUST-00523,Sarah Thompson,39,Female,Middle East,UAE,Clothing,Levi's 501 Jeans,3,95.69,0.0,287.07,49.3,141.53
ORD-004916,2025-10-12,CUST-00432,Ravi Martin,19,Male,Middle East,Qatar,Home & Kitchen,Roomba i7+ Robot Vacuum,1,813.1,15.0,691.13,27.7,191.44
ORD-004917,2025-10-12,CUST-00661,Riley Williams,31,Male,Latin America,Argentina,Sports & Outdoors,Fitbit Charge 6,1,187.47,22.0,146.23,32.9,48.11
ORD-004918,2025-10-12,CUST-00144,Lisa Smith,37,Male,Europe,France,Electronics,iPhone 15 Pro,2,1319.41,5.0,2506.88,19.0,476.31
ORD-004919,2025-10-12,CUST-01571,Carlos King,31,Female,Latin America,Colombia,Home & Kitchen,Smart Thermostat Google Nest,1,159.92,0.0,159.92,37.9,60.61
ORD-004920,2025-10-12,CUST-01384,Jessica Baker,51,Male,North America,Mexico,Home & Kitchen,Air Purifier HEPA,1,281.6,8.0,259.07,20.8,53.89
ORD-004921,2025-10-12,CUST-00695,Fatima Brown,26,Male,Latin America,Argentina,Home & Kitchen,Dyson V15 Vacuum,3,739.75,16.0,1864.17,32.3,602.13
ORD-004922,2025-10-12,CUST-01682,Mary Roberts,36,Female,North America,USA,Home & Kitchen,Ninja Air Fryer XL,1,141.53,0.0,141.53,37.0,52.37
ORD-004923,2025-10-12,CUST-00250,Olivia Miller,56,Female,North America,Canada,Electronics,iPhone 15 Pro,1,1249.36,14.0,1074.45,11.4,122.49
ORD-004924,2025-10-13,CUST-00193,Isabella Miller,48,Male,Asia Pacific,Australia,Home & Kitchen,Instant Pot Duo 7-in-1,2,114.56,1.0,226.83,22.2,50.36
ORD-004925,2025-10-13,CUST-00058,Sophia Wilson,31,Female,Asia Pacific,Australia,Beauty & Personal Care,Moroccanoil Hair Oil,4,35.51,4.0,136.36,56.2,76.63
ORD-004926,2025-10-13,CUST-00845,Hana Jones,49,Female,Latin America,Colombia,Beauty & Personal Care,Philips Norelco Shaver,4,141.36,0.0,565.44,54.4,307.6
ORD-004927,2025-10-13,CUST-01780,Layla Hall,36,Female,Europe,Spain,Clothing,Converse Chuck Taylor All Star,4,70.17,30.0,196.48,35.2,69.16
ORD-004928,2025-10-13,CUST-01001,Priya Schmidt,46,Male,Middle East,UAE,Sports & Outdoors,Speedo Swim Goggles,1,39.6,12.0,34.85,31.6,11.01
ORD-004929,2025-10-13,CUST-00090,Isabella Lopez,44,Male,Asia Pacific,India,Electronics,"LG OLED 55"" TV",1,2098.23,14.0,1804.48,10.4,187.67
ORD-004930,2025-10-13,CUST-00864,William Singh,34,Female,Middle East,Saudi Arabia,Clothing,Gucci Belt,3,452.49,0.0,1357.47,45.9,623.08
ORD-004931,2025-10-13,CUST-01465,Chen Ali,25,Male,Latin America,Colombia,Electronics,"LG OLED 55"" TV",2,1687.91,0.0,3375.82,12.3,415.23
ORD-004932,2025-10-13,CUST-00872,Muhammad Jackson,57,Male,North America,Canada,Sports & Outdoors,Wilson Tennis Racket Pro,2,198.16,15.0,336.87,36.8,123.97
ORD-004933,2025-10-13,CUST-00750,Yuki Hill,34,Female,Europe,Spain,Sports & Outdoors,TRX Suspension Trainer,1,197.4,22.0,153.97,34.0,52.35
ORD-004934,2025-10-13,CUST-00525,Zara Torres,37,Female,Middle East,Qatar,Clothing,Nike Air Max 270,4,171.27,28.0,493.26,50.6,249.59
ORD-004935,2025-10-13,CUST-00820,Michael Chen,18,Female,North America,Canada,Clothing,Nike Air Max 270,3,165.38,0.0,496.14,45.6,226.24
ORD-004936,2025-10-13,CUST-01319,Riley Anderson,40,Male,North America,Mexico,Sports & Outdoors,TRX Suspension Trainer,2,201.38,0.0,402.76,20.0,80.55
ORD-004937,2025-10-13,CUST-01536,Laila Khan,18,Female,Middle East,Saudi Arabia,Beauty & Personal Care,Oral-B Electric Toothbrush Pro,3,113.57,18.0,279.38,60.0,167.63
ORD-004938,2025-10-13,CUST-00065,Chen White,38,Female,Europe,France,Sports & Outdoors,Coleman 4-Person Camping Tent,2,187.51,6.0,352.52,27.9,98.35
ORD-004939,2025-10-13,CUST-01376,Oliver Singh,41,Male,Europe,UK,Electronics,Canon EOS R50 Camera,2,856.19,2.0,1678.13,18.3,307.1
ORD-004940,2025-10-13,CUST-01313,Emma King,31,Male,Europe,Netherlands,Sports & Outdoors,Trek FX3 Bicycle,2,1034.13,8.0,1902.8,29.5,561.33
ORD-004941,2025-10-13,CUST-00604,Jennifer Hill,53,Male,Europe,UK,Clothing,Converse Chuck Taylor All Star,1,88.12,1.0,87.24,35.1,30.62
ORD-004942,2025-10-13,CUST-00673,Emma Taylor,18,Female,North America,USA,Home & Kitchen,French Press Coffee Maker,2,42.95,19.0,69.58,29.7,20.67
ORD-004943,2025-10-13,CUST-01458,Karen Garcia,21,Male,Asia Pacific,Singapore,Sports & Outdoors,Trek FX3 Bicycle,2,913.7,0.0,1827.4,33.3,608.52
ORD-004944,2025-10-13,CUST-00487,Sophia Green,21,Female,Middle East,UAE,Home & Kitchen,IKEA KALLAX Shelf Unit,3,164.08,0.0,492.24,33.7,165.88
ORD-004945,2025-10-13,CUST-00926,Wei Taylor,34,Male,Latin America,Colombia,Electronics,Apple MacBook Air M2,1,1176.0,2.0,1152.48,9.8,112.94
ORD-004946,2025-10-13,CUST-00252,Linda Santos,51,Female,North America,Canada,Electronics,Sony WH-1000XM5 Headphones,1,388.21,0.0,388.21,16.0,62.11
ORD-004947,2025-10-13,CUST-00889,Lucas Kim,33,Male,Europe,Germany,Home & Kitchen,Roomba i7+ Robot Vacuum,1,715.98,5.0,680.18,27.5,187.05
ORD-004948,2025-10-13,CUST-00439,Ahmed Johnson,40,Female,Latin America,Argentina,Home & Kitchen,Bamboo Cutting Board Set,3,47.77,7.0,133.28,20.7,27.59
ORD-004949,2025-10-13,CUST-01532,Mary Davis,53,Female,Europe,Italy,Clothing,Calvin Klein Underwear Set,2,34.44,14.0,59.24,43.2,25.59
ORD-004950,2025-10-13,CUST-00275,Robert Baker,33,Male,Europe,France,Home & Kitchen,Air Purifier HEPA,3,239.41,9.0,653.59,23.7,154.9
ORD-004951,2025-10-13,CUST-00178,Ethan Adams,38,Female,Latin America,Colombia,Clothing,Calvin Klein Underwear Set,2,48.53,0.0,97.06,35.9,34.84
ORD-004952,2025-10-14,CUST-00258,Ava Nguyen,18,Male,North America,Mexico,Beauty & Personal Care,Olaplex No.3 Hair Perfector,3,45.21,6.0,127.49,36.7,46.79
ORD-004953,2025-10-14,CUST-01144,Fatima Mitchell,25,Female,Latin America,Colombia,Clothing,Under Armour Sports Bra,3,62.5,14.0,161.25,31.7,51.12
ORD-004954,2025-10-14,CUST-01396,Linda Harris,20,Female,Asia Pacific,Australia,Beauty & Personal Care,La Mer Moisturizing Cream,5,298.07,13.0,1296.6,42.7,553.65
ORD-004955,2025-10-14,CUST-00146,Michael Smith,33,Female,Europe,Netherlands,Home & Kitchen,IKEA KALLAX Shelf Unit,1,226.62,0.0,226.62,37.1,84.08
ORD-004956,2025-10-14,CUST-01264,Sofia Patel,50,Male,Middle East,Saudi Arabia,Home & Kitchen,French Press Coffee Maker,1,52.56,0.0,52.56,36.6,19.24
ORD-004957,2025-10-14,CUST-01661,Patricia Walker,46,Female,Europe,UK,Electronics,USB-C Hub 7-in-1,2,75.3,13.0,131.02,11.6,15.2
ORD-004958,2025-10-14,CUST-01570,Mason Kim,18,Female,Latin America,Brazil,Home & Kitchen,Weighted Blanket 15lbs,1,89.49,18.0,73.38,22.6,16.58
ORD-004959,2025-10-14,CUST-00411,Patricia Miller,18,Male,Latin America,Brazil,Electronics,"LG OLED 55"" TV",1,1904.33,15.0,1618.68,19.9,322.12
ORD-004960,2025-10-14,CUST-01193,Muhammad White,20,Female,Middle East,Saudi Arabia,Beauty & Personal Care,Dyson Airwrap Styler,1,659.44,1.0,652.85,48.8,318.59
ORD-004961,2025-10-14,CUST-01711,Ana Ahmed,37,Male,Asia Pacific,India,Beauty & Personal Care,Tatcha Rice Wash Cleanser,1,48.58,3.0,47.12,56.9,26.81
ORD-004962,2025-10-14,CUST-01198,Wei Thomas,22,Female,Middle East,Saudi Arabia,Beauty & Personal Care,Charlotte Tilbury Lipstick,2,46.35,12.0,81.58,36.9,30.1
ORD-004963,2025-10-14,CUST-00685,Rafael Lee,23,Female,Latin America,Colombia,Sports & Outdoors,Camping Sleeping Bag -10°C,3,114.99,16.0,289.77,28.5,82.58
ORD-004964,2025-10-14,CUST-00447,Harry Harris,43,Female,Middle East,Qatar,Electronics,Sony WH-1000XM5 Headphones,2,334.41,9.0,608.63,15.5,94.34
ORD-004965,2025-10-14,CUST-00401,Sofia Fernandez,32,Female,Latin America,Argentina,Sports & Outdoors,Fitbit Charge 6,3,183.1,5.0,521.84,23.1,120.55
ORD-004966,2025-10-14,CUST-01746,Mary Jones,40,Female,Latin America,Brazil,Sports & Outdoors,Yoga Mat Premium Non-Slip,3,68.93,0.0,206.79,27.8,57.49
ORD-004967,2025-10-14,CUST-00250,Olivia Miller,56,Female,North America,Canada,Clothing,H&M Cotton T-Shirt Pack,3,29.47,27.0,64.54,45.3,29.24
ORD-004968,2025-10-14,CUST-01251,Riley Garcia,23,Female,Middle East,UAE,Sports & Outdoors,Garmin GPS Running Watch,2,413.4,11.0,735.85,28.4,208.98
ORD-004969,2025-10-14,CUST-01256,Charlotte Kim,42,Male,Middle East,UAE,Clothing,North Face Fleece Jacket,3,145.5,2.0,427.77,32.3,138.17
ORD-004970,2025-10-14,CUST-00363,David Singh,54,Male,Latin America,Colombia,Sports & Outdoors,Wilson Tennis Racket Pro,2,167.7,2.0,328.69,31.7,104.19
ORD-004971,2025-10-14,CUST-01606,Linda Singh,18,Male,Middle East,Qatar,Sports & Outdoors,Wilson Tennis Racket Pro,3,160.88,22.0,376.46,27.3,102.77
ORD-004972,2025-10-14,CUST-01428,Robert Patel,31,Female,Latin America,Argentina,Beauty & Personal Care,Charlotte Tilbury Lipstick,3,39.35,8.0,108.61,49.7,53.98
ORD-004973,2025-10-14,CUST-00516,Isabella Kim,48,Female,Asia Pacific,Singapore,Home & Kitchen,Weighted Blanket 15lbs,3,89.16,0.0,267.48,31.8,85.06
ORD-004974,2025-10-14,CUST-00810,William Nguyen,31,Male,Asia Pacific,Singapore,Electronics,Apple MacBook Air M2,1,1418.15,13.0,1233.79,13.2,162.86
ORD-004975,2025-10-14,CUST-00765,Lisa Nguyen,36,Male,Europe,Netherlands,Electronics,Samsung Galaxy S24,1,1029.18,11.0,915.97,14.9,136.48
ORD-004976,2025-10-14,CUST-01642,James Jackson,21,Male,Asia Pacific,Singapore,Home & Kitchen,Cuisinart 12-Piece Cookware Set,2,276.63,5.0,525.6,32.5,170.82
ORD-004977,2025-10-15,CUST-00291,Michael Roberts,35,Female,Asia Pacific,Japan,Beauty & Personal Care,Bath & Body Works Candle Set,5,42.46,9.0,193.19,55.4,107.03
ORD-004978,2025-10-15,CUST-00678,Oliver Patel,38,Female,Middle East,UAE,Electronics,Bose SoundLink Speaker,1,209.06,4.0,200.7,8.3,16.66
ORD-004979,2025-10-15,CUST-00167,Zara Hill,35,Male,Middle East,Saudi Arabia,Sports & Outdoors,Fitbit Charge 6,3,202.27,0.0,606.81,21.5,130.46
ORD-004980,2025-10-15,CUST-01152,Lucas Johnson,37,Female,Europe,UK,Beauty & Personal Care,Neutrogena SPF 50 Sunscreen,1,21.06,9.0,19.16,38.0,7.28
ORD-004981,2025-10-15,CUST-01673,Patricia Martin,48,Male,Latin America,Colombia,Clothing,North Face Fleece Jacket,2,171.22,0.0,342.44,40.9,140.06
ORD-004982,2025-10-15,CUST-00808,Lucas Scott,25,Female,Middle East,Qatar,Sports & Outdoors,Trek FX3 Bicycle,2,883.41,5.0,1678.48,32.2,540.47
ORD-004983,2025-10-15,CUST-01728,Richard Jones,30,Male,Middle East,UAE,Electronics,Apple Watch Series 9,1,487.45,0.0,487.45,11.8,57.52
ORD-004984,2025-10-15,CUST-01416,Olivia Brown,39,Female,Asia Pacific,India,Electronics,GoPro Hero 12,2,426.49,13.0,742.09,14.7,109.09
ORD-004985,2025-10-15,CUST-01064,Wei Anderson,18,Female,Asia Pacific,South Korea,Clothing,Adidas Ultraboost Shoes,2,191.9,13.0,333.91,33.2,110.86
ORD-004986,2025-10-15,CUST-01504,Charlotte Kim,41,Male,Europe,Germany,Sports & Outdoors,TRX Suspension Trainer,2,194.85,1.0,385.8,29.6,114.2
ORD-004987,2025-10-15,CUST-01548,Riley Walker,39,Female,Middle East,UAE,Clothing,Gucci Belt,1,434.45,5.0,412.73,49.8,205.54
ORD-004988,2025-10-15,CUST-00564,Ana Lee,26,Female,Latin America,Brazil,Home & Kitchen,Weighted Blanket 15lbs,1,108.26,0.0,108.26,34.6,37.46
ORD-004989,2025-10-15,CUST-01256,Charlotte Kim,42,Male,Middle East,UAE,Clothing,Uniqlo Down Jacket,3,116.17,0.0,348.51,42.3,147.42
ORD-004990,2025-10-15,CUST-00895,Patricia Taylor,18,Male,North America,Mexico,Sports & Outdoors,Resistance Bands Set,3,46.57,2.0,136.92,35.6,48.74
ORD-004991,2025-10-15,CUST-00232,Oliver Lopez,56,Female,Europe,UK,Beauty & Personal Care,Moroccanoil Hair Oil,3,43.27,0.0,129.81,56.0,72.69
ORD-004992,2025-10-15,CUST-00923,Priya Thomas,31,Male,Latin America,Argentina,Electronics,GoPro Hero 12,2,450.94,5.0,856.79,18.5,158.51
ORD-004993,2025-10-15,CUST-01769,Liam Thomas,40,Male,Asia Pacific,Singapore,Sports & Outdoors,Yoga Mat Premium Non-Slip,3,66.45,5.0,189.38,28.9,54.73
ORD-004994,2025-10-15,CUST-00850,Muhammad Smith,29,Male,Middle East,Qatar,Home & Kitchen,KitchenAid Stand Mixer,3,441.96,5.0,1259.59,33.9,427.0
ORD-004995,2025-10-15,CUST-00285,Mason Martinez,25,Male,Middle East,Saudi Arabia,Clothing,Nike Air Max 270,3,160.28,0.0,480.84,40.7,195.7
ORD-004996,2025-10-15,CUST-00743,Aiden Jackson,35,Male,North America,Mexico,Clothing,Nike Air Max 270,3,144.39,17.0,359.53,52.7,189.47
ORD-004997,2025-10-15,CUST-00739,Ahmed Martinez,18,Female,Europe,Netherlands,Clothing,Under Armour Sports Bra,2,49.19,0.0,98.38,45.9,45.16
ORD-004998,2025-10-15,CUST-00859,Jessica Nguyen,53,Female,Asia Pacific,Australia,Clothing,Puma Running Shorts,2,43.05,0.0,86.1,51.1,44.0
ORD-004999,2025-10-15,CUST-00363,David Singh,54,Male,Latin America,Colombia,Home & Kitchen,French Press Coffee Maker,1,48.84,3.0,47.37,36.6,17.34
ORD-005000,2025-10-15,CUST-00681,David Dupont,23,Female,Asia Pacific,Australia,Home & Kitchen,Bamboo Cutting Board Set,2,39.39,10.0,70.9,27.2,19.28
ORD-005001,2025-10-15,CUST-00717,Patricia Wright,37,Female,Europe,UK,Home & Kitchen,Bamboo Cutting Board Set,2,51.59,11.0,91.83,27.1,24.89
ORD-005002,2025-10-16,CUST-01229,Layla Miller,46,Male,North America,Canada,Home & Kitchen,Ninja Air Fryer XL,3,138.06,10.0,372.76,37.3,139.04
ORD-005003,2025-10-16,CUST-01469,Mary Roberts,45,Male,Latin America,Brazil,Electronics,Bose SoundLink Speaker,1,249.0,2.0,244.02,16.5,40.26
ORD-005004,2025-10-16,CUST-00206,Amelia Lee,18,Female,Latin America,Colombia,Electronics,"LG OLED 55"" TV",2,2010.18,7.0,3738.93,16.0,598.23
ORD-005005,2025-10-16,CUST-01636,Olivia Scott,55,Male,Middle East,Qatar,Sports & Outdoors,Fitbit Charge 6,2,204.28,0.0,408.56,28.3,115.62
ORD-005006,2025-10-16,CUST-00710,Karen Nelson,54,Female,Asia Pacific,India,Beauty & Personal Care,Charlotte Tilbury Lipstick,2,36.22,20.0,57.95,58.3,33.78
ORD-005007,2025-10-16,CUST-01740,Mia Scott,36,Female,Latin America,Colombia,Beauty & Personal Care,Bath & Body Works Candle Set,4,55.59,0.0,222.36,48.3,107.4
ORD-005008,2025-10-16,CUST-00429,Carlos Davis,38,Female,Middle East,Qatar,Clothing,Zara Wool Coat,1,200.16,13.0,174.14,45.9,79.93
ORD-005009,2025-10-16,CUST-00663,Charlotte Wilson,32,Male,North America,Canada,Electronics,Bose SoundLink Speaker,2,176.02,13.0,306.27,12.6,38.59
ORD-005010,2025-10-16,CUST-00336,Emma Miller,55,Female,Europe,Spain,Electronics,Sony PlayStation 5,2,613.91,6.0,1154.15,9.6,110.8
ORD-005011,2025-10-16,CUST-00340,Noah Baker,48,Female,North America,Mexico,Electronics,Kindle Paperwhite,1,172.8,9.0,157.25,15.8,24.85
ORD-005012,2025-10-16,CUST-01100,Layla Miller,33,Male,Latin America,Colombia,Clothing,Tommy Hilfiger Polo Shirt,3,65.58,25.0,147.56,46.4,68.47
ORD-005013,2025-10-16,CUST-00684,Jessica Jackson,18,Female,North America,USA,Beauty & Personal Care,Moroccanoil Hair Oil,4,41.54,13.0,144.56,52.0,75.17
ORD-005014,2025-10-16,CUST-01606,Linda Singh,18,Male,Middle East,Qatar,Electronics,Dell XPS 15 Laptop,1,1701.35,0.0,1701.35,15.8,268.81
ORD-005015,2025-10-16,CUST-00773,Thomas Kim,18,Male,North America,Mexico,Electronics,Apple Watch Series 9,1,544.12,7.0,506.03,9.9,50.1
ORD-005016,2025-10-16,CUST-01119,Fatima Young,42,Male,Latin America,Brazil,Beauty & Personal Care,CeraVe Moisturizing Cream,3,17.71,6.0,49.94,53.0,26.47
ORD-005017,2025-10-16,CUST-00659,Ana Müller,49,Male,Asia Pacific,India,Clothing,Adidas Ultraboost Shoes,1,166.57,14.0,143.25,42.1,60.31
ORD-005018,2025-10-16,CUST-01594,Riley Johnson,18,Female,Asia Pacific,India,Electronics,iPhone 15 Pro,2,1119.12,7.0,2081.56,10.2,212.32
ORD-005019,2025-10-16,CUST-00166,Aiden Carter,40,Male,Latin America,Brazil,Electronics,Dell XPS 15 Laptop,2,1362.19,0.0,2724.38,8.0,217.95
ORD-005020,2025-10-16,CUST-00580,Yuki Walker,31,Female,Europe,UK,Clothing,Uniqlo Down Jacket,1,97.36,16.0,81.78,49.4,40.4
ORD-005021,2025-10-16,CUST-01796,John Davis,45,Female,Latin America,Brazil,Home & Kitchen,Dyson V15 Vacuum,3,784.35,9.0,2141.28,38.6,826.53
ORD-005022,2025-10-16,CUST-00199,Mia Thompson,39,Female,Europe,Italy,Home & Kitchen,Nespresso Vertuo Coffee Machine,2,238.73,11.0,424.94,25.4,107.93
ORD-005023,2025-10-16,CUST-00315,Jessica Anderson,27,Female,North America,USA,Electronics,GoPro Hero 12,1,432.14,0.0,432.14,13.3,57.47
ORD-005024,2025-10-16,CUST-01023,Emma Nguyen,31,Female,Latin America,Brazil,Sports & Outdoors,Speedo Swim Goggles,3,34.5,0.0,103.5,18.1,18.73
ORD-005025,2025-10-16,CUST-01776,Laila Allen,24,Female,North America,USA,Electronics,Apple Watch Series 9,2,555.28,11.0,988.4,15.8,156.17
ORD-005026,2025-10-16,CUST-00500,Mary Wang,56,Female,Latin America,Argentina,Beauty & Personal Care,Bath & Body Works Candle Set,2,49.53,8.0,91.14,46.1,42.02
ORD-005027,2025-10-16,CUST-01435,Noah Green,46,Male,North America,Mexico,Electronics,iPad Pro 11-inch,1,1314.3,4.0,1261.73,13.7,172.86
ORD-005028,2025-10-16,CUST-00240,Wei Wang,35,Female,North America,USA,Clothing,Zara Wool Coat,3,230.78,6.0,650.8,37.4,243.4
ORD-005029,2025-10-16,CUST-01675,Richard Singh,28,Female,Europe,UK,Clothing,Uniqlo Down Jacket,1,101.27,25.0,75.95,45.8,34.79
ORD-005030,2025-10-16,CUST-01415,Ava Miller,44,Female,Latin America,Brazil,Electronics,Samsung Galaxy S24,2,943.54,3.0,1830.47,8.7,159.25
ORD-005031,2025-10-16,CUST-00966,Olivia Hall,31,Female,Latin America,Brazil,Clothing,Nike Air Max 270,4,160.48,14.0,552.05,49.4,272.71
ORD-005032,2025-10-16,CUST-00030,Chen Hall,47,Male,Latin America,Colombia,Clothing,Gucci Belt,1,489.8,0.0,489.8,40.2,196.9
ORD-005033,2025-10-16,CUST-00075,Laila Allen,51,Male,Middle East,UAE,Clothing,H&M Cotton T-Shirt Pack,2,36.83,0.0,73.66,45.7,33.66
ORD-005034,2025-10-16,CUST-00378,Patricia Brown,34,Female,Europe,Spain,Clothing,Under Armour Sports Bra,4,62.78,29.0,178.3,33.1,59.02
ORD-005035,2025-10-17,CUST-00367,Sarah Martinez,35,Female,Asia Pacific,India,Sports & Outdoors,Wilson Tennis Racket Pro,1,235.92,13.0,205.25,29.7,60.96
ORD-005036,2025-10-17,CUST-01738,Carlos Schmidt,41,Female,Asia Pacific,Singapore,Beauty & Personal Care,Oral-B Electric Toothbrush Pro,4,94.38,3.0,366.19,38.6,141.35
ORD-005037,2025-10-17,CUST-01185,Harry Wilson,29,Male,North America,USA,Clothing,Uniqlo Down Jacket,3,102.1,22.0,238.91,51.4,122.8
ORD-005038,2025-10-17,CUST-00026,Isabella Taylor,37,Female,Asia Pacific,Japan,Clothing,Gucci Belt,1,480.03,0.0,480.03,50.3,241.46
ORD-005039,2025-10-17,CUST-00138,Charles Harris,48,Male,Middle East,UAE,Clothing,Gucci Belt,1,493.75,14.0,424.62,42.1,178.77
ORD-005040,2025-10-17,CUST-00481,Wei Wang,22,Male,Middle East,Saudi Arabia,Beauty & Personal Care,Neutrogena SPF 50 Sunscreen,5,24.01,0.0,120.05,58.0,69.63
ORD-005041,2025-10-17,CUST-01462,Yuki Flores,49,Male,North America,Mexico,Electronics,Ring Video Doorbell,1,196.41,0.0,196.41,15.9,31.23
ORD-005042,2025-10-17,CUST-01381,Lucas Fernandez,33,Male,Asia Pacific,India,Electronics,Ring Video Doorbell,1,135.45,11.0,120.55,15.3,18.44
ORD-005043,2025-10-17,CUST-01005,Thomas Adams,41,Male,North America,Mexico,Home & Kitchen,Roomba i7+ Robot Vacuum,1,739.19,0.0,739.19,25.9,191.45
ORD-005044,2025-10-17,CUST-00631,Emma Martinez,31,Female,Europe,France,Electronics,USB-C Hub 7-in-1,2,48.33,9.0,87.96,19.1,16.8
ORD-005045,2025-10-17,CUST-01672,Noah Smith,55,Female,Latin America,Argentina,Clothing,North Face Fleece Jacket,2,119.97,12.0,211.15,41.4,87.42
ORD-005046,2025-10-17,CUST-00325,William Williams,36,Female,North America,Mexico,Electronics,USB-C Hub 7-in-1,1,77.15,10.0,69.44,15.1,10.49
ORD-005047,2025-10-17,CUST-00256,Susan Anderson,43,Male,Asia Pacific,India,Clothing,Uniqlo Down Jacket,3,112.06,10.0,302.56,35.5,107.41
ORD-005048,2025-10-17,CUST-00464,Sofia Ahmed,28,Female,North America,Canada,Home & Kitchen,French Press Coffee Maker,1,35.14,6.0,33.03,39.7,13.11
ORD-005049,2025-10-17,CUST-00102,Amelia Wang,39,Male,Middle East,Saudi Arabia,Sports & Outdoors,Camping Sleeping Bag -10°C,3,85.55,13.0,223.29,29.1,64.98
ORD-005050,2025-10-17,CUST-00540,Ava Smith,34,Female,Europe,Italy,Sports & Outdoors,Camping Sleeping Bag -10°C,3,112.97,7.0,315.19,28.1,88.57
ORD-005051,2025-10-17,CUST-01771,Lucas Wang,33,Female,Latin America,Argentina,Electronics,"LG OLED 55"" TV",2,1616.14,0.0,3232.28,12.4,400.8
ORD-005052,2025-10-18,CUST-00188,Michael Carter,35,Female,Asia Pacific,Japan,Home & Kitchen,Philips Hue Smart Bulb Set,1,98.46,6.0,92.55,30.7,28.41
ORD-005053,2025-10-18,CUST-00649,Riley Nguyen,63,Female,Latin America,Brazil,Home & Kitchen,KitchenAid Stand Mixer,2,493.37,18.0,809.13,29.8,241.12
ORD-005054,2025-10-18,CUST-01244,Sophia Patel,40,Female,Asia Pacific,Australia,Clothing,H&M Cotton T-Shirt Pack,2,39.29,14.0,67.58,52.1,35.21
ORD-005055,2025-10-18,CUST-00189,Ethan Kim,38,Male,North America,Mexico,Electronics,Kindle Paperwhite,2,127.64,5.0,242.52,18.0,43.65
ORD-005056,2025-10-18,CUST-00905,Priya Ali,26,Male,Europe,Spain,Home & Kitchen,Nespresso Vertuo Coffee Machine,3,191.48,0.0,574.44,24.0,137.87
ORD-005057,2025-10-18,CUST-00765,Lisa Nguyen,36,Male,Europe,Netherlands,Electronics,GoPro Hero 12,1,417.61,1.0,413.43,17.7,73.18
ORD-005058,2025-10-18,CUST-01554,Ana Brown,21,Male,Latin America,Colombia,Electronics,iPhone 15 Pro,2,1153.43,3.0,2237.65,10.0,223.76
ORD-005059,2025-10-18,CUST-01683,Richard Wang,41,Female,Europe,France,Electronics,Samsung Galaxy S24,2,1136.44,0.0,2272.88,16.4,372.75
ORD-005060,2025-10-18,CUST-01565,Jennifer Allen,28,Male,North America,Mexico,Home & Kitchen,IKEA KALLAX Shelf Unit,3,174.48,9.0,476.33,25.6,121.94
ORD-005061,2025-10-18,CUST-00076,Oliver Müller,18,Male,Europe,France,Home & Kitchen,Cuisinart 12-Piece Cookware Set,3,244.53,11.0,652.9,32.6,212.85
ORD-005062,2025-10-18,CUST-01320,Charles Nguyen,44,Male,Latin America,Colombia,Home & Kitchen,Smart Thermostat Google Nest,2,152.6,10.0,274.68,39.9,109.6
ORD-005063,2025-10-18,CUST-00367,Sarah Martinez,35,Female,Asia Pacific,India,Home & Kitchen,Nespresso Vertuo Coffee Machine,1,269.86,11.0,240.18,37.5,90.07
ORD-005064,2025-10-18,CUST-00407,Ana Garcia,38,Female,Asia Pacific,Japan,Home & Kitchen,Roomba i7+ Robot Vacuum,1,817.09,1.0,808.92,37.1,300.11
ORD-005065,2025-10-18,CUST-01368,Amelia Jackson,21,Male,Europe,Germany,Electronics,Dell XPS 15 Laptop,2,1519.05,1.0,3007.72,19.7,592.52
ORD-005066,2025-10-18,CUST-00523,Sarah Thompson,39,Female,Middle East,UAE,Electronics,Dell XPS 15 Laptop,1,1476.43,11.0,1314.02,17.0,223.38
ORD-005067,2025-10-18,CUST-01797,Ravi Hill,45,Male,Latin America,Brazil,Clothing,Converse Chuck Taylor All Star,4,65.27,24.0,198.42,46.0,91.27
ORD-005068,2025-10-18,CUST-01693,Muhammad Lee,39,Male,Latin America,Colombia,Electronics,"LG OLED 55"" TV",2,1549.07,14.0,2664.4,14.5,386.34
ORD-005069,2025-10-18,CUST-01520,Susan Lopez,42,Female,North America,USA,Beauty & Personal Care,Bioderma Micellar Water 500ml,5,22.09,5.0,104.93,48.2,50.58
ORD-005070,2025-10-18,CUST-01044,Michael Williams,40,Male,Asia Pacific,South Korea,Sports & Outdoors,Foam Roller Set,1,35.55,0.0,35.55,31.6,11.23
ORD-005071,2025-10-18,CUST-00233,Susan Thompson,49,Male,Latin America,Argentina,Sports & Outdoors,Spalding NBA Basketball,1,49.62,19.0,40.19,22.0,8.84
ORD-005072,2025-10-18,CUST-00475,Riley Roberts,28,Male,Middle East,Qatar,Electronics,Apple Watch Series 9,2,582.07,7.0,1082.65,8.5,92.03
ORD-005073,2025-10-18,CUST-00667,Oliver Wang,27,Female,Europe,Germany,Electronics,GoPro Hero 12,2,426.03,11.0,758.33,8.2,62.18
ORD-005074,2025-10-18,CUST-00930,Ahmed Roberts,18,Female,North America,Mexico,Electronics,Bose SoundLink Speaker,1,209.14,0.0,209.14,15.9,33.25
ORD-005075,2025-10-19,CUST-00389,Zara Allen,31,Female,Europe,Italy,Clothing,North Face Fleece Jacket,1,170.01,14.0,146.21,43.2,63.16
ORD-005076,2025-10-19,CUST-01014,Olivia Dupont,55,Female,North America,Mexico,Electronics,iPhone 15 Pro,2,1347.39,0.0,2694.78,9.6,258.7
ORD-005077,2025-10-19,CUST-00489,Ava Scott,36,Female,North America,USA,Clothing,H&M Cotton T-Shirt Pack,2,37.87,0.0,75.74,34.3,25.98
ORD-005078,2025-10-19,CUST-00468,Sophia Martin,24,Male,Europe,Netherlands,Sports & Outdoors,Yoga Mat Premium Non-Slip,1,61.97,5.0,58.87,18.1,10.66
ORD-005079,2025-10-19,CUST-01442,Hana Williams,28,Male,Asia Pacific,South Korea,Clothing,Converse Chuck Taylor All Star,1,81.18,0.0,81.18,45.7,37.1
ORD-005080,2025-10-19,CUST-01070,Carlos Müller,51,Male,Latin America,Argentina,Electronics,Sony WH-1000XM5 Headphones,1,425.82,13.0,370.46,16.1,59.64
ORD-005081,2025-10-19,CUST-01379,Susan Singh,34,Male,Latin America,Brazil,Clothing,Converse Chuck Taylor All Star,2,72.65,0.0,145.3,45.8,66.55
ORD-005082,2025-10-19,CUST-01419,John Green,70,Female,Europe,UK,Home & Kitchen,Dyson V15 Vacuum,2,884.32,14.0,1521.03,20.3,308.77
ORD-005083,2025-10-19,CUST-01145,Charlotte Lopez,44,Female,Europe,Spain,Sports & Outdoors,Resistance Bands Set,2,35.04,8.0,64.47,37.7,24.31
ORD-005084,2025-10-19,CUST-00402,Richard Martin,30,Female,Asia Pacific,South Korea,Electronics,Apple Watch Series 9,2,560.14,7.0,1041.86,11.6,120.86
ORD-005085,2025-10-19,CUST-00797,Ana Singh,40,Female,Middle East,Saudi Arabia,Clothing,Gucci Belt,1,349.68,0.0,349.68,48.5,169.59
ORD-005086,2025-10-19,CUST-00194,Carlos Walker,44,Male,North America,Canada,Clothing,Levi's 501 Jeans,3,74.65,0.0,223.95,30.5,68.3
ORD-005087,2025-10-19,CUST-01332,Muhammad Taylor,48,Female,Europe,France,Electronics,Apple MacBook Air M2,1,1582.81,13.0,1377.04,9.4,129.44
ORD-005088,2025-10-19,CUST-00762,Rafael Miller,42,Male,North America,Mexico,Electronics,Sony PlayStation 5,2,665.3,6.0,1250.76,19.0,237.64
ORD-005089,2025-10-19,CUST-01011,Patricia King,61,Male,Latin America,Argentina,Home & Kitchen,Nespresso Vertuo Coffee Machine,2,222.71,5.0,423.15,24.9,105.36
ORD-005090,2025-10-19,CUST-01491,Patricia Jackson,55,Female,Europe,Spain,Home & Kitchen,KitchenAid Stand Mixer,1,521.46,0.0,521.46,36.7,191.38
ORD-005091,2025-10-19,CUST-01775,Ava White,33,Male,Asia Pacific,Australia,Electronics,Sony WH-1000XM5 Headphones,1,345.18,7.0,321.02,15.6,50.08
ORD-005092,2025-10-19,CUST-01469,Mary Roberts,45,Male,Latin America,Brazil,Clothing,Zara Wool Coat,1,164.15,0.0,164.15,47.9,78.63
ORD-005093,2025-10-20,CUST-00815,Sofia Rossi,53,Female,Latin America,Colombia,Clothing,Puma Running Shorts,2,48.12,18.0,78.92,51.2,40.41
ORD-005094,2025-10-20,CUST-00882,Joseph Williams,28,Female,North America,Canada,Electronics,iPhone 15 Pro,2,1301.02,7.0,2419.9,18.1,438.0
ORD-005095,2025-10-20,CUST-01005,Thomas Adams,41,Male,North America,Mexico,Home & Kitchen,IKEA KALLAX Shelf Unit,3,199.79,19.0,485.49,38.9,188.86
ORD-005096,2025-10-20,CUST-01619,Aiden Johnson,41,Male,Latin America,Argentina,Home & Kitchen,LED Desk Lamp with USB,1,57.13,0.0,57.13,37.9,21.65
ORD-005097,2025-10-20,CUST-00723,Sofia White,41,Male,Europe,Germany,Electronics,Bose SoundLink Speaker,1,196.73,0.0,196.73,14.5,28.53
ORD-005098,2025-10-20,CUST-01001,Priya Schmidt,46,Male,Middle East,UAE,Sports & Outdoors,Fitbit Charge 6,1,185.22,21.0,146.32,30.9,45.21
ORD-005099,2025-10-20,CUST-01187,Richard White,42,Female,Middle East,Qatar,Clothing,Timberland Boots,1,182.45,0.0,182.45,48.8,89.04
ORD-005100,2025-10-20,CUST-00026,Isabella Taylor,37,Female,Asia Pacific,Japan,Home & Kitchen,French Press Coffee Maker,3,29.06,4.0,83.69,23.4,19.58
ORD-005101,2025-10-20,CUST-00664,Mary Anderson,35,Male,Europe,France,Sports & Outdoors,Coleman 4-Person Camping Tent,3,124.98,0.0,374.94,25.1,94.11
ORD-005102,2025-10-20,CUST-00993,Wei Flores,46,Female,Asia Pacific,Japan,Home & Kitchen,Dyson V15 Vacuum,2,791.95,4.0,1520.54,32.8,498.74
ORD-005103,2025-10-20,CUST-00340,Noah Baker,48,Female,North America,Mexico,Electronics,Apple MacBook Air M2,1,1335.47,4.0,1282.05,12.2,156.41
ORD-005104,2025-10-20,CUST-00542,Richard Green,18,Female,Europe,France,Beauty & Personal Care,Bath & Body Works Candle Set,4,46.08,0.0,184.32,35.9,66.17
ORD-005105,2025-10-20,CUST-00461,Ethan Roberts,34,Female,Middle East,UAE,Home & Kitchen,Cuisinart 12-Piece Cookware Set,3,249.35,0.0,748.05,22.7,169.81
ORD-005106,2025-10-20,CUST-01732,Aiden Rossi,38,Female,Europe,Spain,Home & Kitchen,Bamboo Cutting Board Set,2,44.09,2.0,86.42,39.0,33.7
ORD-005107,2025-10-20,CUST-00764,Aiden Müller,52,Female,North America,Mexico,Electronics,Sony WH-1000XM5 Headphones,2,386.16,6.0,725.98,19.3,140.11
ORD-005108,2025-10-20,CUST-01711,Ana Ahmed,37,Male,Asia Pacific,India,Electronics,iPad Pro 11-inch,1,1065.32,0.0,1065.32,15.1,160.86
ORD-005109,2025-10-20,CUST-00292,Ahmed Singh,24,Female,Middle East,Saudi Arabia,Home & Kitchen,Smart Thermostat Google Nest,3,179.05,14.0,461.95,24.0,110.87
ORD-005110,2025-10-20,CUST-00882,Joseph Williams,28,Female,North America,Canada,Beauty & Personal Care,La Mer Moisturizing Cream,2,329.3,6.0,619.08,54.8,339.26
ORD-005111,2025-10-20,CUST-00306,David Jackson,44,Female,Middle East,Qatar,Home & Kitchen,Roomba i7+ Robot Vacuum,3,918.67,13.0,2397.73,30.0,719.32
ORD-005112,2025-10-20,CUST-01227,Layla Allen,25,Male,Europe,Netherlands,Electronics,Bose SoundLink Speaker,1,240.5,1.0,238.09,11.4,27.14
ORD-005113,2025-10-20,CUST-01590,Carlos White,27,Male,Europe,Netherlands,Electronics,iPad Pro 11-inch,2,1322.8,14.0,2275.22,12.4,282.13
ORD-005114,2025-10-20,CUST-01147,Ali Ahmed,42,Male,Middle East,Qatar,Home & Kitchen,Philips Hue Smart Bulb Set,1,73.11,0.0,73.11,36.7,26.83
ORD-005115,2025-10-20,CUST-01226,Mia Fernandez,48,Female,Asia Pacific,South Korea,Beauty & Personal Care,Philips Norelco Shaver,3,128.05,15.0,326.53,48.7,159.02
ORD-005116,2025-10-21,CUST-00272,Charlotte Chen,35,Male,North America,Canada,Beauty & Personal Care,Philips Norelco Shaver,2,131.35,7.0,244.31,41.6,101.63
ORD-005117,2025-10-21,CUST-01788,Lucas Chen,44,Female,Middle East,Saudi Arabia,Electronics,Canon EOS R50 Camera,1,788.01,9.0,717.09,10.7,76.73
ORD-005118,2025-10-21,CUST-00584,Aiden Jones,46,Male,North America,Canada,Home & Kitchen,Nespresso Vertuo Coffee Machine,1,251.79,0.0,251.79,33.7,84.85
ORD-005119,2025-10-21,CUST-00261,Karen Flores,18,Male,Latin America,Brazil,Clothing,Zara Wool Coat,4,227.37,0.0,909.48,46.6,423.82
ORD-005120,2025-10-21,CUST-01572,Jennifer Williams,32,Female,Middle East,UAE,Home & Kitchen,KitchenAid Stand Mixer,2,528.6,17.0,877.48,39.5,346.6
ORD-005121,2025-10-21,CUST-01165,Sofia Brown,44,Female,Europe,UK,Electronics,iPad Pro 11-inch,2,1285.84,11.0,2288.8,13.6,311.28
ORD-005122,2025-10-21,CUST-01371,Chen Carter,41,Female,Asia Pacific,Australia,Beauty & Personal Care,Bath & Body Works Candle Set,3,50.4,9.0,137.59,42.9,59.03
ORD-005123,2025-10-21,CUST-00841,Charles Kim,32,Male,Middle East,Saudi Arabia,Clothing,Calvin Klein Underwear Set,3,49.81,20.0,119.54,40.6,48.53
ORD-005124,2025-10-21,CUST-00313,John Lee,42,Male,Asia Pacific,Australia,Home & Kitchen,Ninja Air Fryer XL,3,119.92,0.0,359.76,20.6,74.11
ORD-005125,2025-10-21,CUST-00656,Rafael Martin,38,Male,Europe,UK,Home & Kitchen,Cuisinart 12-Piece Cookware Set,3,305.18,9.0,833.14,21.3,177.46
ORD-005126,2025-10-21,CUST-00595,Layla Smith,41,Male,Middle East,Qatar,Electronics,iPad Pro 11-inch,1,1166.78,2.0,1143.44,12.3,140.64
ORD-005127,2025-10-21,CUST-01083,Ethan Martin,43,Male,Middle East,Qatar,Sports & Outdoors,Wilson Tennis Racket Pro,3,204.83,1.0,608.35,28.8,175.2
ORD-005128,2025-10-21,CUST-00775,Noah Martinez,41,Female,Europe,UK,Beauty & Personal Care,La Mer Moisturizing Cream,5,279.85,14.0,1203.36,55.8,671.47
ORD-005129,2025-10-21,CUST-01121,John Singh,34,Male,Asia Pacific,Japan,Electronics,Sony PlayStation 5,1,583.56,10.0,525.2,19.9,104.51
ORD-005130,2025-10-21,CUST-00247,Laila Rossi,53,Male,North America,Canada,Electronics,Canon EOS R50 Camera,1,889.34,2.0,871.55,16.5,143.81
ORD-005131,2025-10-21,CUST-01320,Charles Nguyen,44,Male,Latin America,Colombia,Sports & Outdoors,Trek FX3 Bicycle,1,866.69,10.0,780.02,28.3,220.75
ORD-005132,2025-10-21,CUST-00131,Amelia Garcia,46,Male,Asia Pacific,India,Electronics,Canon EOS R50 Camera,2,984.43,12.0,1732.6,12.9,223.51
ORD-005133,2025-10-21,CUST-01193,Muhammad White,20,Female,Middle East,Saudi Arabia,Clothing,H&M Cotton T-Shirt Pack,2,35.55,14.0,61.15,46.0,28.13
ORD-005134,2025-10-21,CUST-00623,James Nguyen,34,Male,Latin America,Brazil,Home & Kitchen,IKEA KALLAX Shelf Unit,1,199.82,18.0,163.85,35.4,58.0
ORD-005135,2025-10-21,CUST-00055,Sophia Davis,36,Male,North America,Mexico,Home & Kitchen,Cuisinart 12-Piece Cookware Set,3,286.88,11.0,765.97,28.9,221.37
ORD-005136,2025-10-21,CUST-00164,Chen Thompson,18,Female,North America,Canada,Beauty & Personal Care,Olaplex No.3 Hair Perfector,4,37.26,0.0,149.04,46.1,68.71
ORD-005137,2025-10-21,CUST-00348,Wei Lee,28,Male,Asia Pacific,Singapore,Sports & Outdoors,Garmin GPS Running Watch,1,440.5,18.0,361.21,20.2,72.96
ORD-005138,2025-10-21,CUST-00605,Lisa Singh,37,Male,Middle East,Qatar,Clothing,North Face Fleece Jacket,2,177.24,1.0,350.94,47.3,165.99
ORD-005139,2025-10-21,CUST-00686,Sophia Patel,32,Male,Europe,UK,Electronics,Sony PlayStation 5,1,726.77,11.0,646.83,13.8,89.26
ORD-005140,2025-10-21,CUST-00675,Olivia Thompson,51,Male,Europe,Germany,Home & Kitchen,Bamboo Cutting Board Set,3,56.51,15.0,144.1,25.6,36.89
ORD-005141,2025-10-21,CUST-01722,Ali Lopez,30,Male,Asia Pacific,India,Home & Kitchen,Weighted Blanket 15lbs,3,104.13,2.0,306.14,22.6,69.19
ORD-005142,2025-10-22,CUST-00557,Priya Mitchell,42,Female,Latin America,Brazil,Home & Kitchen,Dyson V15 Vacuum,2,771.23,0.0,1542.46,36.2,558.37
ORD-005143,2025-10-22,CUST-00503,Jennifer Young,38,Male,Asia Pacific,Australia,Home & Kitchen,IKEA KALLAX Shelf Unit,2,217.0,14.0,373.24,22.3,83.23
ORD-005144,2025-10-22,CUST-01773,Laila Hill,26,Male,North America,Canada,Electronics,Apple MacBook Air M2,1,1322.43,0.0,1322.43,19.1,252.58
ORD-005145,2025-10-22,CUST-01530,Hana Anderson,47,Female,North America,USA,Clothing,Converse Chuck Taylor All Star,2,84.92,10.0,152.86,31.5,48.15
ORD-005146,2025-10-22,CUST-00602,Charlotte Anderson,18,Male,North America,Mexico,Electronics,Canon EOS R50 Camera,1,790.71,9.0,719.55,11.4,82.03
ORD-005147,2025-10-22,CUST-01086,William Walker,40,Male,Latin America,Colombia,Clothing,Uniqlo Down Jacket,2,111.36,13.0,193.77,41.2,79.83
ORD-005148,2025-10-22,CUST-00510,Sofia Scott,37,Male,Latin America,Brazil,Home & Kitchen,French Press Coffee Maker,2,31.57,3.0,61.25,27.9,17.09
ORD-005149,2025-10-22,CUST-00178,Ethan Adams,38,Female,Latin America,Colombia,Home & Kitchen,Cuisinart 12-Piece Cookware Set,1,320.05,3.0,310.45,23.5,72.96
ORD-005150,2025-10-22,CUST-00302,John Nguyen,25,Female,Latin America,Brazil,Electronics,Samsung Galaxy S24,2,1351.49,11.0,2405.65,17.2,413.77
ORD-005151,2025-10-22,CUST-01619,Aiden Johnson,41,Male,Latin America,Argentina,Sports & Outdoors,TRX Suspension Trainer,2,183.7,0.0,367.4,25.3,92.95
ORD-005152,2025-10-22,CUST-01593,Linda Wright,39,Male,Asia Pacific,Japan,Clothing,Puma Running Shorts,1,42.02,0.0,42.02,48.8,20.51
ORD-005153,2025-10-22,CUST-00690,Riley Singh,40,Female,Asia Pacific,Singapore,Beauty & Personal Care,The Ordinary Serum Set,5,24.45,0.0,122.25,35.4,43.28
ORD-005154,2025-10-22,CUST-00232,Oliver Lopez,56,Female,Europe,UK,Clothing,Nike Air Max 270,2,155.92,11.0,277.54,32.9,91.31
ORD-005155,2025-10-22,CUST-01113,David Anderson,47,Male,Europe,France,Sports & Outdoors,Trek FX3 Bicycle,2,1029.29,0.0,2058.58,37.7,776.08
ORD-005156,2025-10-22,CUST-00111,Ava Allen,22,Male,Middle East,Saudi Arabia,Sports & Outdoors,TRX Suspension Trainer,2,193.97,2.0,380.18,26.2,99.61
ORD-005157,2025-10-22,CUST-00343,Ali Williams,29,Female,Asia Pacific,India,Clothing,Uniqlo Down Jacket,4,146.05,10.0,525.78,30.4,159.84
ORD-005158,2025-10-22,CUST-00352,Linda Jackson,23,Male,Europe,France,Sports & Outdoors,Wilson Tennis Racket Pro,3,189.82,23.0,438.48,28.4,124.53
ORD-005159,2025-10-22,CUST-01716,Liam Lopez,40,Female,Middle East,Qatar,Electronics,USB-C Hub 7-in-1,2,83.04,10.0,149.47,14.7,21.97
ORD-005160,2025-10-22,CUST-00365,Hana White,23,Female,North America,Mexico,Sports & Outdoors,Resistance Bands Set,1,48.11,2.0,47.15,31.9,15.04
ORD-005161,2025-10-22,CUST-01462,Yuki Flores,49,Male,North America,Mexico,Beauty & Personal Care,Neutrogena SPF 50 Sunscreen,2,17.37,5.0,33.0,58.7,19.37
ORD-005162,2025-10-23,CUST-00903,Wei Ahmed,40,Female,North America,USA,Electronics,Sony WH-1000XM5 Headphones,1,374.45,13.0,325.77,11.8,38.44
ORD-005163,2025-10-23,CUST-00151,Priya Carter,19,Male,Latin America,Colombia,Clothing,Timberland Boots,1,215.85,0.0,215.85,44.5,96.05
ORD-005164,2025-10-23,CUST-01565,Jennifer Allen,28,Male,North America,Mexico,Home & Kitchen,Dyson V15 Vacuum,1,677.36,0.0,677.36,29.5,199.82
ORD-005165,2025-10-23,CUST-01774,William Wright,26,Male,Latin America,Brazil,Home & Kitchen,Philips Hue Smart Bulb Set,3,61.25,0.0,183.75,32.3,59.35
ORD-005166,2025-10-23,CUST-01240,Jessica Chen,31,Female,North America,USA,Clothing,Nike Air Max 270,1,158.91,23.0,122.36,47.5,58.12
ORD-005167,2025-10-23,CUST-00367,Sarah Martinez,35,Female,Asia Pacific,India,Clothing,Tommy Hilfiger Polo Shirt,1,74.46,0.0,74.46,30.3,22.56
ORD-005168,2025-10-23,CUST-01571,Carlos King,31,Female,Latin America,Colombia,Home & Kitchen,KitchenAid Stand Mixer,2,437.15,0.0,874.3,28.3,247.43
ORD-005169,2025-10-23,CUST-01073,Rafael Young,20,Female,North America,USA,Clothing,Tommy Hilfiger Polo Shirt,3,69.91,0.0,209.73,37.7,79.07
ORD-005170,2025-10-23,CUST-00599,Lucas Lee,35,Female,North America,USA,Clothing,Levi's 501 Jeans,2,80.29,19.0,130.07,48.0,62.43
ORD-005171,2025-10-23,CUST-00686,Sophia Patel,32,Male,Europe,UK,Sports & Outdoors,Coleman 4-Person Camping Tent,2,147.62,0.0,295.24,28.7,84.73
ORD-005172,2025-10-23,CUST-01735,James Anderson,37,Male,Middle East,Saudi Arabia,Electronics,USB-C Hub 7-in-1,2,61.55,8.0,113.25,8.5,9.63
ORD-005173,2025-10-23,CUST-00253,Fatima Fernandez,47,Female,Latin America,Brazil,Beauty & Personal Care,Olaplex No.3 Hair Perfector,1,38.85,0.0,38.85,40.4,15.7
ORD-005174,2025-10-23,CUST-01748,Thomas Davis,42,Male,Middle East,UAE,Electronics,Kindle Paperwhite,2,158.98,0.0,317.96,17.4,55.33
ORD-005175,2025-10-23,CUST-01059,Riley Torres,51,Male,Europe,Italy,Electronics,iPhone 15 Pro,2,1300.31,0.0,2600.62,15.9,413.5
ORD-005176,2025-10-23,CUST-01651,Ethan Mitchell,33,Female,Europe,UK,Home & Kitchen,Cuisinart 12-Piece Cookware Set,1,313.77,16.0,263.57,21.1,55.61
ORD-005177,2025-10-23,CUST-01554,Ana Brown,21,Male,Latin America,Colombia,Electronics,iPhone 15 Pro,1,1231.61,0.0,1231.61,12.6,155.18
ORD-005178,2025-10-23,CUST-00741,Ethan Lopez,39,Female,Asia Pacific,Australia,Clothing,Nike Air Max 270,3,156.77,6.0,442.09,43.0,190.1
ORD-005179,2025-10-23,CUST-00990,Yuki Martin,31,Female,Asia Pacific,Japan,Home & Kitchen,French Press Coffee Maker,2,40.41,13.0,70.31,28.4,19.97
ORD-005180,2025-10-23,CUST-00813,Lucas Mitchell,27,Male,Asia Pacific,Australia,Electronics,Kindle Paperwhite,1,138.07,2.0,135.31,17.3,23.41
ORD-005181,2025-10-23,CUST-00318,Linda Nelson,28,Male,Latin America,Argentina,Electronics,USB-C Hub 7-in-1,1,56.64,0.0,56.64,12.5,7.08
ORD-005182,2025-10-23,CUST-00009,Jennifer Roberts,37,Female,Latin America,Brazil,Clothing,North Face Fleece Jacket,4,164.45,10.0,592.02,33.3,197.14
ORD-005183,2025-10-23,CUST-01122,Jennifer Brown,30,Female,Latin America,Argentina,Home & Kitchen,Instant Pot Duo 7-in-1,3,129.5,9.0,353.53,20.9,73.89
ORD-005184,2025-10-23,CUST-00101,David Rossi,46,Female,Latin America,Argentina,Home & Kitchen,IKEA KALLAX Shelf Unit,2,231.03,10.0,415.85,34.6,143.88
ORD-005185,2025-10-24,CUST-00473,Fatima Khan,35,Female,Europe,UK,Beauty & Personal Care,Philips Norelco Shaver,1,168.75,0.0,168.75,35.2,59.4
ORD-005186,2025-10-24,CUST-00648,John Chen,40,Male,Asia Pacific,Singapore,Home & Kitchen,Air Purifier HEPA,2,279.88,0.0,559.76,38.3,214.39
ORD-005187,2025-10-24,CUST-00919,David Scott,27,Male,Middle East,Saudi Arabia,Clothing,Calvin Klein Underwear Set,4,39.7,16.0,133.39,39.4,52.56
ORD-005188,2025-10-24,CUST-00924,Richard Singh,18,Male,Middle East,Saudi Arabia,Clothing,Uniqlo Down Jacket,2,150.08,26.0,222.12,46.0,102.18
ORD-005189,2025-10-24,CUST-01612,Susan Thompson,37,Male,Europe,France,Clothing,Levi's 501 Jeans,4,92.83,0.0,371.32,35.4,131.45
ORD-005190,2025-10-24,CUST-01555,Oliver Chen,56,Male,Middle East,UAE,Electronics,Sony PlayStation 5,2,703.09,0.0,1406.18,14.7,206.71
ORD-005191,2025-10-24,CUST-00447,Harry Harris,43,Female,Middle East,Qatar,Electronics,Dell XPS 15 Laptop,1,1625.24,0.0,1625.24,12.3,199.9
ORD-005192,2025-10-24,CUST-00106,Ethan Allen,39,Female,Europe,UK,Home & Kitchen,IKEA KALLAX Shelf Unit,3,203.49,18.0,500.59,25.9,129.65
ORD-005193,2025-10-24,CUST-01555,Oliver Chen,56,Male,Middle East,UAE,Electronics,Dell XPS 15 Laptop,1,1451.17,7.0,1349.59,14.2,191.64
ORD-005194,2025-10-24,CUST-00870,Mason King,33,Female,Asia Pacific,Singapore,Electronics,USB-C Hub 7-in-1,1,82.82,12.0,72.88,10.4,7.58
ORD-005195,2025-10-24,CUST-00517,Chen Müller,44,Female,Europe,France,Sports & Outdoors,Spalding NBA Basketball,1,50.31,9.0,45.78,25.1,11.49
ORD-005196,2025-10-24,CUST-00967,Jennifer Scott,45,Female,Latin America,Argentina,Home & Kitchen,Nespresso Vertuo Coffee Machine,2,233.51,8.0,429.66,36.5,156.83
ORD-005197,2025-10-24,CUST-00820,Michael Chen,18,Female,North America,Canada,Electronics,Apple Watch Series 9,1,508.78,15.0,432.46,8.3,35.89
ORD-005198,2025-10-24,CUST-00607,Layla Carter,47,Female,Europe,Italy,Sports & Outdoors,Speedo Swim Goggles,3,33.43,22.0,78.23,33.9,26.52
ORD-005199,2025-10-24,CUST-01603,Ali Wang,57,Male,North America,USA,Sports & Outdoors,Resistance Bands Set,3,34.47,7.0,96.17,32.3,31.06
ORD-005200,2025-10-24,CUST-01033,Richard Carter,38,Male,Latin America,Argentina,Electronics,iPad Pro 11-inch,2,1240.44,5.0,2356.84,10.2,240.4
ORD-005201,2025-10-25,CUST-00475,Riley Roberts,28,Male,Middle East,Qatar,Home & Kitchen,French Press Coffee Maker,3,32.66,12.0,86.22,22.8,19.66
ORD-005202,2025-10-25,CUST-00150,Linda Roberts,27,Male,Asia Pacific,Japan,Sports & Outdoors,Fitbit Charge 6,3,211.46,2.0,621.69,19.0,118.12
ORD-005203,2025-10-25,CUST-00922,Sophia Chen,54,Female,Latin America,Brazil,Electronics,"LG OLED 55"" TV",1,1830.25,1.0,1811.95,13.5,244.61
ORD-005204,2025-10-25,CUST-00392,Oliver Dupont,18,Female,Middle East,Qatar,Clothing,Nike Air Max 270,3,117.49,14.0,303.12,46.2,140.04
ORD-005205,2025-10-25,CUST-00123,Lisa Patel,35,Male,North America,Mexico,Clothing,Gucci Belt,2,520.12,0.0,1040.24,48.9,508.68
ORD-005206,2025-10-25,CUST-00788,Lucas Adams,18,Male,North America,USA,Sports & Outdoors,Peloton Bike+,2,2659.73,13.0,4627.93,35.6,1647.54
ORD-005207,2025-10-25,CUST-01451,Sofia Martin,24,Female,Latin America,Argentina,Sports & Outdoors,Camping Sleeping Bag -10°C,1,113.9,6.0,107.07,30.8,32.98
ORD-005208,2025-10-25,CUST-01129,Ali Dupont,43,Male,Latin America,Brazil,Clothing,Uniqlo Down Jacket,4,109.18,0.0,436.72,50.8,221.85
ORD-005209,2025-10-25,CUST-01320,Charles Nguyen,44,Male,Latin America,Colombia,Sports & Outdoors,Trek FX3 Bicycle,3,946.5,20.0,2271.6,34.9,792.79
ORD-005210,2025-10-25,CUST-01023,Emma Nguyen,31,Female,Latin America,Brazil,Clothing,Gucci Belt,3,448.33,25.0,1008.74,41.6,419.64
ORD-005211,2025-10-25,CUST-01147,Ali Ahmed,42,Male,Middle East,Qatar,Electronics,iPhone 15 Pro,2,1196.62,13.0,2082.12,14.0,291.5
ORD-005212,2025-10-25,CUST-01592,Linda Wright,44,Male,Latin America,Argentina,Sports & Outdoors,Spalding NBA Basketball,1,37.71,0.0,37.71,35.9,13.54
ORD-005213,2025-10-25,CUST-00765,Lisa Nguyen,36,Male,Europe,Netherlands,Electronics,Ring Video Doorbell,2,168.65,13.0,293.45,9.1,26.7
ORD-005214,2025-10-25,CUST-00236,Wei Williams,51,Male,Middle East,Qatar,Home & Kitchen,Ninja Air Fryer XL,1,149.56,11.0,133.11,30.9,41.13
ORD-005215,2025-10-25,CUST-00248,Zara Roberts,36,Male,Europe,Spain,Clothing,Nike Air Max 270,2,143.8,10.0,258.84,42.9,111.04
ORD-005216,2025-10-25,CUST-00170,Mia Garcia,20,Male,Asia Pacific,Singapore,Home & Kitchen,IKEA KALLAX Shelf Unit,1,217.1,0.0,217.1,23.1,50.15
ORD-005217,2025-10-25,CUST-01787,Sophia Scott,19,Female,Middle East,UAE,Sports & Outdoors,Fitbit Charge 6,3,198.15,1.0,588.51,33.6,197.74
ORD-005218,2025-10-25,CUST-00438,Mia Patel,47,Female,Europe,Spain,Home & Kitchen,Nespresso Vertuo Coffee Machine,1,234.66,2.0,229.97,25.6,58.87
ORD-005219,2025-10-25,CUST-00609,Charlotte Hill,42,Female,North America,USA,Sports & Outdoors,Speedo Swim Goggles,3,31.84,0.0,95.52,32.2,30.76
ORD-005220,2025-10-25,CUST-00765,Lisa Nguyen,36,Male,Europe,Netherlands,Beauty & Personal Care,Bath & Body Works Candle Set,4,53.81,0.0,215.24,48.4,104.18
ORD-005221,2025-10-25,CUST-00122,Priya Taylor,36,Male,Europe,Spain,Clothing,Timberland Boots,1,185.35,9.0,168.67,38.1,64.26
ORD-005222,2025-10-25,CUST-00866,Liam Chen,46,Female,Asia Pacific,Singapore,Home & Kitchen,Dyson V15 Vacuum,1,828.09,0.0,828.09,36.2,299.77
ORD-005223,2025-10-25,CUST-00393,Thomas Kim,18,Female,North America,Mexico,Beauty & Personal Care,Dyson Airwrap Styler,1,674.69,14.0,580.23,56.5,327.83
ORD-005224,2025-10-25,CUST-00706,Ethan Thompson,33,Female,Asia Pacific,South Korea,Electronics,Canon EOS R50 Camera,2,783.09,0.0,1566.18,19.6,306.97
ORD-005225,2025-10-25,CUST-01571,Carlos King,31,Female,Latin America,Colombia,Clothing,Under Armour Sports Bra,4,43.76,0.0,175.04,38.1,66.69
ORD-005226,2025-10-25,CUST-01611,Linda Miller,21,Male,Middle East,Saudi Arabia,Sports & Outdoors,Peloton Bike+,2,2658.59,2.0,5210.84,31.7,1651.84
ORD-005227,2025-10-25,CUST-00689,Jennifer Adams,18,Female,Europe,Germany,Sports & Outdoors,Speedo Swim Goggles,1,35.23,0.0,35.23,29.3,10.32
ORD-005228,2025-10-25,CUST-01062,Richard Hall,44,Female,Middle East,Saudi Arabia,Sports & Outdoors,Wilson Tennis Racket Pro,3,229.5,0.0,688.5,18.4,126.68
ORD-005229,2025-10-26,CUST-01233,Ava Singh,18,Male,North America,USA,Beauty & Personal Care,Charlotte Tilbury Lipstick,1,41.32,10.0,37.19,44.5,16.55
ORD-005230,2025-10-26,CUST-00261,Karen Flores,18,Male,Latin America,Brazil,Clothing,Tommy Hilfiger Polo Shirt,2,67.36,22.0,105.08,34.0,35.73
ORD-005231,2025-10-26,CUST-01240,Jessica Chen,31,Female,North America,USA,Sports & Outdoors,Trek FX3 Bicycle,1,911.46,14.0,783.86,27.0,211.64
ORD-005232,2025-10-26,CUST-01762,Wei White,30,Male,Asia Pacific,South Korea,Electronics,"LG OLED 55"" TV",2,2133.55,0.0,4267.1,8.8,375.5
ORD-005233,2025-10-26,CUST-01419,John Green,70,Female,Europe,UK,Home & Kitchen,Philips Hue Smart Bulb Set,1,61.64,0.0,61.64,36.5,22.5
ORD-005234,2025-10-26,CUST-01129,Ali Dupont,43,Male,Latin America,Brazil,Home & Kitchen,Bamboo Cutting Board Set,1,44.62,1.0,44.17,37.5,16.56
ORD-005235,2025-10-26,CUST-00072,Olivia White,38,Male,Asia Pacific,India,Beauty & Personal Care,Foreo LUNA Face Massager,5,128.11,0.0,640.55,50.1,320.92
ORD-005236,2025-10-26,CUST-01408,Susan Roberts,45,Male,Middle East,UAE,Beauty & Personal Care,Moroccanoil Hair Oil,4,43.56,6.0,163.79,42.0,68.79
ORD-005237,2025-10-26,CUST-00451,Sarah Rossi,34,Male,Middle East,Qatar,Home & Kitchen,Philips Hue Smart Bulb Set,2,64.67,15.0,109.94,29.9,32.87
ORD-005238,2025-10-26,CUST-00776,Michael Santos,44,Male,Asia Pacific,Singapore,Clothing,Converse Chuck Taylor All Star,2,85.14,25.0,127.71,52.4,66.92
ORD-005239,2025-10-26,CUST-00075,Laila Allen,51,Male,Middle East,UAE,Electronics,Apple Watch Series 9,1,600.71,0.0,600.71,17.7,106.33
ORD-005240,2025-10-26,CUST-00834,Jennifer King,35,Female,Europe,Italy,Sports & Outdoors,Yoga Mat Premium Non-Slip,1,68.39,23.0,52.66,23.7,12.48
ORD-005241,2025-10-26,CUST-00752,James Hall,44,Female,Europe,Netherlands,Sports & Outdoors,Resistance Bands Set,2,24.42,20.0,39.07,26.9,10.51
ORD-005242,2025-10-26,CUST-00421,Hana Thompson,37,Female,Asia Pacific,Australia,Clothing,Zara Wool Coat,2,230.64,3.0,447.44,30.8,137.81
ORD-005243,2025-10-26,CUST-00302,John Nguyen,25,Female,Latin America,Brazil,Home & Kitchen,Dyson V15 Vacuum,1,721.52,16.0,606.08,20.9,126.67
ORD-005244,2025-10-26,CUST-01229,Layla Miller,46,Male,North America,Canada,Electronics,Canon EOS R50 Camera,1,925.85,12.0,814.75,15.0,122.21
ORD-005245,2025-10-26,CUST-00529,Michael Smith,37,Female,Middle East,Saudi Arabia,Clothing,Zara Wool Coat,4,196.04,0.0,784.16,45.3,355.22
ORD-005246,2025-10-26,CUST-00121,Carlos Thompson,24,Female,Latin America,Brazil,Sports & Outdoors,Peloton Bike+,2,2710.76,2.0,5313.09,25.2,1338.9
ORD-005247,2025-10-26,CUST-01214,Laila Davis,37,Male,Asia Pacific,India,Electronics,Ring Video Doorbell,1,153.74,15.0,130.68,15.0,19.6
ORD-005248,2025-10-26,CUST-01004,Emma Taylor,43,Female,Middle East,Saudi Arabia,Clothing,Tommy Hilfiger Polo Shirt,3,70.87,0.0,212.61,44.2,93.97
ORD-005249,2025-10-26,CUST-01370,Aiden King,23,Male,North America,USA,Electronics,Dell XPS 15 Laptop,2,1432.11,12.0,2520.51,14.0,352.87
ORD-005250,2025-10-27,CUST-00831,Riley Lopez,39,Female,Latin America,Colombia,Sports & Outdoors,Yoga Mat Premium Non-Slip,3,61.71,13.0,161.06,34.0,54.76
ORD-005251,2025-10-27,CUST-00019,Barbara Thompson,34,Female,Middle East,Qatar,Clothing,Timberland Boots,4,218.41,25.0,655.23,41.0,268.64
ORD-005252,2025-10-27,CUST-00167,Zara Hill,35,Male,Middle East,Saudi Arabia,Home & Kitchen,LED Desk Lamp with USB,1,52.81,11.0,47.0,23.1,10.86
ORD-005253,2025-10-27,CUST-00850,Muhammad Smith,29,Male,Middle East,Qatar,Electronics,Apple MacBook Air M2,2,1203.59,13.0,2094.25,10.2,213.61
ORD-005254,2025-10-27,CUST-01176,Oliver Walker,49,Male,North America,Canada,Beauty & Personal Care,Neutrogena SPF 50 Sunscreen,2,16.66,15.0,28.32,42.5,12.04
ORD-005255,2025-10-27,CUST-00075,Laila Allen,51,Male,Middle East,UAE,Sports & Outdoors,Camping Sleeping Bag -10°C,2,147.83,13.0,257.22,35.9,92.34
ORD-005256,2025-10-27,CUST-00193,Isabella Miller,48,Male,Asia Pacific,Australia,Home & Kitchen,LED Desk Lamp with USB,1,43.37,12.0,38.17,29.8,11.37
ORD-005257,2025-10-27,CUST-01116,Mia Nelson,42,Male,Latin America,Argentina,Clothing,Converse Chuck Taylor All Star,3,87.83,0.0,263.49,53.2,140.18
ORD-005258,2025-10-27,CUST-00902,Harry Anderson,19,Female,North America,USA,Home & Kitchen,Cuisinart 12-Piece Cookware Set,1,288.36,0.0,288.36,35.6,102.66
ORD-005259,2025-10-27,CUST-00249,Olivia Singh,59,Female,Asia Pacific,Japan,Beauty & Personal Care,Charlotte Tilbury Lipstick,4,38.62,0.0,154.48,37.7,58.24
ORD-005260,2025-10-27,CUST-00461,Ethan Roberts,34,Female,Middle East,UAE,Clothing,Timberland Boots,1,185.23,4.0,177.82,52.6,93.53
ORD-005261,2025-10-27,CUST-01264,Sofia Patel,50,Male,Middle East,Saudi Arabia,Electronics,Samsung Galaxy S24,2,1083.29,0.0,2166.58,11.5,249.16
ORD-005262,2025-10-27,CUST-00039,John Allen,29,Male,North America,USA,Electronics,GoPro Hero 12,2,420.62,10.0,757.12,10.9,82.53
ORD-005263,2025-10-27,CUST-01534,Richard Lee,18,Male,Middle East,Qatar,Clothing,Converse Chuck Taylor All Star,2,69.57,0.0,139.14,35.8,49.81
ORD-005264,2025-10-27,CUST-00260,Patricia Anderson,34,Male,Latin America,Colombia,Electronics,Kindle Paperwhite,1,126.81,6.0,119.2,13.7,16.33
ORD-005265,2025-10-27,CUST-01263,Isabella Allen,27,Male,Europe,UK,Sports & Outdoors,Peloton Bike+,1,2764.54,16.0,2322.21,32.4,752.4
ORD-005266,2025-10-27,CUST-00569,Robert Wang,44,Female,Middle East,Saudi Arabia,Clothing,Calvin Klein Underwear Set,4,52.54,4.0,201.75,35.9,72.43
ORD-005267,2025-10-27,CUST-01159,Karen Mitchell,26,Female,Europe,Germany,Electronics,Samsung Galaxy S24,1,1236.59,0.0,1236.59,19.7,243.61
ORD-005268,2025-10-27,CUST-00926,Wei Taylor,34,Male,Latin America,Colombia,Home & Kitchen,Roomba i7+ Robot Vacuum,2,816.69,0.0,1633.38,24.2,395.28
ORD-005269,2025-10-27,CUST-00167,Zara Hill,35,Male,Middle East,Saudi Arabia,Beauty & Personal Care,Dyson Airwrap Styler,4,661.35,1.0,2618.95,56.0,1466.61
ORD-005270,2025-10-27,CUST-01005,Thomas Adams,41,Male,North America,Mexico,Home & Kitchen,Bamboo Cutting Board Set,1,48.81,0.0,48.81,36.4,17.77
ORD-005271,2025-10-27,CUST-00053,Lucas Carter,45,Female,North America,Mexico,Electronics,Canon EOS R50 Camera,1,856.26,1.0,847.7,19.0,161.06
ORD-005272,2025-10-27,CUST-00203,Sarah Scott,29,Male,Middle East,Saudi Arabia,Beauty & Personal Care,The Ordinary Serum Set,5,29.82,11.0,132.7,55.9,74.18
ORD-005273,2025-10-27,CUST-01640,Harry Chen,38,Male,Asia Pacific,Australia,Clothing,Gucci Belt,4,376.81,10.0,1356.52,45.8,621.29
ORD-005274,2025-10-27,CUST-00825,Priya Dupont,32,Male,Asia Pacific,South Korea,Clothing,Calvin Klein Underwear Set,4,42.99,22.0,134.13,37.1,49.76
ORD-005275,2025-10-27,CUST-00505,James Walker,32,Male,Asia Pacific,Japan,Sports & Outdoors,Hydro Flask 32oz Water Bottle,2,49.69,5.0,94.41,35.8,33.8
ORD-005276,2025-10-27,CUST-00114,William Green,43,Female,North America,USA,Sports & Outdoors,Spalding NBA Basketball,3,54.37,7.0,151.69,28.7,43.54
ORD-005277,2025-10-28,CUST-00657,Ravi Harris,54,Male,Latin America,Colombia,Electronics,Ring Video Doorbell,1,188.47,15.0,160.2,15.4,24.67
ORD-005278,2025-10-28,CUST-00878,Rafael Martin,18,Male,Middle East,Saudi Arabia,Clothing,Uniqlo Down Jacket,4,106.85,10.0,384.66,39.8,153.09
ORD-005279,2025-10-28,CUST-01501,Mia Schmidt,27,Male,Europe,UK,Electronics,GoPro Hero 12,2,433.91,15.0,737.65,9.0,66.39
ORD-005280,2025-10-28,CUST-00163,Mason Garcia,52,Female,Middle East,Saudi Arabia,Electronics,iPad Pro 11-inch,1,1120.16,1.0,1108.96,16.7,185.2
ORD-005281,2025-10-28,CUST-01445,Sarah Davis,57,Male,Middle East,Qatar,Clothing,H&M Cotton T-Shirt Pack,1,29.32,17.0,24.34,35.9,8.74
ORD-005282,2025-10-28,CUST-00236,Wei Williams,51,Male,Middle East,Qatar,Sports & Outdoors,Wilson Tennis Racket Pro,3,172.38,0.0,517.14,21.7,112.22
ORD-005283,2025-10-28,CUST-01097,Susan Flores,48,Male,Europe,Germany,Home & Kitchen,Philips Hue Smart Bulb Set,1,91.33,19.0,73.98,20.7,15.31
ORD-005284,2025-10-28,CUST-01084,Chen Allen,30,Female,Europe,Italy,Clothing,Levi's 501 Jeans,1,78.76,6.0,74.03,33.6,24.87
ORD-005285,2025-10-28,CUST-00447,Harry Harris,43,Female,Middle East,Qatar,Clothing,Calvin Klein Underwear Set,2,36.75,3.0,71.3,52.7,37.58
ORD-005286,2025-10-28,CUST-00126,Muhammad Hill,47,Female,Latin America,Brazil,Home & Kitchen,Air Purifier HEPA,1,227.02,0.0,227.02,22.4,50.85
ORD-005287,2025-10-28,CUST-00112,Amelia Green,40,Male,Middle East,Qatar,Clothing,Adidas Ultraboost Shoes,2,219.5,0.0,439.0,42.1,184.82
ORD-005288,2025-10-28,CUST-00711,Lisa Rossi,41,Male,North America,USA,Clothing,Adidas Ultraboost Shoes,4,184.67,22.0,576.17,51.6,297.3
ORD-005289,2025-10-28,CUST-00678,Oliver Patel,38,Female,Middle East,UAE,Electronics,USB-C Hub 7-in-1,2,69.9,0.0,139.8,17.3,24.19
ORD-005290,2025-10-28,CUST-00368,Robert Müller,48,Female,Middle East,Saudi Arabia,Beauty & Personal Care,Fenty Beauty Foundation,1,52.82,4.0,50.71,47.0,23.83
ORD-005291,2025-10-28,CUST-00708,John Torres,18,Female,Middle East,UAE,Home & Kitchen,LED Desk Lamp with USB,2,44.27,0.0,88.54,36.3,32.14
ORD-005292,2025-10-28,CUST-00996,Ahmed Smith,32,Female,Asia Pacific,Australia,Home & Kitchen,French Press Coffee Maker,2,49.28,0.0,98.56,23.1,22.77
ORD-005293,2025-10-28,CUST-01501,Mia Schmidt,27,Male,Europe,UK,Electronics,Sony PlayStation 5,2,717.15,2.0,1405.61,16.4,230.52
ORD-005294,2025-10-28,CUST-00837,Mason Martin,44,Female,North America,USA,Clothing,Converse Chuck Taylor All Star,1,85.69,0.0,85.69,51.3,43.96
ORD-005295,2025-10-28,CUST-00530,Mason Wright,53,Male,Asia Pacific,Australia,Clothing,Nike Air Max 270,1,119.74,15.0,101.78,37.5,38.17
ORD-005296,2025-10-28,CUST-00253,Fatima Fernandez,47,Female,Latin America,Brazil,Clothing,Timberland Boots,4,208.31,0.0,833.24,37.5,312.46
ORD-005297,2025-11-01,CUST-00617,Linda Baker,44,Female,Asia Pacific,Japan,Electronics,Sony WH-1000XM5 Headphones,1,313.5,0.0,313.5,14.0,43.89
ORD-005298,2025-11-01,CUST-00761,Priya Mitchell,20,Female,North America,Canada,Electronics,USB-C Hub 7-in-1,1,71.91,8.0,66.16,9.5,6.29
ORD-005299,2025-11-01,CUST-00292,Ahmed Singh,24,Female,Middle East,Saudi Arabia,Electronics,Dell XPS 15 Laptop,1,1472.73,16.0,1237.09,9.3,115.05
ORD-005300,2025-11-01,CUST-01417,Hana Walker,31,Male,Europe,Germany,Clothing,Timberland Boots,3,204.87,0.0,614.61,40.1,246.46
ORD-005301,2025-11-01,CUST-01154,Priya Miller,29,Male,Asia Pacific,India,Beauty & Personal Care,Dyson Airwrap Styler,5,639.69,33.0,2142.96,54.1,1159.34
ORD-005302,2025-11-01,CUST-01463,Richard Wang,19,Female,Europe,UK,Home & Kitchen,Ninja Air Fryer XL,2,168.13,11.0,299.27,21.2,63.45
ORD-005303,2025-11-01,CUST-00946,Wei Hall,66,Female,North America,Canada,Electronics,Kindle Paperwhite,2,161.05,8.0,296.33,13.1,38.82
ORD-005304,2025-11-01,CUST-01347,Charlotte Dupont,33,Male,Middle East,Saudi Arabia,Beauty & Personal Care,Tatcha Rice Wash Cleanser,4,47.72,7.0,177.52,57.3,101.72
ORD-005305,2025-11-01,CUST-01530,Hana Anderson,47,Female,North America,USA,Clothing,Tommy Hilfiger Polo Shirt,1,88.73,9.0,80.74,50.9,41.1
ORD-005306,2025-11-01,CUST-01529,Harry Johnson,37,Male,North America,USA,Electronics,GoPro Hero 12,1,534.83,0.0,534.83,9.8,52.41
ORD-005307,2025-11-01,CUST-01111,Ahmed Lopez,27,Female,Asia Pacific,Japan,Beauty & Personal Care,La Mer Moisturizing Cream,1,333.9,16.0,280.48,42.5,119.2
ORD-005308,2025-11-01,CUST-00480,James White,31,Male,North America,Mexico,Beauty & Personal Care,Philips Norelco Shaver,5,147.78,19.0,598.51,35.0,209.48
ORD-005309,2025-11-01,CUST-00119,Richard Johnson,37,Male,North America,USA,Clothing,Calvin Klein Underwear Set,2,47.69,35.0,62.0,37.6,23.31
ORD-005310,2025-11-01,CUST-01300,Carlos Dupont,40,Male,North America,Mexico,Sports & Outdoors,Yoga Mat Premium Non-Slip,3,44.45,28.0,96.01,18.2,17.47
ORD-005311,2025-11-01,CUST-01054,Mason Santos,22,Female,Europe,UK,Electronics,Sony WH-1000XM5 Headphones,2,344.96,0.0,689.92,19.0,131.08
ORD-005312,2025-11-01,CUST-00648,John Chen,40,Male,Asia Pacific,Singapore,Beauty & Personal Care,Oral-B Electric Toothbrush Pro,1,104.06,4.0,99.9,50.7,50.65
ORD-005313,2025-11-01,CUST-01104,Isabella Lee,30,Male,Asia Pacific,Singapore,Electronics,Bose SoundLink Speaker,2,210.56,0.0,421.12,13.0,54.75
ORD-005314,2025-11-01,CUST-00170,Mia Garcia,20,Male,Asia Pacific,Singapore,Clothing,Gucci Belt,2,392.69,0.0,785.38,48.2,378.55
ORD-005315,2025-11-01,CUST-00368,Robert Müller,48,Female,Middle East,Saudi Arabia,Beauty & Personal Care,The Ordinary Serum Set,2,29.87,7.0,55.56,35.8,19.89
ORD-005316,2025-11-01,CUST-00167,Zara Hill,35,Male,Middle East,Saudi Arabia,Clothing,Levi's 501 Jeans,2,102.01,30.0,142.81,53.4,76.26
ORD-005317,2025-11-01,CUST-00660,Ali Jackson,20,Male,Latin America,Colombia,Home & Kitchen,French Press Coffee Maker,3,49.68,0.0,149.04,37.3,55.59
ORD-005318,2025-11-01,CUST-01436,Isabella Nguyen,46,Female,Europe,Germany,Electronics,Apple Watch Series 9,2,550.55,23.0,847.85,16.2,137.35
ORD-005319,2025-11-01,CUST-00699,Charlotte Jackson,31,Male,Europe,Germany,Home & Kitchen,Nespresso Vertuo Coffee Machine,3,244.33,12.0,645.03,21.2,136.75
ORD-005320,2025-11-01,CUST-00051,Barbara Jackson,25,Female,Asia Pacific,Singapore,Clothing,Levi's 501 Jeans,1,87.46,16.0,73.47,32.5,23.88
ORD-005321,2025-11-01,CUST-00843,Jessica Singh,55,Male,Latin America,Brazil,Sports & Outdoors,Wilson Tennis Racket Pro,3,204.77,28.0,442.3,36.2,160.11
ORD-005322,2025-11-01,CUST-01029,Amelia Garcia,47,Female,North America,USA,Electronics,Apple Watch Series 9,1,456.75,20.0,365.4,12.7,46.41
ORD-005323,2025-11-01,CUST-00657,Ravi Harris,54,Male,Latin America,Colombia,Home & Kitchen,Bamboo Cutting Board Set,2,46.5,18.0,76.26,28.7,21.89
ORD-005324,2025-11-01,CUST-00272,Charlotte Chen,35,Male,North America,Canada,Sports & Outdoors,Coleman 4-Person Camping Tent,2,139.34,35.0,181.14,18.4,33.33
ORD-005325,2025-11-01,CUST-00552,Ethan Ali,39,Female,Middle East,Qatar,Sports & Outdoors,Hydro Flask 32oz Water Bottle,1,59.8,41.0,35.28,21.1,7.44
ORD-005326,2025-11-02,CUST-00132,Ali Chen,42,Female,Middle East,UAE,Electronics,USB-C Hub 7-in-1,1,55.08,0.0,55.08,19.9,10.96
ORD-005327,2025-11-02,CUST-01474,Linda Harris,42,Female,Middle East,Qatar,Beauty & Personal Care,Foreo LUNA Face Massager,3,115.32,0.0,345.96,47.4,163.99
ORD-005328,2025-11-02,CUST-00204,Carlos Lee,37,Female,Asia Pacific,South Korea,Home & Kitchen,Cuisinart 12-Piece Cookware Set,3,229.74,30.0,482.45,23.0,110.96
ORD-005329,2025-11-02,CUST-00831,Riley Lopez,39,Female,Latin America,Colombia,Beauty & Personal Care,CeraVe Moisturizing Cream,2,28.15,28.0,40.54,59.2,24.0
ORD-005330,2025-11-02,CUST-00884,Michael Schmidt,56,Female,North America,USA,Electronics,Bose SoundLink Speaker,2,174.6,0.0,349.2,14.7,51.33
ORD-005331,2025-11-02,CUST-01553,Barbara Müller,37,Female,Asia Pacific,Japan,Home & Kitchen,KitchenAid Stand Mixer,1,440.33,5.0,418.31,36.1,151.01
ORD-005332,2025-11-02,CUST-01310,Susan Kim,38,Female,North America,Canada,Clothing,Timberland Boots,2,192.68,0.0,385.36,32.7,126.01
ORD-005333,2025-11-02,CUST-00093,Jennifer Santos,26,Female,North America,Canada,Beauty & Personal Care,The Ordinary Serum Set,3,41.39,0.0,124.17,59.4,73.76
ORD-005334,2025-11-02,CUST-00802,Richard Davis,23,Male,North America,Canada,Beauty & Personal Care,Bioderma Micellar Water 500ml,1,14.54,25.0,10.9,36.3,3.96
ORD-005335,2025-11-02,CUST-01310,Susan Kim,38,Female,North America,Canada,Sports & Outdoors,Camping Sleeping Bag -10°C,1,94.67,26.0,70.06,22.7,15.9
ORD-005336,2025-11-02,CUST-00969,Robert Garcia,22,Female,Middle East,Qatar,Electronics,Canon EOS R50 Camera,2,942.16,33.0,1262.49,18.7,236.09
ORD-005337,2025-11-02,CUST-01760,Charlotte Singh,54,Male,North America,USA,Home & Kitchen,Weighted Blanket 15lbs,2,112.55,0.0,225.1,27.6,62.13
ORD-005338,2025-11-02,CUST-00647,Jessica Thomas,45,Female,Middle East,UAE,Home & Kitchen,Instant Pot Duo 7-in-1,1,111.88,0.0,111.88,20.8,23.27
ORD-005339,2025-11-02,CUST-01632,Carlos Wilson,18,Male,Latin America,Argentina,Home & Kitchen,Philips Hue Smart Bulb Set,2,77.69,33.0,104.1,25.5,26.55
ORD-005340,2025-11-02,CUST-01608,Charlotte Mitchell,21,Male,Latin America,Argentina,Clothing,Tommy Hilfiger Polo Shirt,2,69.3,1.0,137.21,36.2,49.67
ORD-005341,2025-11-02,CUST-01140,Richard Allen,37,Male,Latin America,Brazil,Beauty & Personal Care,Neutrogena SPF 50 Sunscreen,5,15.08,10.0,67.86,50.9,34.54
ORD-005342,2025-11-02,CUST-01718,Fatima Johnson,32,Female,Europe,Italy,Beauty & Personal Care,Charlotte Tilbury Lipstick,4,43.93,0.0,175.72,55.9,98.23
ORD-005343,2025-11-02,CUST-01245,Aiden Hill,37,Female,Latin America,Colombia,Home & Kitchen,KitchenAid Stand Mixer,3,441.57,0.0,1324.71,25.1,332.5
ORD-005344,2025-11-02,CUST-00899,Wei Singh,18,Male,Latin America,Brazil,Beauty & Personal Care,Neutrogena SPF 50 Sunscreen,5,20.46,0.0,102.3,38.1,38.98
ORD-005345,2025-11-02,CUST-00919,David Scott,27,Male,Middle East,Saudi Arabia,Beauty & Personal Care,Foreo LUNA Face Massager,4,142.68,3.0,553.6,53.2,294.52
ORD-005346,2025-11-02,CUST-01405,Lucas Thompson,58,Female,Asia Pacific,Singapore,Beauty & Personal Care,Oral-B Electric Toothbrush Pro,5,107.0,27.0,390.55,50.7,198.01
ORD-005347,2025-11-02,CUST-00752,James Hall,44,Female,Europe,Netherlands,Electronics,USB-C Hub 7-in-1,1,55.1,6.0,51.79,16.3,8.44
ORD-005348,2025-11-02,CUST-00516,Isabella Kim,48,Female,Asia Pacific,Singapore,Clothing,Timberland Boots,1,196.89,0.0,196.89,38.5,75.8
ORD-005349,2025-11-03,CUST-01671,Barbara Adams,23,Male,Asia Pacific,India,Clothing,Ray-Ban Aviator Sunglasses,4,200.23,47.0,424.49,31.6,134.14
ORD-005350,2025-11-03,CUST-00960,Oliver Nelson,53,Female,Europe,Netherlands,Home & Kitchen,Dyson V15 Vacuum,3,722.69,9.0,1972.94,22.6,445.88
ORD-005351,2025-11-03,CUST-00820,Michael Chen,18,Female,North America,Canada,Clothing,Timberland Boots,2,221.23,14.0,380.52,32.6,124.05
ORD-005352,2025-11-03,CUST-01541,Mason Müller,58,Female,Latin America,Colombia,Electronics,Sony WH-1000XM5 Headphones,1,371.47,0.0,371.47,11.9,44.2
ORD-005353,2025-11-03,CUST-00139,Aiden Roberts,26,Female,Europe,France,Clothing,Levi's 501 Jeans,2,102.94,32.0,140.0,45.9,64.26
ORD-005354,2025-11-03,CUST-00415,Hana Patel,28,Male,Asia Pacific,Japan,Beauty & Personal Care,Bath & Body Works Candle Set,1,46.93,14.0,40.36,39.3,15.86
ORD-005355,2025-11-03,CUST-01059,Riley Torres,51,Male,Europe,Italy,Sports & Outdoors,Peloton Bike+,1,2859.04,28.0,2058.51,25.9,533.15
ORD-005356,2025-11-03,CUST-00222,Ethan Kim,25,Male,Latin America,Argentina,Electronics,GoPro Hero 12,1,488.09,35.0,317.26,12.8,40.61
ORD-005357,2025-11-03,CUST-01334,James Rossi,24,Male,Middle East,Saudi Arabia,Beauty & Personal Care,The Ordinary Serum Set,5,25.07,0.0,125.35,46.4,58.16
ORD-005358,2025-11-03,CUST-00765,Lisa Nguyen,36,Male,Europe,Netherlands,Electronics,Apple MacBook Air M2,2,1320.33,21.0,2086.12,16.5,344.21
ORD-005359,2025-11-03,CUST-00389,Zara Allen,31,Female,Europe,Italy,Home & Kitchen,Instant Pot Duo 7-in-1,1,100.12,0.0,100.12,22.0,22.03
ORD-005360,2025-11-03,CUST-00149,Barbara Anderson,29,Male,Middle East,UAE,Electronics,Sony WH-1000XM5 Headphones,2,353.3,11.0,628.87,19.3,121.37
ORD-005361,2025-11-03,CUST-01744,Ravi Miller,36,Male,North America,Canada,Electronics,Apple Watch Series 9,1,506.01,10.0,455.41,19.8,90.17
ORD-005362,2025-11-03,CUST-01431,Sophia Thompson,40,Female,Asia Pacific,Australia,Electronics,Bose SoundLink Speaker,1,181.36,19.0,146.9,16.6,24.39
ORD-005363,2025-11-03,CUST-00037,Zara Roberts,24,Male,North America,Canada,Sports & Outdoors,Wilson Tennis Racket Pro,2,234.66,43.0,267.51,23.3,62.33
ORD-005364,2025-11-03,CUST-00949,Aiden Mitchell,37,Female,North America,Mexico,Clothing,Gucci Belt,2,491.8,0.0,983.6,38.7,380.65
ORD-005365,2025-11-04,CUST-00727,Olivia Green,26,Female,Asia Pacific,Singapore,Electronics,Kindle Paperwhite,1,134.52,8.0,123.76,17.8,22.03
ORD-005366,2025-11-04,CUST-00824,Amelia Harris,28,Female,Europe,Spain,Clothing,Levi's 501 Jeans,4,81.37,37.0,205.05,47.4,97.19
ORD-005367,2025-11-04,CUST-01366,William Carter,44,Male,Asia Pacific,Australia,Electronics,GoPro Hero 12,1,493.53,0.0,493.53,17.8,87.85
ORD-005368,2025-11-04,CUST-01422,Charlotte Nelson,41,Male,Asia Pacific,South Korea,Home & Kitchen,Nespresso Vertuo Coffee Machine,1,202.72,13.0,176.37,21.0,37.04
ORD-005369,2025-11-04,CUST-00326,Amelia Fernandez,33,Male,Latin America,Argentina,Electronics,Apple Watch Series 9,2,576.09,14.0,990.87,19.0,188.27
ORD-005370,2025-11-04,CUST-00355,Layla Nguyen,18,Female,Asia Pacific,Singapore,Beauty & Personal Care,The Ordinary Serum Set,4,39.25,0.0,157.0,43.8,68.77
ORD-005371,2025-11-04,CUST-01577,Amelia Wright,25,Male,North America,Mexico,Sports & Outdoors,Fitbit Charge 6,2,186.75,32.0,253.98,27.0,68.57
ORD-005372,2025-11-04,CUST-01431,Sophia Thompson,40,Female,Asia Pacific,Australia,Sports & Outdoors,Spalding NBA Basketball,3,54.92,25.0,123.57,28.1,34.72
ORD-005373,2025-11-04,CUST-00033,William Singh,26,Male,Middle East,UAE,Beauty & Personal Care,La Mer Moisturizing Cream,4,331.8,31.0,915.77,50.4,461.55
ORD-005374,2025-11-04,CUST-00729,James Baker,21,Male,Middle East,Qatar,Beauty & Personal Care,Neutrogena SPF 50 Sunscreen,5,21.34,13.0,92.83,47.3,43.91
ORD-005375,2025-11-04,CUST-00091,Mia Flores,41,Female,Latin America,Colombia,Electronics,iPhone 15 Pro,1,1112.91,0.0,1112.91,14.5,161.37
ORD-005376,2025-11-04,CUST-00118,Hana Jones,18,Male,North America,Canada,Beauty & Personal Care,La Mer Moisturizing Cream,4,373.68,4.0,1434.93,57.1,819.35
ORD-005377,2025-11-04,CUST-00194,Carlos Walker,44,Male,North America,Canada,Sports & Outdoors,Garmin GPS Running Watch,1,474.28,0.0,474.28,22.2,105.29
ORD-005378,2025-11-04,CUST-01045,Thomas Wright,33,Male,Asia Pacific,Australia,Clothing,Converse Chuck Taylor All Star,2,97.51,0.0,195.02,38.1,74.3
ORD-005379,2025-11-04,CUST-00632,Karen Harris,59,Female,Asia Pacific,India,Home & Kitchen,LED Desk Lamp with USB,1,37.49,32.0,25.49,20.9,5.33
ORD-005380,2025-11-04,CUST-01625,Patricia Adams,18,Male,Asia Pacific,Australia,Electronics,GoPro Hero 12,2,472.8,32.0,643.01,19.8,127.32
ORD-005381,2025-11-04,CUST-01541,Mason Müller,58,Female,Latin America,Colombia,Beauty & Personal Care,Olaplex No.3 Hair Perfector,1,43.72,34.0,28.86,53.5,15.44
ORD-005382,2025-11-04,CUST-00825,Priya Dupont,32,Male,Asia Pacific,South Korea,Electronics,Kindle Paperwhite,2,162.07,0.0,324.14,9.3,30.15
ORD-005383,2025-11-04,CUST-00645,Mia Brown,27,Male,Asia Pacific,Japan,Beauty & Personal Care,Dyson Airwrap Styler,2,610.71,20.0,977.14,37.0,361.54
ORD-005384,2025-11-04,CUST-01773,Laila Hill,26,Male,North America,Canada,Clothing,Uniqlo Down Jacket,1,103.0,0.0,103.0,39.4,40.58
ORD-005385,2025-11-05,CUST-00349,Robert Flores,31,Male,Europe,UK,Sports & Outdoors,Hydro Flask 32oz Water Bottle,2,60.84,3.0,118.03,36.1,42.61
ORD-005386,2025-11-05,CUST-00402,Richard Martin,30,Female,Asia Pacific,South Korea,Sports & Outdoors,TRX Suspension Trainer,2,196.29,1.0,388.65,30.3,117.76
ORD-005387,2025-11-05,CUST-01073,Rafael Young,20,Female,North America,USA,Beauty & Personal Care,Tatcha Rice Wash Cleanser,5,57.34,3.0,278.1,40.7,113.19
ORD-005388,2025-11-05,CUST-00457,Olivia Kim,40,Male,Latin America,Argentina,Electronics,Dell XPS 15 Laptop,1,1357.72,9.0,1235.53,10.8,133.44
ORD-005389,2025-11-05,CUST-00664,Mary Anderson,35,Male,Europe,France,Electronics,Sony PlayStation 5,1,627.42,0.0,627.42,16.4,102.9
ORD-005390,2025-11-05,CUST-01679,Mia Chen,18,Male,Europe,Netherlands,Sports & Outdoors,Fitbit Charge 6,1,189.56,19.0,153.54,32.6,50.05
ORD-005391,2025-11-05,CUST-00192,Sarah Wang,60,Male,Latin America,Brazil,Sports & Outdoors,Bowflex SelectTech Dumbbells,1,470.54,19.0,381.14,35.8,136.45
ORD-005392,2025-11-05,CUST-00121,Carlos Thompson,24,Female,Latin America,Brazil,Electronics,Apple Watch Series 9,1,603.88,0.0,603.88,13.7,82.73
ORD-005393,2025-11-05,CUST-00231,Linda Singh,19,Male,Latin America,Argentina,Electronics,iPad Pro 11-inch,2,1220.09,32.0,1659.32,8.1,134.4
ORD-005394,2025-11-05,CUST-00823,James Rossi,45,Male,Asia Pacific,South Korea,Home & Kitchen,French Press Coffee Maker,3,53.73,0.0,161.19,28.6,46.1
ORD-005395,2025-11-05,CUST-01308,Lucas Ali,18,Male,Latin America,Argentina,Electronics,USB-C Hub 7-in-1,2,82.13,16.0,137.98,12.4,17.11
ORD-005396,2025-11-05,CUST-00125,Sofia Ahmed,47,Female,Europe,UK,Electronics,Sony WH-1000XM5 Headphones,2,350.92,6.0,659.73,9.4,62.01
ORD-005397,2025-11-05,CUST-00101,David Rossi,46,Female,Latin America,Argentina,Electronics,Apple Watch Series 9,2,528.24,0.0,1056.48,9.3,98.25
ORD-005398,2025-11-05,CUST-00909,Charles Ahmed,37,Male,Middle East,UAE,Home & Kitchen,Instant Pot Duo 7-in-1,2,96.93,9.0,176.41,31.2,55.04
ORD-005399,2025-11-05,CUST-01386,Isabella White,38,Female,Europe,France,Electronics,iPhone 15 Pro,1,1154.73,18.0,946.88,17.4,164.76
ORD-005400,2025-11-05,CUST-01423,Lucas Martinez,33,Female,Europe,France,Electronics,iPad Pro 11-inch,2,1267.19,0.0,2534.38,15.1,382.69
ORD-005401,2025-11-05,CUST-00963,Thomas Wright,20,Female,Middle East,Qatar,Sports & Outdoors,Speedo Swim Goggles,2,23.09,41.0,27.25,23.7,6.46
ORD-005402,2025-11-05,CUST-00081,Susan Khan,23,Female,North America,USA,Home & Kitchen,Instant Pot Duo 7-in-1,2,143.14,34.0,188.94,21.3,40.24
ORD-005403,2025-11-05,CUST-00048,David Nguyen,31,Male,North America,USA,Clothing,Tommy Hilfiger Polo Shirt,2,78.47,1.0,155.37,33.4,51.89
ORD-005404,2025-11-05,CUST-00283,John Brown,33,Female,Asia Pacific,Singapore,Home & Kitchen,LED Desk Lamp with USB,1,44.82,11.0,39.89,25.9,10.33
ORD-005405,2025-11-05,CUST-01313,Emma King,31,Male,Europe,Netherlands,Clothing,Timberland Boots,2,174.87,34.0,230.83,33.5,77.33
ORD-005406,2025-11-05,CUST-00159,Isabella Davis,18,Male,Latin America,Colombia,Home & Kitchen,Nespresso Vertuo Coffee Machine,3,254.39,0.0,763.17,20.6,157.21
ORD-005407,2025-11-06,CUST-01354,Barbara Thompson,34,Male,Europe,UK,Electronics,Samsung Galaxy S24,2,990.58,33.0,1327.38,19.2,254.86
ORD-005408,2025-11-06,CUST-01703,Layla King,27,Female,North America,Canada,Clothing,Nike Air Max 270,4,136.01,45.0,299.22,45.2,135.25
ORD-005409,2025-11-06,CUST-01274,Wei Garcia,18,Female,Latin America,Brazil,Clothing,Zara Wool Coat,1,224.61,29.0,159.47,50.8,81.01
ORD-005410,2025-11-06,CUST-00602,Charlotte Anderson,18,Male,North America,Mexico,Home & Kitchen,LED Desk Lamp with USB,3,39.43,32.0,80.44,39.2,31.53
ORD-005411,2025-11-06,CUST-01286,Richard Scott,22,Female,Europe,Netherlands,Home & Kitchen,Air Purifier HEPA,2,218.21,39.0,266.22,23.8,63.36
ORD-005412,2025-11-06,CUST-01131,Thomas Carter,44,Female,Asia Pacific,Singapore,Clothing,Zara Wool Coat,2,169.21,16.0,284.27,49.3,140.15
ORD-005413,2025-11-06,CUST-01102,Layla Santos,40,Female,North America,Mexico,Home & Kitchen,Instant Pot Duo 7-in-1,3,115.66,0.0,346.98,21.4,74.25
ORD-005414,2025-11-06,CUST-01665,Liam Kim,38,Male,Middle East,Qatar,Clothing,Uniqlo Down Jacket,1,95.5,15.0,81.17,41.5,33.69
ORD-005415,2025-11-06,CUST-00940,Robert Roberts,40,Female,Middle East,Qatar,Electronics,iPad Pro 11-inch,2,1290.25,25.0,1935.38,11.2,216.76
ORD-005416,2025-11-06,CUST-00425,Sarah Smith,37,Female,Europe,Italy,Sports & Outdoors,TRX Suspension Trainer,3,184.61,0.0,553.83,35.1,194.39
ORD-005417,2025-11-06,CUST-01391,Charles Hill,28,Female,Middle East,UAE,Home & Kitchen,Air Purifier HEPA,3,240.45,34.0,476.09,34.3,163.3
ORD-005418,2025-11-06,CUST-01211,Charlotte Rossi,36,Female,North America,Mexico,Clothing,Under Armour Sports Bra,2,65.31,41.0,77.07,39.3,30.29
ORD-005419,2025-11-06,CUST-01536,Laila Khan,18,Female,Middle East,Saudi Arabia,Electronics,Sony PlayStation 5,2,593.2,6.0,1115.22,19.3,215.24
ORD-005420,2025-11-06,CUST-00101,David Rossi,46,Female,Latin America,Argentina,Electronics,Sony PlayStation 5,1,627.98,13.0,546.34,9.7,52.99
ORD-005421,2025-11-06,CUST-01510,Riley Flores,41,Male,Asia Pacific,South Korea,Home & Kitchen,Smart Thermostat Google Nest,1,194.47,0.0,194.47,38.3,74.48
ORD-005422,2025-11-06,CUST-01488,Riley Young,43,Male,Asia Pacific,Japan,Home & Kitchen,Air Purifier HEPA,1,241.18,0.0,241.18,31.0,74.77
ORD-005423,2025-11-06,CUST-01628,Jennifer Torres,29,Female,Latin America,Brazil,Home & Kitchen,French Press Coffee Maker,2,45.19,0.0,90.38,30.3,27.39
ORD-005424,2025-11-06,CUST-01535,James Miller,39,Female,Middle East,UAE,Sports & Outdoors,Wilson Tennis Racket Pro,2,209.32,21.0,330.73,18.5,61.19
ORD-005425,2025-11-06,CUST-00728,Sofia Carter,49,Female,Europe,Italy,Sports & Outdoors,TRX Suspension Trainer,2,192.82,21.0,304.66,26.8,81.65
ORD-005426,2025-11-06,CUST-01646,Ali Harris,57,Female,North America,USA,Electronics,GoPro Hero 12,1,445.76,4.0,427.93,17.0,72.75
ORD-005427,2025-11-06,CUST-00074,Sarah Taylor,44,Male,Middle East,Qatar,Electronics,Bose SoundLink Speaker,2,189.14,0.0,378.28,19.2,72.63
ORD-005428,2025-11-06,CUST-01348,Barbara White,28,Male,Middle East,UAE,Electronics,Samsung Galaxy S24,2,1074.36,9.0,1955.34,9.0,175.98
ORD-005429,2025-11-06,CUST-01499,Charles Ali,24,Male,North America,Canada,Home & Kitchen,LED Desk Lamp with USB,2,59.43,33.0,79.64,35.3,28.11
ORD-005430,2025-11-06,CUST-01615,Emma Anderson,28,Male,Asia Pacific,Singapore,Beauty & Personal Care,Oral-B Electric Toothbrush Pro,1,114.47,0.0,114.47,47.8,54.72
ORD-005431,2025-11-06,CUST-01582,Ana Scott,24,Male,Latin America,Colombia,Beauty & Personal Care,Bioderma Micellar Water 500ml,1,17.48,5.0,16.61,37.1,6.16
ORD-005432,2025-11-06,CUST-00341,Chen Ali,42,Male,Europe,UK,Clothing,Adidas Ultraboost Shoes,1,180.42,15.0,153.36,30.2,46.31
ORD-005433,2025-11-06,CUST-01301,Charles Martin,27,Female,Europe,Germany,Sports & Outdoors,Camping Sleeping Bag -10°C,2,82.72,0.0,165.44,24.5,40.53
ORD-005434,2025-11-06,CUST-01247,Liam Ali,40,Female,North America,Mexico,Home & Kitchen,Smart Thermostat Google Nest,1,175.19,0.0,175.19,37.7,66.05
ORD-005435,2025-11-07,CUST-01596,James Davis,45,Female,Europe,Germany,Sports & Outdoors,TRX Suspension Trainer,1,193.29,31.0,133.37,37.2,49.61
ORD-005436,2025-11-07,CUST-00721,Amelia Thompson,55,Male,Asia Pacific,India,Sports & Outdoors,Peloton Bike+,2,2927.59,36.0,3747.32,30.4,1139.19
ORD-005437,2025-11-07,CUST-01605,Ali Carter,38,Male,Europe,Spain,Clothing,Gucci Belt,1,372.2,0.0,372.2,47.7,177.54
ORD-005438,2025-11-07,CUST-01360,Mia Müller,18,Female,North America,USA,Electronics,Samsung Galaxy S24,1,1155.91,0.0,1155.91,9.6,110.97
ORD-005439,2025-11-07,CUST-00980,William Müller,33,Female,Latin America,Argentina,Electronics,Apple Watch Series 9,2,482.54,0.0,965.08,16.3,157.31
ORD-005440,2025-11-07,CUST-01361,Karen Wright,37,Male,Asia Pacific,Australia,Sports & Outdoors,Hydro Flask 32oz Water Bottle,3,53.69,18.0,132.08,33.8,44.64
ORD-005441,2025-11-07,CUST-01254,Riley Mitchell,34,Female,Latin America,Colombia,Clothing,Under Armour Sports Bra,2,48.48,0.0,96.96,39.9,38.69
ORD-005442,2025-11-07,CUST-00004,Ana Kim,32,Male,North America,Mexico,Beauty & Personal Care,CeraVe Moisturizing Cream,4,20.83,7.0,77.49,59.0,45.72
ORD-005443,2025-11-07,CUST-00945,Wei Smith,49,Female,North America,USA,Beauty & Personal Care,Foreo LUNA Face Massager,5,130.55,9.0,594.0,45.7,271.46
ORD-005444,2025-11-07,CUST-01240,Jessica Chen,31,Female,North America,USA,Sports & Outdoors,TRX Suspension Trainer,2,185.94,35.0,241.72,29.6,71.55
ORD-005445,2025-11-07,CUST-01033,Richard Carter,38,Male,Latin America,Argentina,Home & Kitchen,Dyson V15 Vacuum,2,739.51,30.0,1035.31,21.4,221.56
ORD-005446,2025-11-07,CUST-00956,Mason Thomas,41,Female,Asia Pacific,Singapore,Beauty & Personal Care,Bioderma Micellar Water 500ml,4,24.04,33.0,64.43,40.0,25.77
ORD-005447,2025-11-07,CUST-00329,Emma Walker,39,Male,North America,USA,Beauty & Personal Care,Bath & Body Works Candle Set,1,51.04,26.0,37.77,40.0,15.11
ORD-005448,2025-11-07,CUST-01460,Lucas Jones,56,Female,North America,USA,Beauty & Personal Care,Dyson Airwrap Styler,2,650.97,10.0,1171.75,38.8,454.64
ORD-005449,2025-11-07,CUST-00210,Laila Nguyen,33,Female,North America,Canada,Electronics,Kindle Paperwhite,2,139.17,6.0,261.64,16.7,43.69
ORD-005450,2025-11-07,CUST-00247,Laila Rossi,53,Male,North America,Canada,Home & Kitchen,Instant Pot Duo 7-in-1,2,98.7,37.0,124.36,22.4,27.86
ORD-005451,2025-11-07,CUST-00665,Robert Wright,54,Female,Europe,UK,Home & Kitchen,Cuisinart 12-Piece Cookware Set,3,297.36,0.0,892.08,37.1,330.96
ORD-005452,2025-11-07,CUST-00574,Liam Roberts,21,Female,Asia Pacific,India,Electronics,"LG OLED 55"" TV",2,1980.68,6.0,3723.68,14.3,532.49
ORD-005453,2025-11-07,CUST-00319,Ana Anderson,41,Male,Latin America,Brazil,Home & Kitchen,Nespresso Vertuo Coffee Machine,3,251.22,20.0,602.93,22.1,133.25
ORD-005454,2025-11-07,CUST-01266,Linda Young,47,Male,Europe,France,Sports & Outdoors,Wilson Tennis Racket Pro,1,201.57,0.0,201.57,24.2,48.78
ORD-005455,2025-11-08,CUST-00923,Priya Thomas,31,Male,Latin America,Argentina,Clothing,Timberland Boots,3,227.79,37.0,430.52,34.5,148.53
ORD-005456,2025-11-08,CUST-01173,Mary Jones,18,Female,Asia Pacific,Singapore,Home & Kitchen,Weighted Blanket 15lbs,2,91.01,33.0,121.95,27.5,33.54
ORD-005457,2025-11-08,CUST-00459,Susan Santos,22,Female,Europe,France,Sports & Outdoors,TRX Suspension Trainer,3,222.73,37.0,420.96,21.1,88.82
ORD-005458,2025-11-08,CUST-01263,Isabella Allen,27,Male,Europe,UK,Clothing,Zara Wool Coat,1,160.44,21.0,126.75,34.2,43.35
ORD-005459,2025-11-08,CUST-00209,Zara Wright,45,Male,Asia Pacific,Singapore,Electronics,"LG OLED 55"" TV",1,1652.9,0.0,1652.9,10.2,168.6
ORD-005460,2025-11-08,CUST-01570,Mason Kim,18,Female,Latin America,Brazil,Sports & Outdoors,Hydro Flask 32oz Water Bottle,3,61.35,0.0,184.05,37.6,69.2
ORD-005461,2025-11-08,CUST-00675,Olivia Thompson,51,Male,Europe,Germany,Electronics,GoPro Hero 12,2,468.71,0.0,937.42,19.0,178.11
ORD-005462,2025-11-08,CUST-00814,Fatima Adams,46,Female,Asia Pacific,Japan,Clothing,Puma Running Shorts,3,44.3,0.0,132.9,41.6,55.29
ORD-005463,2025-11-08,CUST-01224,Isabella Chen,41,Female,North America,USA,Electronics,USB-C Hub 7-in-1,2,85.6,26.0,126.69,13.9,17.61
ORD-005464,2025-11-08,CUST-00204,Carlos Lee,37,Female,Asia Pacific,South Korea,Home & Kitchen,Nespresso Vertuo Coffee Machine,2,212.13,0.0,424.26,34.1,144.67
ORD-005465,2025-11-08,CUST-00555,David Fernandez,39,Female,Europe,Spain,Electronics,Sony WH-1000XM5 Headphones,1,312.32,24.0,237.36,11.0,26.11
ORD-005466,2025-11-08,CUST-01073,Rafael Young,20,Female,North America,USA,Electronics,Bose SoundLink Speaker,2,229.68,22.0,358.3,17.8,63.78
ORD-005467,2025-11-08,CUST-00824,Amelia Harris,28,Female,Europe,Spain,Beauty & Personal Care,La Mer Moisturizing Cream,3,382.65,35.0,746.17,39.3,293.24
ORD-005468,2025-11-08,CUST-01543,Lucas Harris,26,Male,Asia Pacific,Singapore,Electronics,iPhone 15 Pro,2,1361.53,32.0,1851.68,14.0,259.24
ORD-005469,2025-11-08,CUST-00513,Thomas Martin,43,Female,Middle East,UAE,Home & Kitchen,Roomba i7+ Robot Vacuum,2,793.82,0.0,1587.64,24.8,393.73
ORD-005470,2025-11-08,CUST-01755,Carlos Brown,21,Female,Latin America,Brazil,Sports & Outdoors,Coleman 4-Person Camping Tent,2,171.32,0.0,342.64,36.8,126.09
ORD-005471,2025-11-08,CUST-00855,Oliver Martinez,18,Female,Europe,Germany,Electronics,Kindle Paperwhite,1,119.7,0.0,119.7,13.1,15.68
ORD-005472,2025-11-08,CUST-01329,Linda Williams,43,Male,Europe,Germany,Electronics,Apple MacBook Air M2,1,1342.04,36.0,858.91,19.1,164.05
ORD-005473,2025-11-08,CUST-00765,Lisa Nguyen,36,Male,Europe,Netherlands,Sports & Outdoors,Resistance Bands Set,1,39.76,23.0,30.62,33.8,10.35
ORD-005474,2025-11-08,CUST-00249,Olivia Singh,59,Female,Asia Pacific,Japan,Sports & Outdoors,Yoga Mat Premium Non-Slip,2,63.21,38.0,78.38,28.3,22.18
ORD-005475,2025-11-09,CUST-01707,Hana Jones,49,Female,Middle East,UAE,Electronics,Bose SoundLink Speaker,1,276.1,14.0,237.45,8.3,19.71
ORD-005476,2025-11-09,CUST-01745,David Thompson,33,Female,Asia Pacific,Singapore,Home & Kitchen,Philips Hue Smart Bulb Set,2,66.03,38.0,81.88,22.2,18.18
ORD-005477,2025-11-09,CUST-00343,Ali Williams,29,Female,Asia Pacific,India,Sports & Outdoors,Coleman 4-Person Camping Tent,2,195.38,11.0,347.78,25.0,86.94
ORD-005478,2025-11-09,CUST-01126,Ravi Hill,45,Male,Asia Pacific,Singapore,Home & Kitchen,Ninja Air Fryer XL,2,155.49,26.0,230.13,33.1,76.17
ORD-005479,2025-11-09,CUST-01172,Carlos Singh,33,Male,Asia Pacific,Singapore,Beauty & Personal Care,Moroccanoil Hair Oil,3,32.94,30.0,69.17,59.6,41.23
ORD-005480,2025-11-09,CUST-01169,Harry Martinez,38,Male,Latin America,Brazil,Electronics,Sony PlayStation 5,2,597.28,9.0,1087.05,16.8,182.62
ORD-005481,2025-11-09,CUST-01654,Liam Walker,29,Male,Europe,Germany,Home & Kitchen,KitchenAid Stand Mixer,3,439.5,0.0,1318.5,38.3,504.99
ORD-005482,2025-11-09,CUST-00236,Wei Williams,51,Male,Middle East,Qatar,Clothing,Uniqlo Down Jacket,4,96.17,0.0,384.68,37.7,145.02
ORD-005483,2025-11-09,CUST-00332,Charlotte Wright,31,Male,Asia Pacific,India,Clothing,Converse Chuck Taylor All Star,4,96.36,9.0,350.75,48.7,170.82
ORD-005484,2025-11-09,CUST-00357,William Fernandez,38,Female,Middle East,Saudi Arabia,Home & Kitchen,Smart Thermostat Google Nest,1,164.84,4.0,158.25,34.3,54.28
ORD-005485,2025-11-09,CUST-00697,Ana Williams,20,Female,Asia Pacific,Japan,Clothing,Calvin Klein Underwear Set,4,60.2,0.0,240.8,47.5,114.38
ORD-005486,2025-11-09,CUST-00146,Michael Smith,33,Female,Europe,Netherlands,Beauty & Personal Care,Oral-B Electric Toothbrush Pro,3,92.01,0.0,276.03,41.8,115.38
ORD-005487,2025-11-09,CUST-00579,Thomas Garcia,22,Female,Asia Pacific,Japan,Electronics,iPad Pro 11-inch,2,977.02,0.0,1954.04,11.7,228.62
ORD-005488,2025-11-09,CUST-01094,Susan Scott,43,Female,Middle East,Qatar,Electronics,iPad Pro 11-inch,1,1000.67,0.0,1000.67,12.3,123.08
ORD-005489,2025-11-09,CUST-01690,Ana Jones,42,Female,Europe,Spain,Home & Kitchen,Ninja Air Fryer XL,1,152.18,27.0,111.09,31.5,34.99
ORD-005490,2025-11-09,CUST-01443,Emma Ahmed,47,Male,North America,USA,Clothing,Converse Chuck Taylor All Star,2,72.41,5.0,137.58,37.6,51.73
ORD-005491,2025-11-09,CUST-00150,Linda Roberts,27,Male,Asia Pacific,Japan,Clothing,Under Armour Sports Bra,1,59.61,0.0,59.61,48.4,28.85
ORD-005492,2025-11-09,CUST-00694,Jennifer Singh,41,Male,North America,USA,Sports & Outdoors,Camping Sleeping Bag -10°C,2,100.71,18.0,165.16,23.8,39.31
ORD-005493,2025-11-09,CUST-00009,Jennifer Roberts,37,Female,Latin America,Brazil,Electronics,Dell XPS 15 Laptop,1,1543.96,0.0,1543.96,13.0,200.71
ORD-005494,2025-11-09,CUST-00117,Mary Rossi,24,Female,Asia Pacific,Japan,Electronics,Sony PlayStation 5,2,718.28,18.0,1177.98,9.8,115.44
ORD-005495,2025-11-09,CUST-00467,Laila Davis,50,Male,North America,USA,Clothing,Levi's 501 Jeans,1,92.85,21.0,73.35,37.5,27.51
ORD-005496,2025-11-10,CUST-00775,Noah Martinez,41,Female,Europe,UK,Home & Kitchen,Cuisinart 12-Piece Cookware Set,3,265.14,0.0,795.42,23.5,186.92
ORD-005497,2025-11-10,CUST-01463,Richard Wang,19,Female,Europe,UK,Electronics,USB-C Hub 7-in-1,2,66.3,30.0,92.82,16.0,14.85
ORD-005498,2025-11-10,CUST-00719,Sarah Wright,18,Male,North America,Mexico,Clothing,Puma Running Shorts,2,35.54,49.0,36.25,41.1,14.9
ORD-005499,2025-11-10,CUST-00336,Emma Miller,55,Female,Europe,Spain,Electronics,"LG OLED 55"" TV",2,1606.63,0.0,3213.26,19.8,636.23
ORD-005500,2025-11-10,CUST-00906,Noah Williams,25,Female,Middle East,Qatar,Sports & Outdoors,Garmin GPS Running Watch,3,379.64,24.0,865.58,30.8,266.6
ORD-005501,2025-11-10,CUST-01075,Emma Nelson,25,Male,Europe,Italy,Electronics,Apple Watch Series 9,2,568.67,28.0,818.88,19.8,162.14
ORD-005502,2025-11-10,CUST-00823,James Rossi,45,Male,Asia Pacific,South Korea,Clothing,Zara Wool Coat,2,200.63,0.0,401.26,51.7,207.45
ORD-005503,2025-11-10,CUST-01217,Barbara Ahmed,33,Male,North America,Canada,Clothing,Under Armour Sports Bra,4,54.39,0.0,217.56,35.1,76.36
ORD-005504,2025-11-10,CUST-00386,Lucas Williams,33,Female,Latin America,Colombia,Home & Kitchen,Weighted Blanket 15lbs,3,82.86,12.0,218.75,32.7,71.53
ORD-005505,2025-11-10,CUST-00336,Emma Miller,55,Female,Europe,Spain,Clothing,H&M Cotton T-Shirt Pack,2,38.58,0.0,77.16,32.6,25.15
ORD-005506,2025-11-10,CUST-00243,Isabella Flores,36,Male,Latin America,Colombia,Beauty & Personal Care,Bioderma Micellar Water 500ml,2,18.59,22.0,29.0,36.2,10.5
ORD-005507,2025-11-10,CUST-00377,Lucas Green,18,Female,North America,USA,Home & Kitchen,Cuisinart 12-Piece Cookware Set,1,298.97,30.0,209.28,25.3,52.95
ORD-005508,2025-11-10,CUST-01621,Lisa Patel,18,Male,North America,USA,Clothing,Under Armour Sports Bra,2,52.41,1.0,103.77,52.5,54.48
ORD-005509,2025-11-10,CUST-00408,Laila Adams,19,Female,Middle East,Qatar,Sports & Outdoors,Peloton Bike+,1,2741.42,0.0,2741.42,27.6,756.63
ORD-005510,2025-11-10,CUST-00446,Mia Ali,56,Female,North America,USA,Beauty & Personal Care,Foreo LUNA Face Massager,2,102.37,30.0,143.32,48.9,70.08
ORD-005511,2025-11-10,CUST-00973,Rafael Thompson,42,Male,North America,USA,Sports & Outdoors,Coleman 4-Person Camping Tent,3,168.4,11.0,449.63,30.5,137.14
ORD-005512,2025-11-10,CUST-00351,Lisa Taylor,44,Female,Latin America,Colombia,Clothing,Gucci Belt,1,510.34,14.0,438.89,32.0,140.44
ORD-005513,2025-11-10,CUST-01568,Sophia Ali,26,Female,Latin America,Argentina,Home & Kitchen,LED Desk Lamp with USB,2,42.98,20.0,68.77,33.8,23.24
ORD-005514,2025-11-10,CUST-00500,Mary Wang,56,Female,Latin America,Argentina,Home & Kitchen,Bamboo Cutting Board Set,2,44.35,26.0,65.64,28.6,18.77
ORD-005515,2025-11-10,CUST-01267,Fatima Taylor,18,Female,Middle East,UAE,Electronics,iPhone 15 Pro,2,1202.6,8.0,2212.78,12.1,267.75
ORD-005516,2025-11-10,CUST-00878,Rafael Martin,18,Male,Middle East,Saudi Arabia,Beauty & Personal Care,La Mer Moisturizing Cream,4,233.2,0.0,932.8,58.1,541.96
ORD-005517,2025-11-10,CUST-01751,David Johnson,54,Male,Middle East,Saudi Arabia,Clothing,Calvin Klein Underwear Set,3,36.2,18.0,89.05,30.5,27.16
ORD-005518,2025-11-10,CUST-00461,Ethan Roberts,34,Female,Middle East,UAE,Home & Kitchen,Smart Thermostat Google Nest,1,173.68,19.0,140.68,35.1,49.38
ORD-005519,2025-11-10,CUST-01298,Isabella Carter,26,Male,Middle East,Qatar,Electronics,Samsung Galaxy S24,1,1297.74,0.0,1297.74,8.7,112.9
ORD-005520,2025-11-10,CUST-00794,Harry Garcia,27,Male,North America,Mexico,Beauty & Personal Care,Olaplex No.3 Hair Perfector,1,43.65,35.0,28.37,48.5,13.76
ORD-005521,2025-11-10,CUST-01006,Patricia Singh,51,Female,Asia Pacific,Australia,Clothing,Under Armour Sports Bra,3,50.07,0.0,150.21,54.3,81.56
ORD-005522,2025-11-11,CUST-00611,Lucas Wright,52,Female,North America,Canada,Sports & Outdoors,Peloton Bike+,2,2566.41,32.0,3490.32,23.3,813.24
ORD-005523,2025-11-11,CUST-00541,Ali Miller,18,Male,Europe,France,Home & Kitchen,Roomba i7+ Robot Vacuum,3,823.7,40.0,1482.66,22.6,335.08
ORD-005524,2025-11-11,CUST-01004,Emma Taylor,43,Female,Middle East,Saudi Arabia,Electronics,Sony WH-1000XM5 Headphones,2,387.62,32.0,527.16,19.1,100.69
ORD-005525,2025-11-11,CUST-00729,James Baker,21,Male,Middle East,Qatar,Sports & Outdoors,Garmin GPS Running Watch,1,387.21,19.0,313.64,33.9,106.32
ORD-005526,2025-11-11,CUST-01298,Isabella Carter,26,Male,Middle East,Qatar,Electronics,iPhone 15 Pro,2,1208.22,2.0,2368.11,8.1,191.82
ORD-005527,2025-11-11,CUST-00670,Carlos Patel,47,Male,Europe,Germany,Beauty & Personal Care,La Mer Moisturizing Cream,4,304.32,32.0,827.75,50.1,414.7
ORD-005528,2025-11-11,CUST-01789,Ravi Scott,22,Male,Europe,Italy,Sports & Outdoors,Wilson Tennis Racket Pro,1,184.08,39.0,112.29,37.1,41.66
ORD-005529,2025-11-11,CUST-00289,Noah Wright,55,Male,Latin America,Colombia,Electronics,Dell XPS 15 Laptop,1,1612.17,0.0,1612.17,19.7,317.6
ORD-005530,2025-11-11,CUST-01732,Aiden Rossi,38,Female,Europe,Spain,Sports & Outdoors,Speedo Swim Goggles,1,28.24,44.0,15.81,26.0,4.11
ORD-005531,2025-11-11,CUST-01202,Ana Wright,44,Female,North America,USA,Home & Kitchen,Roomba i7+ Robot Vacuum,2,891.24,31.0,1229.91,34.5,424.32
ORD-005532,2025-11-11,CUST-00299,Oliver Miller,27,Female,Europe,UK,Clothing,Nike Air Max 270,2,142.89,46.0,154.32,49.5,76.39
ORD-005533,2025-11-11,CUST-01123,Sofia Lee,25,Male,Middle East,UAE,Beauty & Personal Care,Bioderma Micellar Water 500ml,2,18.65,0.0,37.3,49.9,18.61
ORD-005534,2025-11-11,CUST-00840,Lucas Martinez,20,Female,North America,Mexico,Clothing,Levi's 501 Jeans,2,84.48,15.0,143.62,52.9,75.97
ORD-005535,2025-11-11,CUST-00945,Wei Smith,49,Female,North America,USA,Clothing,Gucci Belt,1,465.99,0.0,465.99,43.8,204.1
ORD-005536,2025-11-11,CUST-00954,Wei Allen,34,Female,Europe,France,Beauty & Personal Care,Oral-B Electric Toothbrush Pro,5,82.56,40.0,247.68,50.3,124.58
ORD-005537,2025-11-11,CUST-00156,Carlos Ahmed,26,Female,North America,Canada,Electronics,Samsung Galaxy S24,1,950.96,0.0,950.96,19.1,181.63
ORD-005538,2025-11-11,CUST-00966,Olivia Hall,31,Female,Latin America,Brazil,Electronics,Kindle Paperwhite,2,121.19,20.0,193.9,11.7,22.69
ORD-005539,2025-11-11,CUST-00936,Zara Johnson,47,Female,Asia Pacific,Singapore,Beauty & Personal Care,Bath & Body Works Candle Set,4,35.7,33.0,95.68,56.2,53.77
ORD-005540,2025-11-11,CUST-00566,Carlos Wilson,18,Male,North America,Canada,Beauty & Personal Care,Bioderma Micellar Water 500ml,5,21.16,8.0,97.34,42.9,41.76
ORD-005541,2025-11-11,CUST-01277,Priya Wang,32,Female,Latin America,Brazil,Home & Kitchen,Roomba i7+ Robot Vacuum,3,954.69,27.0,2090.77,23.4,489.24
ORD-005542,2025-11-11,CUST-00022,Linda Anderson,20,Male,Middle East,UAE,Electronics,"LG OLED 55"" TV",1,1945.5,27.0,1420.21,17.1,242.86
ORD-005543,2025-11-12,CUST-00281,Mason Wang,41,Female,Middle East,UAE,Clothing,Zara Wool Coat,2,178.87,0.0,357.74,51.4,183.88
ORD-005544,2025-11-12,CUST-01572,Jennifer Williams,32,Female,Middle East,UAE,Electronics,iPad Pro 11-inch,1,1057.41,0.0,1057.41,9.1,96.22
ORD-005545,2025-11-12,CUST-00642,Noah Ali,33,Female,Europe,Germany,Sports & Outdoors,Peloton Bike+,3,2694.32,39.0,4930.61,30.7,1513.7
ORD-005546,2025-11-12,CUST-00278,Ravi Santos,28,Male,Europe,Spain,Sports & Outdoors,Yoga Mat Premium Non-Slip,1,55.44,4.0,53.22,29.9,15.91
ORD-005547,2025-11-12,CUST-01291,Linda Green,26,Male,North America,Canada,Clothing,Calvin Klein Underwear Set,3,36.5,29.0,77.75,43.9,34.13
ORD-005548,2025-11-12,CUST-01635,Muhammad Johnson,18,Male,North America,Mexico,Electronics,Dell XPS 15 Laptop,1,1525.27,34.0,1006.68,15.7,158.05
ORD-005549,2025-11-12,CUST-01185,Harry Wilson,29,Male,North America,USA,Home & Kitchen,Ninja Air Fryer XL,2,171.85,12.0,302.46,30.5,92.25
ORD-005550,2025-11-12,CUST-01291,Linda Green,26,Male,North America,Canada,Clothing,Adidas Ultraboost Shoes,4,208.55,26.0,617.31,32.7,201.86
ORD-005551,2025-11-12,CUST-00764,Aiden Müller,52,Female,North America,Mexico,Sports & Outdoors,Spalding NBA Basketball,3,37.93,26.0,84.2,25.3,21.3
ORD-005552,2025-11-12,CUST-00930,Ahmed Roberts,18,Female,North America,Mexico,Electronics,Dell XPS 15 Laptop,1,1656.47,26.0,1225.79,17.4,213.29
ORD-005553,2025-11-12,CUST-01730,Noah Carter,28,Male,North America,Canada,Clothing,Nike Air Max 270,3,138.99,4.0,400.29,54.8,219.36
ORD-005554,2025-11-12,CUST-00101,David Rossi,46,Female,Latin America,Argentina,Clothing,Adidas Ultraboost Shoes,1,184.89,0.0,184.89,32.5,60.09
ORD-005555,2025-11-12,CUST-00771,Rafael Garcia,46,Male,Europe,UK,Electronics,iPad Pro 11-inch,2,1300.15,21.0,2054.24,17.5,359.49
ORD-005556,2025-11-12,CUST-00919,David Scott,27,Male,Middle East,Saudi Arabia,Home & Kitchen,Instant Pot Duo 7-in-1,1,127.74,22.0,99.64,27.4,27.3
ORD-005557,2025-11-12,CUST-01318,Michael Taylor,21,Male,Europe,France,Home & Kitchen,LED Desk Lamp with USB,3,65.59,27.0,143.64,23.5,33.76
ORD-005558,2025-11-12,CUST-00326,Amelia Fernandez,33,Male,Latin America,Argentina,Home & Kitchen,French Press Coffee Maker,2,33.94,33.0,45.48,31.8,14.46
ORD-005559,2025-11-12,CUST-01238,Mason Jones,53,Male,Asia Pacific,India,Clothing,Nike Air Max 270,2,167.43,0.0,334.86,54.2,181.49
ORD-005560,2025-11-12,CUST-01132,Wei Patel,44,Male,Latin America,Argentina,Home & Kitchen,KitchenAid Stand Mixer,1,456.55,5.0,433.72,33.0,143.13
ORD-005561,2025-11-12,CUST-00183,Fatima Santos,41,Female,Middle East,Saudi Arabia,Electronics,Bose SoundLink Speaker,1,211.18,1.0,209.07,17.8,37.21
ORD-005562,2025-11-12,CUST-01398,Rafael Ahmed,35,Female,Middle East,Saudi Arabia,Sports & Outdoors,Trek FX3 Bicycle,3,840.8,3.0,2446.73,34.9,853.91
ORD-005563,2025-11-12,CUST-01104,Isabella Lee,30,Male,Asia Pacific,Singapore,Home & Kitchen,Air Purifier HEPA,2,209.73,9.0,381.71,39.2,149.63
ORD-005564,2025-11-12,CUST-00107,Jessica Nguyen,35,Male,Middle East,Saudi Arabia,Clothing,Nike Air Max 270,2,145.14,15.0,246.74,40.2,99.19
ORD-005565,2025-11-12,CUST-01447,Liam Khan,18,Female,Latin America,Brazil,Clothing,Zara Wool Coat,1,171.12,13.0,148.87,40.9,60.89
ORD-005566,2025-11-12,CUST-00878,Rafael Martin,18,Male,Middle East,Saudi Arabia,Electronics,Bose SoundLink Speaker,1,260.96,11.0,232.25,10.8,25.08
ORD-005567,2025-11-13,CUST-01522,Ravi Singh,32,Female,Asia Pacific,South Korea,Electronics,Bose SoundLink Speaker,1,251.39,21.0,198.6,9.5,18.87
ORD-005568,2025-11-13,CUST-01245,Aiden Hill,37,Female,Latin America,Colombia,Clothing,Levi's 501 Jeans,3,70.18,1.0,208.43,34.8,72.53
ORD-005569,2025-11-13,CUST-00248,Zara Roberts,36,Male,Europe,Spain,Electronics,USB-C Hub 7-in-1,2,69.9,33.0,93.67,9.4,8.8
ORD-005570,2025-11-13,CUST-01320,Charles Nguyen,44,Male,Latin America,Colombia,Electronics,iPhone 15 Pro,1,1092.24,7.0,1015.78,15.3,155.41
ORD-005571,2025-11-13,CUST-01549,Mary King,53,Male,Europe,Spain,Home & Kitchen,Philips Hue Smart Bulb Set,3,60.02,36.0,115.24,27.3,31.46
ORD-005572,2025-11-13,CUST-00618,Charlotte Carter,18,Male,North America,USA,Home & Kitchen,Dyson V15 Vacuum,1,714.07,0.0,714.07,22.4,159.95
ORD-005573,2025-11-13,CUST-00410,Sarah Brown,47,Male,Europe,UK,Electronics,Apple MacBook Air M2,1,1268.71,0.0,1268.71,13.7,173.81
ORD-005574,2025-11-13,CUST-00149,Barbara Anderson,29,Male,Middle East,UAE,Sports & Outdoors,Yoga Mat Premium Non-Slip,3,38.08,4.0,109.67,32.7,35.86
ORD-005575,2025-11-13,CUST-01241,Michael Williams,29,Female,North America,Canada,Sports & Outdoors,Garmin GPS Running Watch,1,471.25,17.0,391.14,31.5,123.21
ORD-005576,2025-11-13,CUST-01431,Sophia Thompson,40,Female,Asia Pacific,Australia,Home & Kitchen,Roomba i7+ Robot Vacuum,2,847.45,39.0,1033.89,21.2,219.18
ORD-005577,2025-11-13,CUST-01632,Carlos Wilson,18,Male,Latin America,Argentina,Beauty & Personal Care,Bath & Body Works Candle Set,2,56.43,0.0,112.86,36.9,41.65
ORD-005578,2025-11-13,CUST-00747,Yuki Thomas,32,Female,North America,Canada,Sports & Outdoors,Speedo Swim Goggles,2,37.19,0.0,74.38,19.4,14.43
ORD-005579,2025-11-13,CUST-00038,Robert Schmidt,31,Male,Latin America,Brazil,Home & Kitchen,Smart Thermostat Google Nest,1,176.56,32.0,120.06,25.6,30.74
ORD-005580,2025-11-13,CUST-01516,Charles Patel,31,Female,Asia Pacific,Australia,Electronics,USB-C Hub 7-in-1,1,84.45,31.0,58.27,16.8,9.79
ORD-005581,2025-11-13,CUST-01797,Ravi Hill,45,Male,Latin America,Brazil,Home & Kitchen,Smart Thermostat Google Nest,2,200.19,35.0,260.25,29.4,76.51
ORD-005582,2025-11-13,CUST-00270,Emma Patel,22,Male,North America,Canada,Home & Kitchen,IKEA KALLAX Shelf Unit,1,223.35,0.0,223.35,21.9,48.91
ORD-005583,2025-11-13,CUST-00030,Chen Hall,47,Male,Latin America,Colombia,Clothing,Under Armour Sports Bra,3,53.49,0.0,160.47,52.8,84.73
ORD-005584,2025-11-13,CUST-01471,Sophia Chen,27,Male,Asia Pacific,Australia,Electronics,Sony PlayStation 5,1,620.96,0.0,620.96,13.6,84.45
ORD-005585,2025-11-13,CUST-00829,Mia Schmidt,37,Female,Asia Pacific,Japan,Beauty & Personal Care,Foreo LUNA Face Massager,1,97.43,23.0,75.02,52.3,39.24
ORD-005586,2025-11-13,CUST-01282,Oliver Johnson,29,Male,Latin America,Brazil,Home & Kitchen,Ninja Air Fryer XL,3,152.79,3.0,444.62,32.6,144.95
ORD-005587,2025-11-13,CUST-00260,Patricia Anderson,34,Male,Latin America,Colombia,Clothing,Adidas Ultraboost Shoes,4,217.99,19.0,706.29,48.4,341.84
ORD-005588,2025-11-13,CUST-01658,Priya Ahmed,52,Male,Latin America,Brazil,Electronics,Apple MacBook Air M2,1,1300.96,0.0,1300.96,10.5,136.6
ORD-005589,2025-11-13,CUST-01527,Lisa Chen,39,Female,Latin America,Colombia,Clothing,Timberland Boots,3,217.45,0.0,652.35,46.8,305.3
ORD-005590,2025-11-13,CUST-00023,Chen Jones,19,Female,Europe,Netherlands,Beauty & Personal Care,Fenty Beauty Foundation,3,48.44,8.0,133.69,47.2,63.1
ORD-005591,2025-11-13,CUST-00381,Sophia Brown,31,Male,Middle East,Saudi Arabia,Sports & Outdoors,Bowflex SelectTech Dumbbells,3,433.69,10.0,1170.96,35.4,414.52
ORD-005592,2025-11-13,CUST-00003,Joseph Baker,32,Male,North America,USA,Electronics,Apple MacBook Air M2,1,1295.69,0.0,1295.69,15.7,203.42
ORD-005593,2025-11-13,CUST-00882,Joseph Williams,28,Female,North America,Canada,Home & Kitchen,Bamboo Cutting Board Set,3,39.25,9.0,107.15,38.8,41.57
ORD-005594,2025-11-13,CUST-00631,Emma Martinez,31,Female,Europe,France,Electronics,Canon EOS R50 Camera,2,787.25,34.0,1039.17,19.1,198.48
ORD-005595,2025-11-13,CUST-00343,Ali Williams,29,Female,Asia Pacific,India,Electronics,Bose SoundLink Speaker,2,238.83,25.0,358.25,15.7,56.25
ORD-005596,2025-11-13,CUST-00700,Sofia Hill,49,Male,North America,Canada,Beauty & Personal Care,The Ordinary Serum Set,1,28.47,33.0,19.07,52.3,9.97
ORD-005597,2025-11-13,CUST-01761,Lucas Miller,40,Female,Europe,UK,Clothing,Timberland Boots,2,171.3,41.0,202.13,49.7,100.46
ORD-005598,2025-11-13,CUST-00171,Priya Torres,33,Male,Asia Pacific,India,Sports & Outdoors,TRX Suspension Trainer,1,181.08,0.0,181.08,30.6,55.41
ORD-005599,2025-11-14,CUST-00934,Muhammad Lopez,45,Female,North America,Mexico,Clothing,Uniqlo Down Jacket,2,153.5,0.0,307.0,34.2,104.99
ORD-005600,2025-11-14,CUST-00750,Yuki Hill,34,Female,Europe,Spain,Electronics,Dell XPS 15 Laptop,1,1271.89,20.0,1017.51,12.1,123.12
ORD-005601,2025-11-14,CUST-00123,Lisa Patel,35,Male,North America,Mexico,Electronics,"LG OLED 55"" TV",1,2026.19,30.0,1418.33,16.5,234.02
ORD-005602,2025-11-14,CUST-00326,Amelia Fernandez,33,Male,Latin America,Argentina,Beauty & Personal Care,Dyson Airwrap Styler,3,627.25,0.0,1881.75,51.1,961.57
ORD-005603,2025-11-14,CUST-00523,Sarah Thompson,39,Female,Middle East,UAE,Beauty & Personal Care,Philips Norelco Shaver,5,124.4,0.0,622.0,37.2,231.38
ORD-005604,2025-11-14,CUST-00762,Rafael Miller,42,Male,North America,Mexico,Sports & Outdoors,Hydro Flask 32oz Water Bottle,2,52.64,0.0,105.28,31.4,33.06
ORD-005605,2025-11-14,CUST-01635,Muhammad Johnson,18,Male,North America,Mexico,Clothing,Zara Wool Coat,3,184.37,32.0,376.11,44.5,167.37
ORD-005606,2025-11-14,CUST-00011,Joseph Miller,22,Male,Europe,France,Clothing,Adidas Ultraboost Shoes,1,188.56,28.0,135.76,32.1,43.58
ORD-005607,2025-11-14,CUST-01506,Susan Martin,23,Female,North America,Canada,Clothing,Converse Chuck Taylor All Star,1,77.51,46.0,41.86,38.7,16.2
ORD-005608,2025-11-14,CUST-00387,Charlotte Adams,34,Female,North America,USA,Sports & Outdoors,Wilson Tennis Racket Pro,2,178.7,0.0,357.4,37.5,134.03
ORD-005609,2025-11-14,CUST-01260,Yuki Brown,32,Male,Europe,UK,Beauty & Personal Care,Tatcha Rice Wash Cleanser,3,60.59,0.0,181.77,41.9,76.16
ORD-005610,2025-11-14,CUST-00194,Carlos Walker,44,Male,North America,Canada,Clothing,Tommy Hilfiger Polo Shirt,3,88.67,26.0,196.85,52.9,104.13
ORD-005611,2025-11-14,CUST-01432,Mary Wang,23,Male,Latin America,Argentina,Home & Kitchen,Dyson V15 Vacuum,2,815.34,0.0,1630.68,22.7,370.16
ORD-005612,2025-11-14,CUST-00516,Isabella Kim,48,Female,Asia Pacific,Singapore,Clothing,Under Armour Sports Bra,1,46.04,46.0,24.86,54.5,13.55
ORD-005613,2025-11-14,CUST-01189,Wei Baker,43,Male,North America,Mexico,Electronics,Samsung Galaxy S24,1,984.32,15.0,836.67,17.4,145.58
ORD-005614,2025-11-14,CUST-01683,Richard Wang,41,Female,Europe,France,Home & Kitchen,KitchenAid Stand Mixer,2,494.84,0.0,989.68,33.9,335.5
ORD-005615,2025-11-14,CUST-00091,Mia Flores,41,Female,Latin America,Colombia,Home & Kitchen,Smart Thermostat Google Nest,3,188.83,0.0,566.49,29.2,165.42
ORD-005616,2025-11-14,CUST-01063,Priya Walker,50,Male,Latin America,Colombia,Electronics,Dell XPS 15 Laptop,1,1706.39,22.0,1330.98,9.9,131.77
ORD-005617,2025-11-14,CUST-00932,Thomas Thomas,47,Male,Middle East,Saudi Arabia,Home & Kitchen,French Press Coffee Maker,3,39.98,29.0,85.16,35.9,30.57
ORD-005618,2025-11-14,CUST-00440,Zara Jones,37,Male,Asia Pacific,Japan,Electronics,Bose SoundLink Speaker,1,237.38,0.0,237.38,15.8,37.51
ORD-005619,2025-11-14,CUST-01442,Hana Williams,28,Male,Asia Pacific,South Korea,Home & Kitchen,Smart Thermostat Google Nest,3,165.06,9.0,450.61,28.4,127.97
ORD-005620,2025-11-15,CUST-01180,Susan Singh,49,Male,Asia Pacific,South Korea,Home & Kitchen,Instant Pot Duo 7-in-1,1,96.81,0.0,96.81,20.4,19.75
ORD-005621,2025-11-15,CUST-00363,David Singh,54,Male,Latin America,Colombia,Clothing,Uniqlo Down Jacket,3,147.3,43.0,251.88,34.6,87.15
ORD-005622,2025-11-15,CUST-00949,Aiden Mitchell,37,Female,North America,Mexico,Home & Kitchen,French Press Coffee Maker,1,36.96,12.0,32.52,30.5,9.92
ORD-005623,2025-11-15,CUST-01477,Ethan Lopez,45,Male,Europe,Italy,Clothing,Zara Wool Coat,2,179.73,25.0,269.59,32.3,87.08
ORD-005624,2025-11-15,CUST-00720,Aiden Khan,39,Male,Latin America,Argentina,Sports & Outdoors,Speedo Swim Goggles,1,36.04,19.0,29.19,35.1,10.25
ORD-005625,2025-11-15,CUST-01363,Priya Wang,28,Male,North America,Mexico,Electronics,Apple Watch Series 9,2,523.12,21.0,826.53,13.7,113.23
ORD-005626,2025-11-15,CUST-00672,Riley Anderson,31,Male,Europe,Netherlands,Home & Kitchen,Ninja Air Fryer XL,2,152.82,0.0,305.64,36.4,111.25
ORD-005627,2025-11-15,CUST-01206,Liam Mitchell,43,Male,Latin America,Argentina,Home & Kitchen,Dyson V15 Vacuum,2,881.04,0.0,1762.08,35.6,627.3
ORD-005628,2025-11-15,CUST-01749,Mia Jones,26,Female,Asia Pacific,Singapore,Sports & Outdoors,Wilson Tennis Racket Pro,1,179.02,27.0,130.68,30.0,39.2
ORD-005629,2025-11-15,CUST-00882,Joseph Williams,28,Female,North America,Canada,Clothing,Zara Wool Coat,3,201.69,0.0,605.07,54.9,332.18
ORD-005630,2025-11-15,CUST-01479,Jennifer Smith,42,Female,Europe,France,Sports & Outdoors,Camping Sleeping Bag -10°C,3,151.5,22.0,354.51,18.9,67.0
ORD-005631,2025-11-15,CUST-01481,Robert Miller,42,Female,Middle East,Qatar,Electronics,Bose SoundLink Speaker,1,226.12,21.0,178.63,12.7,22.69
ORD-005632,2025-11-15,CUST-00365,Hana White,23,Female,North America,Mexico,Clothing,Zara Wool Coat,3,201.58,0.0,604.74,33.1,200.17
ORD-005633,2025-11-15,CUST-00598,James Thompson,40,Male,North America,Mexico,Clothing,Levi's 501 Jeans,4,83.59,9.0,304.27,43.4,132.05
ORD-005634,2025-11-15,CUST-01515,Barbara Wilson,43,Female,North America,Canada,Home & Kitchen,IKEA KALLAX Shelf Unit,2,197.94,13.0,344.42,21.3,73.36
ORD-005635,2025-11-15,CUST-00417,Susan Rossi,36,Female,North America,Canada,Clothing,North Face Fleece Jacket,1,152.7,0.0,152.7,54.7,83.53
ORD-005636,2025-11-15,CUST-00805,Riley Smith,49,Male,Latin America,Colombia,Home & Kitchen,Bamboo Cutting Board Set,1,55.51,35.0,36.08,24.7,8.91
ORD-005637,2025-11-15,CUST-00619,Charles Fernandez,30,Female,Middle East,UAE,Beauty & Personal Care,Oral-B Electric Toothbrush Pro,3,113.84,29.0,242.48,44.5,107.9
ORD-005638,2025-11-15,CUST-00201,Zara Walker,37,Female,North America,Canada,Sports & Outdoors,Hydro Flask 32oz Water Bottle,3,58.05,2.0,170.67,28.0,47.79
ORD-005639,2025-11-15,CUST-00065,Chen White,38,Female,Europe,France,Home & Kitchen,Cuisinart 12-Piece Cookware Set,1,241.47,26.0,178.69,32.5,58.07
ORD-005640,2025-11-15,CUST-00550,Emma Flores,26,Male,Asia Pacific,Australia,Sports & Outdoors,Speedo Swim Goggles,2,30.69,0.0,61.38,35.7,21.91
ORD-005641,2025-11-16,CUST-00052,Laila Hall,28,Male,Europe,UK,Clothing,North Face Fleece Jacket,1,161.65,35.0,105.07,42.9,45.08
ORD-005642,2025-11-16,CUST-01683,Richard Wang,41,Female,Europe,France,Electronics,Canon EOS R50 Camera,1,864.96,0.0,864.96,13.6,117.63
ORD-005643,2025-11-16,CUST-01740,Mia Scott,36,Female,Latin America,Colombia,Home & Kitchen,Bamboo Cutting Board Set,1,44.48,0.0,44.48,37.3,16.59
ORD-005644,2025-11-16,CUST-00650,Karen Scott,34,Male,Middle East,UAE,Home & Kitchen,IKEA KALLAX Shelf Unit,2,194.42,0.0,388.84,20.2,78.55
ORD-005645,2025-11-16,CUST-00994,Emma Johnson,55,Male,Latin America,Argentina,Clothing,Gucci Belt,3,474.21,0.0,1422.63,39.4,560.52
ORD-005646,2025-11-16,CUST-00304,Lisa Martinez,24,Male,Europe,Spain,Sports & Outdoors,Resistance Bands Set,2,31.28,22.0,48.8,27.5,13.42
ORD-005647,2025-11-16,CUST-01186,Mason Mitchell,52,Male,North America,USA,Beauty & Personal Care,Olaplex No.3 Hair Perfector,3,35.9,24.0,81.85,53.4,43.71
ORD-005648,2025-11-16,CUST-01091,Chen Patel,25,Female,North America,Mexico,Home & Kitchen,Ninja Air Fryer XL,2,126.84,0.0,253.68,30.4,77.12
ORD-005649,2025-11-16,CUST-00212,Charlotte Lee,31,Female,Europe,France,Electronics,USB-C Hub 7-in-1,1,79.58,0.0,79.58,9.3,7.4
ORD-005650,2025-11-16,CUST-00745,Richard Allen,38,Male,North America,USA,Electronics,"LG OLED 55"" TV",1,1892.36,19.0,1532.81,19.1,292.77
ORD-005651,2025-11-16,CUST-01739,Ethan Martin,49,Male,Middle East,Qatar,Sports & Outdoors,Spalding NBA Basketball,2,50.77,28.0,73.11,28.0,20.47
ORD-005652,2025-11-16,CUST-00532,Jennifer Davis,37,Female,North America,Canada,Sports & Outdoors,Coleman 4-Person Camping Tent,1,205.65,0.0,205.65,18.7,38.46
ORD-005653,2025-11-16,CUST-01528,Jennifer Wilson,48,Female,Asia Pacific,Singapore,Electronics,iPhone 15 Pro,1,1435.77,5.0,1363.98,19.3,263.25
ORD-005654,2025-11-16,CUST-00863,Michael Jackson,25,Female,Asia Pacific,Japan,Home & Kitchen,KitchenAid Stand Mixer,3,403.14,32.0,822.41,36.7,301.82
ORD-005655,2025-11-16,CUST-00315,Jessica Anderson,27,Female,North America,USA,Home & Kitchen,Weighted Blanket 15lbs,1,71.46,32.0,48.59,23.3,11.32
ORD-005656,2025-11-16,CUST-00072,Olivia White,38,Male,Asia Pacific,India,Electronics,"LG OLED 55"" TV",1,2034.87,13.0,1770.34,11.7,207.13
ORD-005657,2025-11-16,CUST-00236,Wei Williams,51,Male,Middle East,Qatar,Electronics,Apple Watch Series 9,2,478.68,11.0,852.05,9.8,83.5
ORD-005658,2025-11-16,CUST-00724,Priya Fernandez,35,Male,Middle East,Qatar,Clothing,Ray-Ban Aviator Sunglasses,1,152.78,31.0,105.42,50.9,53.66
ORD-005659,2025-11-16,CUST-01592,Linda Wright,44,Male,Latin America,Argentina,Sports & Outdoors,Peloton Bike+,2,2764.33,38.0,3427.77,24.9,853.51
ORD-005660,2025-11-16,CUST-01097,Susan Flores,48,Male,Europe,Germany,Electronics,Dell XPS 15 Laptop,1,1438.65,17.0,1194.08,9.5,113.44
ORD-005661,2025-11-16,CUST-00124,Robert Khan,21,Male,Middle East,Saudi Arabia,Clothing,Puma Running Shorts,1,47.73,46.0,25.77,40.6,10.46
ORD-005662,2025-11-16,CUST-01380,Laila Young,32,Male,North America,USA,Electronics,Sony PlayStation 5,2,631.24,19.0,1022.61,16.4,167.71
ORD-005663,2025-11-16,CUST-00188,Michael Carter,35,Female,Asia Pacific,Japan,Beauty & Personal Care,Fenty Beauty Foundation,5,47.7,17.0,197.96,53.2,105.31
ORD-005664,2025-11-16,CUST-00051,Barbara Jackson,25,Female,Asia Pacific,Singapore,Clothing,North Face Fleece Jacket,4,145.74,38.0,361.44,52.0,187.95
ORD-005665,2025-11-16,CUST-00340,Noah Baker,48,Female,North America,Mexico,Electronics,Samsung Galaxy S24,1,1254.1,23.0,965.66,12.0,115.88
ORD-005666,2025-11-16,CUST-00018,Jessica Kim,31,Female,Europe,Spain,Clothing,Nike Air Max 270,1,127.0,9.0,115.57,35.7,41.26
ORD-005667,2025-11-16,CUST-01072,Patricia Green,25,Female,Asia Pacific,Australia,Clothing,Levi's 501 Jeans,4,70.86,11.0,252.26,49.0,123.61
ORD-005668,2025-11-16,CUST-00722,Patricia Taylor,40,Female,Asia Pacific,Japan,Home & Kitchen,Nespresso Vertuo Coffee Machine,1,229.49,0.0,229.49,20.6,47.27
ORD-005669,2025-11-17,CUST-00020,Laila Khan,22,Female,Europe,Netherlands,Clothing,Converse Chuck Taylor All Star,3,84.91,15.0,216.52,34.2,74.05
ORD-005670,2025-11-17,CUST-01520,Susan Lopez,42,Female,North America,USA,Home & Kitchen,IKEA KALLAX Shelf Unit,1,222.29,25.0,166.72,23.1,38.51
ORD-005671,2025-11-17,CUST-00729,James Baker,21,Male,Middle East,Qatar,Sports & Outdoors,Wilson Tennis Racket Pro,3,187.72,29.0,399.84,23.6,94.36
ORD-005672,2025-11-17,CUST-01224,Isabella Chen,41,Female,North America,USA,Electronics,Bose SoundLink Speaker,2,275.7,6.0,518.32,16.0,82.93
ORD-005673,2025-11-17,CUST-00366,Riley Wang,33,Male,Middle East,Qatar,Electronics,Samsung Galaxy S24,2,1205.85,0.0,2411.7,8.1,195.35
ORD-005674,2025-11-17,CUST-00534,Aiden Miller,37,Female,Latin America,Argentina,Electronics,Sony PlayStation 5,1,704.27,12.0,619.76,20.0,123.95
ORD-005675,2025-11-17,CUST-00459,Susan Santos,22,Female,Europe,France,Beauty & Personal Care,Olaplex No.3 Hair Perfector,5,38.16,12.0,167.9,49.7,83.45
ORD-005676,2025-11-17,CUST-00812,Wei Schmidt,60,Male,Europe,Germany,Electronics,iPhone 15 Pro,2,1111.44,0.0,2222.88,10.6,235.63
ORD-005677,2025-11-17,CUST-00746,Emma Schmidt,38,Male,Latin America,Argentina,Clothing,Ray-Ban Aviator Sunglasses,4,188.47,16.0,633.26,39.0,246.97
ORD-005678,2025-11-17,CUST-01499,Charles Ali,24,Male,North America,Canada,Home & Kitchen,Air Purifier HEPA,3,190.85,0.0,572.55,31.3,179.21
ORD-005679,2025-11-17,CUST-00146,Michael Smith,33,Female,Europe,Netherlands,Clothing,Gucci Belt,3,450.92,24.0,1028.1,51.4,528.44
ORD-005680,2025-11-17,CUST-00843,Jessica Singh,55,Male,Latin America,Brazil,Beauty & Personal Care,Philips Norelco Shaver,2,105.1,18.0,172.36,49.5,85.32
ORD-005681,2025-11-17,CUST-00575,Oliver Allen,32,Female,Europe,Spain,Home & Kitchen,Cuisinart 12-Piece Cookware Set,2,265.31,31.0,366.13,20.9,76.52
ORD-005682,2025-11-17,CUST-00102,Amelia Wang,39,Male,Middle East,Saudi Arabia,Clothing,Under Armour Sports Bra,2,47.19,31.0,65.12,35.1,22.86
ORD-005683,2025-11-17,CUST-01537,Riley Torres,42,Male,Latin America,Argentina,Home & Kitchen,Philips Hue Smart Bulb Set,2,90.24,7.0,167.85,27.7,46.49
ORD-005684,2025-11-17,CUST-00330,Thomas Williams,29,Female,Middle East,Qatar,Electronics,"LG OLED 55"" TV",2,1593.95,29.0,2263.41,14.5,328.19
ORD-005685,2025-11-17,CUST-00708,John Torres,18,Female,Middle East,UAE,Electronics,Apple Watch Series 9,2,494.87,17.0,821.48,18.7,153.62
ORD-005686,2025-11-17,CUST-00774,Mia Brown,32,Female,Middle East,Saudi Arabia,Beauty & Personal Care,Philips Norelco Shaver,4,134.85,4.0,517.82,43.3,224.22
ORD-005687,2025-11-17,CUST-00724,Priya Fernandez,35,Male,Middle East,Qatar,Clothing,Puma Running Shorts,4,31.34,40.0,75.22,30.5,22.94
ORD-005688,2025-11-17,CUST-01183,Chen Miller,28,Male,Asia Pacific,Singapore,Electronics,Canon EOS R50 Camera,1,845.12,5.0,802.86,15.9,127.65
ORD-005689,2025-11-17,CUST-01527,Lisa Chen,39,Female,Latin America,Colombia,Clothing,Levi's 501 Jeans,4,83.22,0.0,332.88,37.0,123.17
ORD-005690,2025-11-17,CUST-00345,Layla Wright,35,Male,North America,Mexico,Clothing,Puma Running Shorts,2,44.1,38.0,54.68,30.9,16.9
ORD-005691,2025-11-17,CUST-00123,Lisa Patel,35,Male,North America,Mexico,Home & Kitchen,Weighted Blanket 15lbs,3,76.62,15.0,195.38,27.2,53.14
ORD-005692,2025-11-17,CUST-01124,Mia Rossi,39,Male,Latin America,Colombia,Home & Kitchen,LED Desk Lamp with USB,2,48.67,19.0,78.85,39.3,30.99
ORD-005693,2025-11-17,CUST-00676,Mason Dupont,41,Female,North America,USA,Electronics,USB-C Hub 7-in-1,1,65.34,0.0,65.34,14.7,9.6
ORD-005694,2025-11-17,CUST-00326,Amelia Fernandez,33,Male,Latin America,Argentina,Sports & Outdoors,Yoga Mat Premium Non-Slip,3,40.26,18.0,99.04,26.7,26.44
ORD-005695,2025-11-17,CUST-00303,Ravi Rossi,32,Female,Europe,Italy,Clothing,Puma Running Shorts,3,42.24,27.0,92.51,44.6,41.26
ORD-005696,2025-11-18,CUST-00813,Lucas Mitchell,27,Male,Asia Pacific,Australia,Home & Kitchen,Dyson V15 Vacuum,1,763.02,0.0,763.02,28.2,215.17
ORD-005697,2025-11-18,CUST-00520,Ali Jackson,42,Male,Middle East,Saudi Arabia,Electronics,Sony PlayStation 5,1,651.77,10.0,586.59,12.0,70.39
ORD-005698,2025-11-18,CUST-01130,Ahmed Müller,41,Female,Latin America,Brazil,Home & Kitchen,IKEA KALLAX Shelf Unit,1,178.68,20.0,142.94,38.3,54.75
ORD-005699,2025-11-18,CUST-00431,Ethan Müller,18,Female,Europe,Italy,Electronics,Sony PlayStation 5,2,647.33,0.0,1294.66,20.0,258.93
ORD-005700,2025-11-18,CUST-01598,Liam Lopez,55,Female,Asia Pacific,South Korea,Beauty & Personal Care,Oral-B Electric Toothbrush Pro,5,80.26,14.0,345.12,49.0,169.11
ORD-005701,2025-11-18,CUST-00607,Layla Carter,47,Female,Europe,Italy,Electronics,USB-C Hub 7-in-1,1,88.98,0.0,88.98,18.0,16.02
ORD-005702,2025-11-18,CUST-01184,Riley Kim,20,Female,Latin America,Argentina,Sports & Outdoors,Coleman 4-Person Camping Tent,3,114.21,34.0,226.14,21.5,48.62
ORD-005703,2025-11-18,CUST-01011,Patricia King,61,Male,Latin America,Argentina,Home & Kitchen,French Press Coffee Maker,2,47.24,0.0,94.48,27.4,25.89
ORD-005704,2025-11-18,CUST-00148,Linda Jones,45,Female,North America,Canada,Clothing,H&M Cotton T-Shirt Pack,2,25.09,9.0,45.66,47.2,21.55
ORD-005705,2025-11-18,CUST-00256,Susan Anderson,43,Male,Asia Pacific,India,Clothing,Nike Air Max 270,4,129.79,4.0,498.39,45.1,224.77
ORD-005706,2025-11-18,CUST-01562,Barbara Santos,25,Male,Middle East,Saudi Arabia,Home & Kitchen,KitchenAid Stand Mixer,3,455.22,29.0,969.62,36.6,354.88
ORD-005707,2025-11-18,CUST-00342,Sarah Fernandez,62,Male,North America,USA,Clothing,Converse Chuck Taylor All Star,2,82.47,0.0,164.94,40.5,66.8
ORD-005708,2025-11-18,CUST-00095,Mia Nguyen,38,Male,Europe,Italy,Home & Kitchen,Instant Pot Duo 7-in-1,3,143.45,0.0,430.35,28.9,124.37
ORD-005709,2025-11-18,CUST-01286,Richard Scott,22,Female,Europe,Netherlands,Home & Kitchen,Ninja Air Fryer XL,1,136.12,2.0,133.4,29.8,39.75
ORD-005710,2025-11-18,CUST-01137,Carlos Lee,25,Male,Europe,UK,Electronics,Apple Watch Series 9,1,518.29,33.0,347.25,9.1,31.6
ORD-005711,2025-11-18,CUST-01359,Thomas Taylor,33,Male,Latin America,Colombia,Home & Kitchen,Bamboo Cutting Board Set,3,44.27,29.0,94.3,39.4,37.15
ORD-005712,2025-11-18,CUST-01228,Sofia Smith,19,Male,Europe,France,Electronics,iPad Pro 11-inch,1,1036.99,14.0,891.81,9.7,86.51
ORD-005713,2025-11-18,CUST-01695,Jessica Dupont,18,Female,Europe,Spain,Sports & Outdoors,Hydro Flask 32oz Water Bottle,2,67.28,31.0,92.85,24.1,22.38
ORD-005714,2025-11-18,CUST-00279,Mia Santos,18,Female,North America,USA,Sports & Outdoors,Coleman 4-Person Camping Tent,3,118.52,0.0,355.56,23.3,82.85
ORD-005715,2025-11-18,CUST-00726,Chen Martinez,18,Female,North America,USA,Electronics,Dell XPS 15 Laptop,2,1376.2,34.0,1816.58,12.4,225.26
ORD-005716,2025-11-18,CUST-00496,Ali Martin,28,Male,North America,Canada,Sports & Outdoors,Bowflex SelectTech Dumbbells,3,355.17,20.0,852.41,34.6,294.93
ORD-005717,2025-11-18,CUST-00134,Charlotte Thompson,32,Female,Middle East,UAE,Clothing,Under Armour Sports Bra,4,69.01,43.0,157.34,35.4,55.7
ORD-005718,2025-11-18,CUST-00860,Susan Harris,59,Male,Latin America,Brazil,Sports & Outdoors,Coleman 4-Person Camping Tent,1,140.13,25.0,105.1,31.1,32.69
ORD-005719,2025-11-19,CUST-01096,Ethan Harris,23,Female,Middle East,UAE,Sports & Outdoors,Wilson Tennis Racket Pro,3,153.52,33.0,308.58,36.1,111.4
ORD-005720,2025-11-19,CUST-00656,Rafael Martin,38,Male,Europe,UK,Sports & Outdoors,Peloton Bike+,2,2876.6,38.0,3566.98,29.1,1037.99
ORD-005721,2025-11-19,CUST-00217,Aiden Johnson,37,Male,North America,Mexico,Home & Kitchen,Nespresso Vertuo Coffee Machine,1,270.27,0.0,270.27,30.4,82.16
ORD-005722,2025-11-19,CUST-01595,Patricia Walker,31,Female,Europe,Spain,Home & Kitchen,Philips Hue Smart Bulb Set,3,94.53,18.0,232.54,28.7,66.74
ORD-005723,2025-11-19,CUST-01702,Fatima Garcia,50,Female,Europe,France,Electronics,iPhone 15 Pro,2,1120.75,35.0,1456.98,17.9,260.8
ORD-005724,2025-11-19,CUST-01655,Isabella Martinez,24,Female,North America,USA,Beauty & Personal Care,Foreo LUNA Face Massager,5,119.97,0.0,599.85,55.8,334.72
ORD-005725,2025-11-19,CUST-01457,David Flores,66,Male,Europe,France,Home & Kitchen,Roomba i7+ Robot Vacuum,2,817.84,4.0,1570.25,28.9,453.8
ORD-005726,2025-11-19,CUST-01718,Fatima Johnson,32,Female,Europe,Italy,Electronics,Bose SoundLink Speaker,1,214.37,28.0,154.35,12.1,18.68
ORD-005727,2025-11-19,CUST-01209,Ahmed Lopez,36,Female,Latin America,Colombia,Home & Kitchen,Dyson V15 Vacuum,3,724.02,0.0,2172.06,25.0,543.01
ORD-005728,2025-11-19,CUST-01386,Isabella White,38,Female,Europe,France,Clothing,Adidas Ultraboost Shoes,1,171.54,0.0,171.54,46.6,79.94
ORD-005729,2025-11-19,CUST-00320,Sarah Patel,52,Female,Middle East,UAE,Home & Kitchen,KitchenAid Stand Mixer,1,511.57,28.0,368.33,28.6,105.34
ORD-005730,2025-11-19,CUST-01227,Layla Allen,25,Male,Europe,Netherlands,Electronics,Canon EOS R50 Camera,2,783.91,0.0,1567.82,15.6,244.58
ORD-005731,2025-11-19,CUST-01185,Harry Wilson,29,Male,North America,USA,Beauty & Personal Care,Charlotte Tilbury Lipstick,5,35.81,0.0,179.05,44.3,79.32
ORD-005732,2025-11-19,CUST-00366,Riley Wang,33,Male,Middle East,Qatar,Clothing,Ray-Ban Aviator Sunglasses,2,184.52,26.0,273.09,52.0,142.01
ORD-005733,2025-11-19,CUST-00761,Priya Mitchell,20,Female,North America,Canada,Electronics,Samsung Galaxy S24,2,1223.72,14.0,2104.8,14.6,307.3
ORD-005734,2025-11-19,CUST-00410,Sarah Brown,47,Male,Europe,UK,Clothing,Puma Running Shorts,1,35.86,0.0,35.86,34.2,12.26
ORD-005735,2025-11-19,CUST-00004,Ana Kim,32,Male,North America,Mexico,Home & Kitchen,Cuisinart 12-Piece Cookware Set,3,277.17,0.0,831.51,20.2,167.97
ORD-005736,2025-11-19,CUST-01083,Ethan Martin,43,Male,Middle East,Qatar,Electronics,Ring Video Doorbell,1,131.87,0.0,131.87,18.3,24.13
ORD-005737,2025-11-19,CUST-00615,Susan Williams,34,Male,Asia Pacific,Singapore,Beauty & Personal Care,Dyson Airwrap Styler,1,674.41,29.0,478.83,57.4,274.85
ORD-005738,2025-11-19,CUST-01083,Ethan Martin,43,Male,Middle East,Qatar,Beauty & Personal Care,Olaplex No.3 Hair Perfector,5,37.65,5.0,178.84,47.0,84.05
ORD-005739,2025-11-19,CUST-00859,Jessica Nguyen,53,Female,Asia Pacific,Australia,Clothing,Puma Running Shorts,3,31.8,0.0,95.4,49.8,47.51
ORD-005740,2025-11-19,CUST-00100,Ravi Flores,44,Female,Middle East,Qatar,Sports & Outdoors,Yoga Mat Premium Non-Slip,2,48.57,20.0,77.71,33.0,25.64
ORD-005741,2025-11-19,CUST-01270,Jennifer Schmidt,23,Male,North America,USA,Electronics,Ring Video Doorbell,1,195.38,12.0,171.93,12.2,20.98
ORD-005742,2025-11-19,CUST-01635,Muhammad Johnson,18,Male,North America,Mexico,Sports & Outdoors,Bowflex SelectTech Dumbbells,3,400.44,0.0,1201.32,27.9,335.17
ORD-005743,2025-11-19,CUST-00484,Lucas Müller,37,Male,Latin America,Argentina,Clothing,Levi's 501 Jeans,1,83.88,8.0,77.17,30.7,23.69
ORD-005744,2025-11-19,CUST-00607,Layla Carter,47,Female,Europe,Italy,Home & Kitchen,Philips Hue Smart Bulb Set,2,101.19,19.0,163.93,21.4,35.08
ORD-005745,2025-11-20,CUST-00636,Charlotte Ali,34,Male,North America,USA,Home & Kitchen,Instant Pot Duo 7-in-1,2,106.25,0.0,212.5,33.7,71.61
ORD-005746,2025-11-20,CUST-01517,Lucas Miller,39,Male,Latin America,Brazil,Clothing,North Face Fleece Jacket,3,131.04,24.0,298.77,53.9,161.04
ORD-005747,2025-11-20,CUST-01681,Harry Smith,45,Male,Europe,Italy,Electronics,Dell XPS 15 Laptop,1,1421.82,19.0,1151.67,14.8,170.45
ORD-005748,2025-11-20,CUST-00795,Lucas Roberts,50,Female,Latin America,Colombia,Home & Kitchen,IKEA KALLAX Shelf Unit,3,195.12,22.0,456.58,25.3,115.51
ORD-005749,2025-11-20,CUST-00584,Aiden Jones,46,Male,North America,Canada,Home & Kitchen,Smart Thermostat Google Nest,2,200.28,3.0,388.54,26.0,101.02
ORD-005750,2025-11-20,CUST-01423,Lucas Martinez,33,Female,Europe,France,Clothing,Puma Running Shorts,2,46.53,0.0,93.06,36.6,34.06
ORD-005751,2025-11-20,CUST-01307,Oliver Ali,42,Male,Latin America,Colombia,Home & Kitchen,French Press Coffee Maker,1,50.84,33.0,34.06,29.8,10.15
ORD-005752,2025-11-20,CUST-00064,Linda Miller,39,Female,North America,USA,Electronics,Apple Watch Series 9,2,512.83,14.0,882.07,11.6,102.32
ORD-005753,2025-11-20,CUST-00967,Jennifer Scott,45,Female,Latin America,Argentina,Beauty & Personal Care,Philips Norelco Shaver,2,105.48,7.0,196.19,41.5,81.42
ORD-005754,2025-11-20,CUST-00474,Richard Allen,47,Male,Middle East,Saudi Arabia,Clothing,Gucci Belt,3,462.36,0.0,1387.08,33.0,457.74
ORD-005755,2025-11-20,CUST-01783,Sarah Baker,21,Male,Europe,Spain,Beauty & Personal Care,Bioderma Micellar Water 500ml,1,14.37,0.0,14.37,35.5,5.1
ORD-005756,2025-11-20,CUST-01635,Muhammad Johnson,18,Male,North America,Mexico,Clothing,Puma Running Shorts,4,41.88,13.0,145.74,42.7,62.23
ORD-005757,2025-11-20,CUST-00951,Emma Müller,50,Female,Middle East,UAE,Electronics,Apple MacBook Air M2,1,1469.9,0.0,1469.9,14.9,219.02
ORD-005758,2025-11-20,CUST-01121,John Singh,34,Male,Asia Pacific,Japan,Clothing,Adidas Ultraboost Shoes,2,182.05,25.0,273.08,50.6,138.18
ORD-005759,2025-11-20,CUST-01694,Yuki Lopez,33,Male,Asia Pacific,Australia,Sports & Outdoors,Wilson Tennis Racket Pro,3,201.07,0.0,603.21,27.8,167.69
ORD-005760,2025-11-20,CUST-00043,Mia Dupont,39,Female,Asia Pacific,Singapore,Sports & Outdoors,Garmin GPS Running Watch,3,357.21,0.0,1071.63,27.6,295.77
ORD-005761,2025-11-20,CUST-00554,Charles Williams,52,Male,Latin America,Brazil,Electronics,"LG OLED 55"" TV",2,1657.46,2.0,3248.62,12.7,412.57
ORD-005762,2025-11-21,CUST-00382,Fatima Lee,21,Female,Latin America,Brazil,Sports & Outdoors,Resistance Bands Set,3,41.93,7.0,116.98,34.1,39.89
ORD-005763,2025-11-21,CUST-00305,Mia Fernandez,28,Female,Europe,France,Home & Kitchen,Nespresso Vertuo Coffee Machine,1,264.87,18.0,217.19,29.5,64.07
ORD-005764,2025-11-21,CUST-01321,Olivia Nguyen,34,Female,Latin America,Brazil,Beauty & Personal Care,Olaplex No.3 Hair Perfector,1,35.0,15.0,29.75,41.3,12.29
ORD-005765,2025-11-21,CUST-01469,Mary Roberts,45,Male,Latin America,Brazil,Clothing,Ray-Ban Aviator Sunglasses,4,177.47,26.0,525.31,46.4,243.74
ORD-005766,2025-11-21,CUST-00526,Muhammad Williams,35,Female,Latin America,Colombia,Home & Kitchen,IKEA KALLAX Shelf Unit,1,227.81,27.0,166.3,39.9,66.35
ORD-005767,2025-11-21,CUST-00128,Yuki Green,41,Female,North America,Canada,Electronics,Bose SoundLink Speaker,1,263.56,5.0,250.38,18.2,45.57
ORD-005768,2025-11-21,CUST-00710,Karen Nelson,54,Female,Asia Pacific,India,Clothing,Tommy Hilfiger Polo Shirt,2,67.21,0.0,134.42,53.9,72.45
ORD-005769,2025-11-21,CUST-01433,Jessica Singh,29,Female,Europe,Spain,Sports & Outdoors,Camping Sleeping Bag -10°C,3,90.43,0.0,271.29,28.1,76.23
ORD-005770,2025-11-21,CUST-00436,Ana Khan,18,Male,Middle East,UAE,Home & Kitchen,Cuisinart 12-Piece Cookware Set,1,228.85,24.0,173.93,36.5,63.48
ORD-005771,2025-11-21,CUST-00163,Mason Garcia,52,Female,Middle East,Saudi Arabia,Electronics,iPad Pro 11-inch,1,1083.38,0.0,1083.38,11.0,119.17
ORD-005772,2025-11-21,CUST-00458,Carlos Nguyen,37,Female,Middle East,Qatar,Beauty & Personal Care,Philips Norelco Shaver,3,142.96,26.0,317.37,37.6,119.33
ORD-005773,2025-11-21,CUST-00537,Fatima Taylor,28,Male,Europe,Spain,Home & Kitchen,Weighted Blanket 15lbs,2,100.71,0.0,201.42,28.3,57.0
ORD-005774,2025-11-21,CUST-00502,Jennifer Fernandez,30,Female,Middle East,UAE,Electronics,"LG OLED 55"" TV",1,1985.78,0.0,1985.78,18.0,357.44
ORD-005775,2025-11-21,CUST-00253,Fatima Fernandez,47,Female,Latin America,Brazil,Beauty & Personal Care,Neutrogena SPF 50 Sunscreen,2,20.44,0.0,40.88,51.9,21.22
ORD-005776,2025-11-21,CUST-01462,Yuki Flores,49,Male,North America,Mexico,Sports & Outdoors,Camping Sleeping Bag -10°C,3,98.59,19.0,239.57,21.6,51.75
ORD-005777,2025-11-21,CUST-01755,Carlos Brown,21,Female,Latin America,Brazil,Electronics,Samsung Galaxy S24,1,1059.19,20.0,847.35,10.5,88.97
ORD-005778,2025-11-21,CUST-00703,Oliver Müller,42,Male,Latin America,Argentina,Home & Kitchen,French Press Coffee Maker,3,31.01,19.0,75.35,35.0,26.37
ORD-005779,2025-11-21,CUST-00938,Olivia Carter,30,Female,Europe,France,Clothing,Converse Chuck Taylor All Star,1,77.65,14.0,66.78,46.5,31.05
ORD-005780,2025-11-21,CUST-01392,Susan Smith,37,Female,North America,Canada,Home & Kitchen,Nespresso Vertuo Coffee Machine,2,179.56,1.0,355.53,28.9,102.75
ORD-005781,2025-11-21,CUST-01788,Lucas Chen,44,Female,Middle East,Saudi Arabia,Beauty & Personal Care,Philips Norelco Shaver,5,103.49,26.0,382.91,40.4,154.7
ORD-005782,2025-11-21,CUST-00291,Michael Roberts,35,Female,Asia Pacific,Japan,Clothing,Zara Wool Coat,1,157.56,29.0,111.87,32.7,36.58
ORD-005783,2025-11-22,CUST-00065,Chen White,38,Female,Europe,France,Sports & Outdoors,Fitbit Charge 6,1,206.64,41.0,121.92,21.5,26.21
ORD-005784,2025-11-22,CUST-01267,Fatima Taylor,18,Female,Middle East,UAE,Home & Kitchen,LED Desk Lamp with USB,3,46.38,0.0,139.14,22.1,30.75
ORD-005785,2025-11-22,CUST-00957,Harry Miller,30,Male,Europe,Spain,Sports & Outdoors,Bowflex SelectTech Dumbbells,3,398.72,26.0,885.16,26.2,231.91
ORD-005786,2025-11-22,CUST-00621,Laila Chen,19,Female,Asia Pacific,South Korea,Electronics,"LG OLED 55"" TV",1,1834.46,10.0,1651.01,15.5,255.91
ORD-005787,2025-11-22,CUST-00182,Barbara Flores,36,Female,Asia Pacific,South Korea,Home & Kitchen,Dyson V15 Vacuum,2,814.52,31.0,1124.04,23.7,266.4
ORD-005788,2025-11-22,CUST-01422,Charlotte Nelson,41,Male,Asia Pacific,South Korea,Home & Kitchen,Weighted Blanket 15lbs,3,69.89,3.0,203.38,27.9,56.74
ORD-005789,2025-11-22,CUST-01183,Chen Miller,28,Male,Asia Pacific,Singapore,Sports & Outdoors,Coleman 4-Person Camping Tent,2,197.8,0.0,395.6,26.8,106.02
ORD-005790,2025-11-22,CUST-01137,Carlos Lee,25,Male,Europe,UK,Beauty & Personal Care,Charlotte Tilbury Lipstick,2,36.72,17.0,60.96,50.6,30.85
ORD-005791,2025-11-22,CUST-01603,Ali Wang,57,Male,North America,USA,Clothing,Ray-Ban Aviator Sunglasses,3,188.55,45.0,311.11,50.0,155.56
ORD-005792,2025-11-22,CUST-00022,Linda Anderson,20,Male,Middle East,UAE,Electronics,Apple MacBook Air M2,1,1275.09,30.0,892.56,11.8,105.32
ORD-005793,2025-11-22,CUST-01220,Mia Torres,37,Male,North America,USA,Electronics,Canon EOS R50 Camera,2,977.8,0.0,1955.6,8.4,164.27
ORD-005794,2025-11-22,CUST-00725,Hana Thomas,37,Male,North America,Canada,Sports & Outdoors,Coleman 4-Person Camping Tent,2,199.61,34.0,263.49,22.0,57.97
ORD-005795,2025-11-22,CUST-00299,Oliver Miller,27,Female,Europe,UK,Beauty & Personal Care,Tatcha Rice Wash Cleanser,2,54.65,5.0,103.83,55.6,57.73
ORD-005796,2025-11-22,CUST-00533,Mia Lopez,29,Female,Asia Pacific,India,Home & Kitchen,Dyson V15 Vacuum,3,854.19,19.0,2075.68,27.5,570.81
ORD-005797,2025-11-22,CUST-00047,Patricia Kim,36,Male,Middle East,Qatar,Home & Kitchen,Ninja Air Fryer XL,3,126.44,3.0,367.94,24.9,91.62
ORD-005798,2025-11-22,CUST-00728,Sofia Carter,49,Female,Europe,Italy,Electronics,iPhone 15 Pro,2,1228.25,24.0,1866.94,13.6,253.9
ORD-005799,2025-11-22,CUST-00905,Priya Ali,26,Male,Europe,Spain,Beauty & Personal Care,Neutrogena SPF 50 Sunscreen,4,15.58,29.0,44.25,58.4,25.84
ORD-005800,2025-11-22,CUST-01611,Linda Miller,21,Male,Middle East,Saudi Arabia,Home & Kitchen,Roomba i7+ Robot Vacuum,2,831.04,26.0,1229.94,39.6,487.06
ORD-005801,2025-11-22,CUST-01265,Ravi Williams,18,Male,Europe,France,Beauty & Personal Care,Fenty Beauty Foundation,3,50.45,31.0,104.43,39.1,40.83
ORD-005802,2025-11-22,CUST-00896,Chen Patel,45,Female,Europe,Spain,Electronics,GoPro Hero 12,2,488.78,33.0,654.97,14.2,93.01
ORD-005803,2025-11-22,CUST-01240,Jessica Chen,31,Female,North America,USA,Clothing,Converse Chuck Taylor All Star,1,80.59,0.0,80.59,51.1,41.18
ORD-005804,2025-11-22,CUST-01394,Sophia Torres,40,Male,North America,USA,Beauty & Personal Care,Neutrogena SPF 50 Sunscreen,4,23.87,30.0,66.84,37.8,25.27
ORD-005805,2025-11-22,CUST-00037,Zara Roberts,24,Male,North America,Canada,Sports & Outdoors,Wilson Tennis Racket Pro,1,175.62,4.0,168.6,27.2,45.86
ORD-005806,2025-11-22,CUST-00793,Michael Torres,60,Male,Middle East,Qatar,Beauty & Personal Care,Bath & Body Works Candle Set,5,58.62,19.0,237.41,59.2,140.55
ORD-005807,2025-11-22,CUST-00900,Mia Ahmed,28,Female,Asia Pacific,Australia,Electronics,USB-C Hub 7-in-1,1,51.27,31.0,35.38,12.7,4.49
ORD-005808,2025-11-22,CUST-00107,Jessica Nguyen,35,Male,Middle East,Saudi Arabia,Electronics,Dell XPS 15 Laptop,2,1681.6,0.0,3363.2,18.4,618.83
ORD-005809,2025-11-23,CUST-01459,Amelia Allen,38,Female,Middle East,Qatar,Sports & Outdoors,Peloton Bike+,1,2573.77,3.0,2496.56,18.5,461.86
ORD-005810,2025-11-23,CUST-01015,Ana Flores,26,Female,Asia Pacific,Japan,Beauty & Personal Care,Bioderma Micellar Water 500ml,5,16.13,18.0,66.13,53.5,35.38
ORD-005811,2025-11-23,CUST-00086,Ahmed Walker,20,Male,Latin America,Argentina,Home & Kitchen,Bamboo Cutting Board Set,2,57.13,0.0,114.26,23.0,26.28
ORD-005812,2025-11-23,CUST-01026,John Patel,36,Male,Middle East,UAE,Electronics,Apple MacBook Air M2,1,1350.88,0.0,1350.88,10.4,140.49
ORD-005813,2025-11-23,CUST-00295,Hana Lopez,46,Female,Asia Pacific,South Korea,Home & Kitchen,IKEA KALLAX Shelf Unit,1,159.74,0.0,159.74,36.8,58.78
ORD-005814,2025-11-23,CUST-00073,Olivia Fernandez,48,Male,Europe,Netherlands,Electronics,Samsung Galaxy S24,2,1091.97,0.0,2183.94,12.8,279.54
ORD-005815,2025-11-23,CUST-00126,Muhammad Hill,47,Female,Latin America,Brazil,Sports & Outdoors,Trek FX3 Bicycle,1,986.71,0.0,986.71,31.8,313.77
ORD-005816,2025-11-23,CUST-00065,Chen White,38,Female,Europe,France,Home & Kitchen,French Press Coffee Maker,1,48.24,7.0,44.86,28.0,12.56
ORD-005817,2025-11-23,CUST-01129,Ali Dupont,43,Male,Latin America,Brazil,Sports & Outdoors,Trek FX3 Bicycle,2,853.95,2.0,1673.74,37.4,625.98
ORD-005818,2025-11-23,CUST-00551,Riley Wilson,32,Male,North America,Canada,Electronics,USB-C Hub 7-in-1,2,73.54,36.0,94.13,9.6,9.04
ORD-005819,2025-11-23,CUST-00885,Ava Kim,27,Male,Asia Pacific,India,Home & Kitchen,Air Purifier HEPA,3,255.87,9.0,698.53,30.5,213.05
ORD-005820,2025-11-23,CUST-00925,Oliver Ahmed,45,Male,Asia Pacific,Australia,Home & Kitchen,Cuisinart 12-Piece Cookware Set,2,238.66,0.0,477.32,34.9,166.58
ORD-005821,2025-11-23,CUST-00651,Yuki Martinez,48,Male,Middle East,UAE,Clothing,H&M Cotton T-Shirt Pack,3,34.94,10.0,94.34,46.2,43.59
ORD-005822,2025-11-23,CUST-00363,David Singh,54,Male,Latin America,Colombia,Clothing,Timberland Boots,2,197.79,0.0,395.58,54.7,216.38
ORD-005823,2025-11-23,CUST-01596,James Davis,45,Female,Europe,Germany,Home & Kitchen,LED Desk Lamp with USB,1,60.03,24.0,45.62,27.8,12.68
ORD-005824,2025-11-24,CUST-00329,Emma Walker,39,Male,North America,USA,Beauty & Personal Care,Charlotte Tilbury Lipstick,4,43.28,0.0,173.12,51.8,89.68
ORD-005825,2025-11-24,CUST-00057,Thomas White,26,Female,Latin America,Colombia,Sports & Outdoors,Hydro Flask 32oz Water Bottle,1,49.89,0.0,49.89,25.6,12.77
ORD-005826,2025-11-24,CUST-01499,Charles Ali,24,Male,North America,Canada,Beauty & Personal Care,Neutrogena SPF 50 Sunscreen,2,16.11,0.0,32.22,51.5,16.59
ORD-005827,2025-11-24,CUST-00678,Oliver Patel,38,Female,Middle East,UAE,Beauty & Personal Care,Philips Norelco Shaver,2,100.47,8.0,184.86,52.6,97.24
ORD-005828,2025-11-24,CUST-00871,Susan Kim,22,Male,Middle East,Qatar,Electronics,iPad Pro 11-inch,2,1089.65,5.0,2070.34,9.7,200.82
ORD-005829,2025-11-24,CUST-01410,Ali Ali,18,Male,Middle East,Saudi Arabia,Beauty & Personal Care,Oral-B Electric Toothbrush Pro,2,88.9,31.0,122.68,50.3,61.71
ORD-005830,2025-11-24,CUST-01053,Emma Baker,36,Male,North America,Canada,Electronics,GoPro Hero 12,1,513.71,0.0,513.71,16.3,83.73
ORD-005831,2025-11-24,CUST-01284,Ethan Jackson,37,Female,Latin America,Colombia,Sports & Outdoors,TRX Suspension Trainer,3,201.64,15.0,514.18,32.3,166.08
ORD-005832,2025-11-24,CUST-01344,Noah Scott,53,Female,Europe,Netherlands,Electronics,Ring Video Doorbell,1,132.05,31.0,91.11,17.2,15.67
ORD-005833,2025-11-24,CUST-01579,Ali Rossi,42,Female,North America,Canada,Home & Kitchen,Roomba i7+ Robot Vacuum,1,902.09,0.0,902.09,34.8,313.93
ORD-005834,2025-11-24,CUST-00676,Mason Dupont,41,Female,North America,USA,Beauty & Personal Care,Moroccanoil Hair Oil,2,35.17,25.0,52.76,54.3,28.65
ORD-005835,2025-11-24,CUST-00307,Hana Adams,36,Male,Europe,France,Beauty & Personal Care,Philips Norelco Shaver,1,171.77,0.0,171.77,51.8,88.98
ORD-005836,2025-11-24,CUST-00279,Mia Santos,18,Female,North America,USA,Electronics,iPhone 15 Pro,1,1305.63,0.0,1305.63,19.4,253.29
ORD-005837,2025-11-24,CUST-00479,William Wang,29,Female,North America,USA,Sports & Outdoors,Camping Sleeping Bag -10°C,1,95.88,0.0,95.88,37.2,35.67
ORD-005838,2025-11-24,CUST-00088,Ethan Singh,37,Male,Latin America,Brazil,Sports & Outdoors,Resistance Bands Set,1,32.44,5.0,30.82,28.1,8.66
ORD-005839,2025-11-24,CUST-00788,Lucas Adams,18,Male,North America,USA,Sports & Outdoors,Wilson Tennis Racket Pro,1,191.23,40.0,114.74,21.5,24.67
ORD-005840,2025-11-24,CUST-01274,Wei Garcia,18,Female,Latin America,Brazil,Clothing,Zara Wool Coat,3,209.84,11.0,560.27,42.1,235.87
ORD-005841,2025-11-24,CUST-01035,Priya Wang,29,Male,Middle East,Qatar,Home & Kitchen,Bamboo Cutting Board Set,1,36.92,7.0,34.34,34.2,11.74
ORD-005842,2025-11-24,CUST-00390,Ana Patel,53,Female,Latin America,Colombia,Beauty & Personal Care,Oral-B Electric Toothbrush Pro,2,97.82,9.0,178.03,36.6,65.16
ORD-005843,2025-11-25,CUST-00759,Ahmed Wilson,35,Male,North America,USA,Clothing,Uniqlo Down Jacket,3,144.7,20.0,347.28,34.5,119.81
ORD-005844,2025-11-25,CUST-01380,Laila Young,32,Male,North America,USA,Sports & Outdoors,Hydro Flask 32oz Water Bottle,1,62.77,8.0,57.75,23.1,13.34
ORD-005845,2025-11-25,CUST-01189,Wei Baker,43,Male,North America,Mexico,Electronics,Sony WH-1000XM5 Headphones,1,413.1,0.0,413.1,17.0,70.23
ORD-005846,2025-11-25,CUST-01530,Hana Anderson,47,Female,North America,USA,Electronics,Samsung Galaxy S24,2,1339.93,22.0,2090.29,16.7,349.08
ORD-005847,2025-11-25,CUST-01415,Ava Miller,44,Female,Latin America,Brazil,Sports & Outdoors,Spalding NBA Basketball,1,48.33,0.0,48.33,23.5,11.36
ORD-005848,2025-11-25,CUST-00887,Olivia King,44,Female,Europe,Spain,Beauty & Personal Care,Bioderma Micellar Water 500ml,3,22.19,0.0,66.57,52.6,35.02
ORD-005849,2025-11-25,CUST-00189,Ethan Kim,38,Male,North America,Mexico,Electronics,iPad Pro 11-inch,2,1203.79,3.0,2335.35,9.5,221.86
ORD-005850,2025-11-25,CUST-00763,Ethan Flores,32,Male,North America,USA,Home & Kitchen,LED Desk Lamp with USB,1,61.71,10.0,55.54,23.5,13.05
ORD-005851,2025-11-25,CUST-00673,Emma Taylor,18,Female,North America,USA,Home & Kitchen,Roomba i7+ Robot Vacuum,2,702.82,35.0,913.67,31.3,285.98
ORD-005852,2025-11-25,CUST-01296,Zara Harris,21,Female,Europe,France,Beauty & Personal Care,Dyson Airwrap Styler,5,625.03,29.0,2218.86,51.5,1142.71
ORD-005853,2025-11-25,CUST-00556,Fatima Baker,40,Female,Latin America,Colombia,Clothing,Tommy Hilfiger Polo Shirt,4,64.48,32.0,175.39,32.5,57.0
ORD-005854,2025-11-25,CUST-00142,Richard White,27,Male,Asia Pacific,Japan,Sports & Outdoors,Wilson Tennis Racket Pro,2,163.64,0.0,327.28,32.1,105.06
ORD-005855,2025-11-25,CUST-01416,Olivia Brown,39,Female,Asia Pacific,India,Beauty & Personal Care,CeraVe Moisturizing Cream,1,21.05,19.0,17.05,59.3,10.11
ORD-005856,2025-11-25,CUST-00747,Yuki Thomas,32,Female,North America,Canada,Home & Kitchen,Smart Thermostat Google Nest,1,193.8,0.0,193.8,27.2,52.71
ORD-005857,2025-11-25,CUST-00732,Richard Anderson,36,Female,Asia Pacific,India,Clothing,Under Armour Sports Bra,3,65.32,0.0,195.96,45.8,89.75
ORD-005858,2025-11-25,CUST-01281,John Miller,45,Female,Asia Pacific,India,Electronics,Sony WH-1000XM5 Headphones,1,294.39,0.0,294.39,17.2,50.64
ORD-005859,2025-11-25,CUST-01791,Lisa Green,46,Female,Asia Pacific,Singapore,Sports & Outdoors,Garmin GPS Running Watch,1,455.55,37.0,287.0,19.9,57.11
ORD-005860,2025-11-25,CUST-00567,Amelia Martin,29,Female,Europe,Netherlands,Electronics,Ring Video Doorbell,2,204.51,1.0,404.93,13.9,56.29
ORD-005861,2025-11-25,CUST-00686,Sophia Patel,32,Male,Europe,UK,Clothing,Uniqlo Down Jacket,4,149.38,8.0,549.72,40.3,221.54
ORD-005862,2025-11-25,CUST-00221,Ava Green,60,Male,North America,USA,Beauty & Personal Care,Olaplex No.3 Hair Perfector,5,38.16,22.0,148.82,50.1,74.56
ORD-005863,2025-11-25,CUST-00836,Fatima Santos,66,Female,Europe,Spain,Beauty & Personal Care,Charlotte Tilbury Lipstick,2,39.35,32.0,53.52,47.8,25.58
ORD-005864,2025-11-25,CUST-00837,Mason Martin,44,Female,North America,USA,Clothing,Converse Chuck Taylor All Star,2,74.06,36.0,94.8,52.0,49.3
ORD-005865,2025-11-25,CUST-00235,Lucas Khan,18,Female,Middle East,Saudi Arabia,Electronics,Apple MacBook Air M2,1,1468.65,12.0,1292.41,10.6,137.0
ORD-005866,2025-11-26,CUST-00984,James Smith,42,Female,Asia Pacific,Australia,Beauty & Personal Care,Olaplex No.3 Hair Perfector,2,34.59,0.0,69.18,53.1,36.73
ORD-005867,2025-11-26,CUST-00572,Robert Lopez,34,Female,Middle East,Qatar,Clothing,Tommy Hilfiger Polo Shirt,3,88.49,0.0,265.47,50.3,133.53
ORD-005868,2025-11-26,CUST-01172,Carlos Singh,33,Male,Asia Pacific,Singapore,Electronics,USB-C Hub 7-in-1,2,57.08,0.0,114.16,18.9,21.58
ORD-005869,2025-11-26,CUST-01211,Charlotte Rossi,36,Female,North America,Mexico,Beauty & Personal Care,Charlotte Tilbury Lipstick,3,41.26,7.0,115.12,51.3,59.06
ORD-005870,2025-11-26,CUST-00544,Olivia King,43,Male,Middle East,Qatar,Clothing,North Face Fleece Jacket,4,173.82,0.0,695.28,32.9,228.75
ORD-005871,2025-11-26,CUST-00971,Karen Flores,41,Female,Asia Pacific,South Korea,Home & Kitchen,Weighted Blanket 15lbs,3,108.99,0.0,326.97,28.5,93.19
ORD-005872,2025-11-26,CUST-00792,Mason Hall,29,Female,Middle East,UAE,Home & Kitchen,Air Purifier HEPA,2,174.39,14.0,299.95,32.8,98.38
ORD-005873,2025-11-26,CUST-00516,Isabella Kim,48,Female,Asia Pacific,Singapore,Home & Kitchen,Weighted Blanket 15lbs,3,89.99,38.0,167.38,20.8,34.82
ORD-005874,2025-11-26,CUST-00523,Sarah Thompson,39,Female,Middle East,UAE,Home & Kitchen,IKEA KALLAX Shelf Unit,3,154.11,22.0,360.62,20.4,73.57
ORD-005875,2025-11-26,CUST-01552,Riley Thompson,41,Male,North America,Mexico,Sports & Outdoors,Peloton Bike+,2,2661.17,3.0,5162.67,24.4,1259.69
ORD-005876,2025-11-26,CUST-00043,Mia Dupont,39,Female,Asia Pacific,Singapore,Home & Kitchen,Instant Pot Duo 7-in-1,1,104.51,4.0,100.33,35.2,35.32
ORD-005877,2025-11-26,CUST-00342,Sarah Fernandez,62,Male,North America,USA,Clothing,Zara Wool Coat,4,237.36,0.0,949.44,31.5,299.07
ORD-005878,2025-11-26,CUST-01341,Muhammad Flores,22,Male,Europe,UK,Clothing,Calvin Klein Underwear Set,1,59.75,8.0,54.97,47.6,26.17
ORD-005879,2025-11-26,CUST-00020,Laila Khan,22,Female,Europe,Netherlands,Clothing,Uniqlo Down Jacket,3,129.41,34.0,256.23,40.7,104.29
ORD-005880,2025-11-26,CUST-00600,Carlos Torres,36,Female,Latin America,Argentina,Beauty & Personal Care,Dyson Airwrap Styler,3,643.92,26.0,1429.5,52.9,756.21
ORD-005881,2025-11-26,CUST-00657,Ravi Harris,54,Male,Latin America,Colombia,Home & Kitchen,Dyson V15 Vacuum,2,784.66,0.0,1569.32,33.8,530.43
ORD-005882,2025-11-27,CUST-01117,Sarah White,32,Female,Latin America,Brazil,Home & Kitchen,Bamboo Cutting Board Set,3,34.51,0.0,103.53,23.9,24.74
ORD-005883,2025-11-27,CUST-01155,Mia Scott,40,Male,Europe,Germany,Home & Kitchen,Weighted Blanket 15lbs,1,109.58,15.0,93.14,24.4,22.73
ORD-005884,2025-11-27,CUST-00829,Mia Schmidt,37,Female,Asia Pacific,Japan,Beauty & Personal Care,Moroccanoil Hair Oil,3,33.69,7.0,94.0,59.4,55.84
ORD-005885,2025-11-27,CUST-01791,Lisa Green,46,Female,Asia Pacific,Singapore,Home & Kitchen,KitchenAid Stand Mixer,3,414.1,21.0,981.42,35.0,343.5
ORD-005886,2025-11-27,CUST-00230,Karen Anderson,40,Male,Europe,Spain,Home & Kitchen,Roomba i7+ Robot Vacuum,1,910.39,0.0,910.39,31.8,289.5
ORD-005887,2025-11-27,CUST-00204,Carlos Lee,37,Female,Asia Pacific,South Korea,Electronics,Bose SoundLink Speaker,2,212.7,10.0,382.86,8.8,33.69
ORD-005888,2025-11-27,CUST-01187,Richard White,42,Female,Middle East,Qatar,Sports & Outdoors,Yoga Mat Premium Non-Slip,1,39.9,2.0,39.1,21.0,8.21
ORD-005889,2025-11-27,CUST-00111,Ava Allen,22,Male,Middle East,Saudi Arabia,Electronics,Samsung Galaxy S24,2,1172.8,0.0,2345.6,17.2,403.44
ORD-005890,2025-11-27,CUST-01671,Barbara Adams,23,Male,Asia Pacific,India,Sports & Outdoors,Fitbit Charge 6,3,172.24,29.0,366.87,18.4,67.5
ORD-005891,2025-11-27,CUST-00275,Robert Baker,33,Male,Europe,France,Home & Kitchen,Dyson V15 Vacuum,3,738.17,6.0,2081.64,25.0,520.41
ORD-005892,2025-11-27,CUST-00241,Ava Ahmed,29,Female,Latin America,Colombia,Home & Kitchen,Roomba i7+ Robot Vacuum,1,704.68,20.0,563.74,20.3,114.44
ORD-005893,2025-11-27,CUST-00883,Ava Adams,34,Female,Europe,Spain,Beauty & Personal Care,CeraVe Moisturizing Cream,2,26.22,8.0,48.24,35.2,16.98
ORD-005894,2025-11-27,CUST-00122,Priya Taylor,36,Male,Europe,Spain,Electronics,"LG OLED 55"" TV",1,1910.2,21.0,1509.06,13.4,202.21
ORD-005895,2025-11-27,CUST-00899,Wei Singh,18,Male,Latin America,Brazil,Electronics,Sony PlayStation 5,2,634.03,32.0,862.28,8.0,68.98
ORD-005896,2025-11-27,CUST-00024,Layla Thompson,37,Female,Middle East,Qatar,Electronics,Apple MacBook Air M2,2,1529.78,10.0,2753.6,8.7,239.56
ORD-005897,2025-11-28,CUST-00340,Noah Baker,48,Female,North America,Mexico,Electronics,Canon EOS R50 Camera,2,893.46,7.0,1661.84,16.7,277.53
ORD-005898,2025-11-28,CUST-01154,Priya Miller,29,Male,Asia Pacific,India,Sports & Outdoors,Trek FX3 Bicycle,2,834.61,15.0,1418.84,34.1,483.82
ORD-005899,2025-11-28,CUST-01255,Patricia Allen,19,Female,North America,USA,Beauty & Personal Care,Neutrogena SPF 50 Sunscreen,2,23.95,9.0,43.59,59.2,25.81
ORD-005900,2025-11-28,CUST-01296,Zara Harris,21,Female,Europe,France,Sports & Outdoors,Hydro Flask 32oz Water Bottle,2,48.05,14.0,82.65,27.7,22.89
ORD-005901,2025-11-28,CUST-01296,Zara Harris,21,Female,Europe,France,Sports & Outdoors,Peloton Bike+,1,2816.3,16.0,2365.69,33.9,801.97
ORD-005902,2025-11-28,CUST-01469,Mary Roberts,45,Male,Latin America,Brazil,Clothing,Puma Running Shorts,1,31.88,4.0,30.6,33.7,10.31
ORD-005903,2025-11-28,CUST-00711,Lisa Rossi,41,Male,North America,USA,Electronics,Dell XPS 15 Laptop,1,1782.93,14.0,1533.32,10.1,154.87
ORD-005904,2025-11-28,CUST-00196,Layla Nguyen,24,Male,Middle East,UAE,Electronics,Sony WH-1000XM5 Headphones,2,377.8,0.0,755.6,9.1,68.76
ORD-005905,2025-11-28,CUST-01501,Mia Schmidt,27,Male,Europe,UK,Electronics,GoPro Hero 12,1,424.21,13.0,369.06,8.1,29.89
ORD-005906,2025-11-28,CUST-01773,Laila Hill,26,Male,North America,Canada,Home & Kitchen,French Press Coffee Maker,1,40.07,12.0,35.26,31.9,11.25
ORD-005907,2025-11-28,CUST-00420,Karen Jackson,18,Female,Middle East,UAE,Electronics,Ring Video Doorbell,1,177.41,0.0,177.41,18.2,32.29
ORD-005908,2025-11-28,CUST-01227,Layla Allen,25,Male,Europe,Netherlands,Clothing,Converse Chuck Taylor All Star,2,73.59,25.0,110.39,47.8,52.77
ORD-005909,2025-11-28,CUST-01114,Lisa Dupont,37,Female,North America,Canada,Sports & Outdoors,Peloton Bike+,1,2786.62,0.0,2786.62,35.6,992.04
ORD-005910,2025-11-28,CUST-01629,Isabella White,28,Female,Europe,Netherlands,Home & Kitchen,Dyson V15 Vacuum,2,883.44,0.0,1766.88,35.1,620.17
ORD-005911,2025-11-28,CUST-01623,Muhammad Hill,23,Male,Latin America,Brazil,Clothing,Nike Air Max 270,2,144.17,0.0,288.34,48.4,139.56
ORD-005912,2025-11-28,CUST-00103,Karen Flores,32,Male,Latin America,Argentina,Beauty & Personal Care,Bioderma Micellar Water 500ml,5,22.82,29.0,81.01,40.5,32.81
ORD-005913,2025-11-28,CUST-01680,Charlotte Rossi,34,Female,Europe,Italy,Home & Kitchen,Ninja Air Fryer XL,3,148.88,3.0,433.24,39.8,172.43
ORD-005914,2025-11-28,CUST-00052,Laila Hall,28,Male,Europe,UK,Sports & Outdoors,Foam Roller Set,2,52.68,31.0,72.7,35.2,25.59
ORD-005915,2025-11-28,CUST-01064,Wei Anderson,18,Female,Asia Pacific,South Korea,Sports & Outdoors,Bowflex SelectTech Dumbbells,3,379.14,32.0,773.45,21.6,167.07
ORD-005916,2025-12-01,CUST-00086,Ahmed Walker,20,Male,Latin America,Argentina,Electronics,Canon EOS R50 Camera,2,862.01,14.0,1482.66,10.2,151.23
ORD-005917,2025-12-01,CUST-01567,Yuki Schmidt,32,Male,Europe,Spain,Home & Kitchen,KitchenAid Stand Mixer,2,456.66,37.0,575.39,39.6,227.85
ORD-005918,2025-12-01,CUST-00675,Olivia Thompson,51,Male,Europe,Germany,Clothing,Zara Wool Coat,3,167.7,18.0,412.54,31.1,128.3
ORD-005919,2025-12-01,CUST-01581,Olivia Walker,34,Male,Latin America,Colombia,Electronics,Apple MacBook Air M2,2,1391.24,2.0,2726.83,11.0,299.95
ORD-005920,2025-12-01,CUST-00086,Ahmed Walker,20,Male,Latin America,Argentina,Beauty & Personal Care,Foreo LUNA Face Massager,1,160.63,0.0,160.63,36.0,57.83
ORD-005921,2025-12-01,CUST-01742,Yuki Mitchell,38,Female,Europe,Germany,Clothing,H&M Cotton T-Shirt Pack,2,24.48,24.0,37.21,38.2,14.21
ORD-005922,2025-12-01,CUST-01629,Isabella White,28,Female,Europe,Netherlands,Electronics,iPhone 15 Pro,1,1270.92,36.0,813.39,14.2,115.5
ORD-005923,2025-12-01,CUST-00950,Sofia Fernandez,50,Female,Latin America,Argentina,Home & Kitchen,Air Purifier HEPA,3,205.85,3.0,599.02,25.1,150.35
ORD-005924,2025-12-01,CUST-01420,Karen Johnson,49,Female,Middle East,Qatar,Clothing,Adidas Ultraboost Shoes,4,202.33,0.0,809.32,31.7,256.55
ORD-005925,2025-12-01,CUST-00897,Jennifer White,35,Female,North America,Mexico,Home & Kitchen,Instant Pot Duo 7-in-1,3,91.57,0.0,274.71,29.5,81.04
ORD-005926,2025-12-01,CUST-00401,Sofia Fernandez,32,Female,Latin America,Argentina,Home & Kitchen,LED Desk Lamp with USB,3,37.46,11.0,100.02,38.2,38.21
ORD-005927,2025-12-01,CUST-01227,Layla Allen,25,Male,Europe,Netherlands,Home & Kitchen,Smart Thermostat Google Nest,3,170.86,18.0,420.32,37.6,158.04
ORD-005928,2025-12-01,CUST-00760,Linda Wright,18,Male,North America,Mexico,Clothing,Under Armour Sports Bra,1,54.49,36.0,34.87,39.1,13.63
ORD-005929,2025-12-01,CUST-00902,Harry Anderson,19,Female,North America,USA,Sports & Outdoors,Resistance Bands Set,2,38.14,22.0,59.5,32.0,19.04
ORD-005930,2025-12-01,CUST-00273,Michael Martin,26,Female,Asia Pacific,Japan,Beauty & Personal Care,Dyson Airwrap Styler,2,650.85,28.0,937.22,44.1,413.31
ORD-005931,2025-12-01,CUST-00057,Thomas White,26,Female,Latin America,Colombia,Clothing,Uniqlo Down Jacket,1,115.25,0.0,115.25,34.7,39.99
ORD-005932,2025-12-01,CUST-00340,Noah Baker,48,Female,North America,Mexico,Electronics,GoPro Hero 12,2,411.01,21.0,649.4,9.3,60.39
ORD-005933,2025-12-01,CUST-01670,Zara Hill,44,Female,North America,USA,Sports & Outdoors,Speedo Swim Goggles,3,32.38,39.0,59.26,29.6,17.54
ORD-005934,2025-12-01,CUST-01000,Susan Jackson,37,Female,North America,Mexico,Clothing,H&M Cotton T-Shirt Pack,2,31.44,48.0,32.7,44.7,14.62
ORD-005935,2025-12-01,CUST-01312,Laila Santos,32,Female,Latin America,Brazil,Clothing,Puma Running Shorts,1,49.5,15.0,42.07,35.8,15.06
ORD-005936,2025-12-01,CUST-00792,Mason Hall,29,Female,Middle East,UAE,Clothing,Timberland Boots,2,186.26,34.0,245.86,40.5,99.57
ORD-005937,2025-12-02,CUST-01675,Richard Singh,28,Female,Europe,UK,Clothing,Levi's 501 Jeans,3,90.22,0.0,270.66,39.9,107.99
ORD-005938,2025-12-02,CUST-01586,Robert Wright,22,Female,Middle East,UAE,Beauty & Personal Care,Tatcha Rice Wash Cleanser,5,47.38,17.0,196.63,47.2,92.81
ORD-005939,2025-12-02,CUST-00861,Susan Singh,47,Male,Asia Pacific,Australia,Sports & Outdoors,Resistance Bands Set,2,36.41,0.0,72.82,18.4,13.4
ORD-005940,2025-12-02,CUST-01644,Rafael Rossi,39,Male,Europe,Spain,Electronics,USB-C Hub 7-in-1,2,71.56,20.0,114.5,18.0,20.61
ORD-005941,2025-12-02,CUST-00129,Wei Martinez,41,Female,Middle East,UAE,Clothing,North Face Fleece Jacket,2,149.87,7.0,278.76,52.8,147.19
ORD-005942,2025-12-02,CUST-01562,Barbara Santos,25,Male,Middle East,Saudi Arabia,Electronics,Samsung Galaxy S24,2,1209.74,0.0,2419.48,19.3,466.96
ORD-005943,2025-12-02,CUST-00111,Ava Allen,22,Male,Middle East,Saudi Arabia,Clothing,Zara Wool Coat,3,183.57,0.0,550.71,38.3,210.92
ORD-005944,2025-12-02,CUST-00147,Mason Allen,41,Female,Asia Pacific,Singapore,Home & Kitchen,KitchenAid Stand Mixer,1,519.21,6.0,488.06,33.6,163.99
ORD-005945,2025-12-02,CUST-01169,Harry Martinez,38,Male,Latin America,Brazil,Home & Kitchen,Bamboo Cutting Board Set,3,48.2,34.0,95.44,32.6,31.11
ORD-005946,2025-12-02,CUST-00751,James Williams,34,Female,Middle East,Saudi Arabia,Sports & Outdoors,Garmin GPS Running Watch,3,315.63,8.0,871.14,26.5,230.85
ORD-005947,2025-12-02,CUST-00522,Harry Lopez,36,Male,Middle East,Saudi Arabia,Beauty & Personal Care,Charlotte Tilbury Lipstick,5,47.35,0.0,236.75,53.9,127.61
ORD-005948,2025-12-02,CUST-01096,Ethan Harris,23,Female,Middle East,UAE,Beauty & Personal Care,Neutrogena SPF 50 Sunscreen,4,18.6,40.0,44.64,36.0,16.07
ORD-005949,2025-12-02,CUST-01656,Amelia Thompson,46,Female,Latin America,Colombia,Sports & Outdoors,Foam Roller Set,3,47.38,22.0,110.87,22.5,24.95
ORD-005950,2025-12-02,CUST-01629,Isabella White,28,Female,Europe,Netherlands,Home & Kitchen,Nespresso Vertuo Coffee Machine,2,205.94,0.0,411.88,27.8,114.5
ORD-005951,2025-12-03,CUST-00966,Olivia Hall,31,Female,Latin America,Brazil,Clothing,Timberland Boots,4,216.31,12.0,761.41,40.5,308.37
ORD-005952,2025-12-03,CUST-01435,Noah Green,46,Male,North America,Mexico,Home & Kitchen,Bamboo Cutting Board Set,1,37.51,0.0,37.51,37.0,13.88
ORD-005953,2025-12-03,CUST-00718,Lucas Torres,18,Female,Asia Pacific,India,Clothing,Under Armour Sports Bra,4,71.42,13.0,248.54,38.7,96.18
ORD-005954,2025-12-03,CUST-00218,Hana Jones,35,Male,Latin America,Argentina,Clothing,Gucci Belt,2,416.25,15.0,707.62,48.0,339.66
ORD-005955,2025-12-03,CUST-00086,Ahmed Walker,20,Male,Latin America,Argentina,Home & Kitchen,Dyson V15 Vacuum,1,703.32,12.0,618.92,36.6,226.52
ORD-005956,2025-12-03,CUST-00971,Karen Flores,41,Female,Asia Pacific,South Korea,Electronics,Sony WH-1000XM5 Headphones,2,399.59,2.0,783.2,12.3,96.33
ORD-005957,2025-12-03,CUST-01022,Layla Ali,18,Male,Latin America,Argentina,Clothing,Nike Air Max 270,2,134.75,4.0,258.72,33.5,86.67
ORD-005958,2025-12-03,CUST-01246,James Scott,27,Male,North America,Mexico,Clothing,Uniqlo Down Jacket,1,93.1,29.0,66.1,39.7,26.24
ORD-005959,2025-12-03,CUST-00710,Karen Nelson,54,Female,Asia Pacific,India,Electronics,Apple MacBook Air M2,1,1553.26,29.0,1102.81,19.1,210.64
ORD-005960,2025-12-03,CUST-00326,Amelia Fernandez,33,Male,Latin America,Argentina,Sports & Outdoors,Fitbit Charge 6,2,204.11,27.0,298.0,32.5,96.85
ORD-005961,2025-12-03,CUST-01411,Aiden Roberts,29,Female,Latin America,Colombia,Home & Kitchen,French Press Coffee Maker,1,52.04,39.0,31.74,39.4,12.51
ORD-005962,2025-12-03,CUST-01172,Carlos Singh,33,Male,Asia Pacific,Singapore,Home & Kitchen,Roomba i7+ Robot Vacuum,1,760.56,0.0,760.56,31.9,242.62
ORD-005963,2025-12-03,CUST-00474,Richard Allen,47,Male,Middle East,Saudi Arabia,Home & Kitchen,Roomba i7+ Robot Vacuum,1,863.69,0.0,863.69,24.2,209.01
ORD-005964,2025-12-03,CUST-00905,Priya Ali,26,Male,Europe,Spain,Sports & Outdoors,Garmin GPS Running Watch,1,375.41,0.0,375.41,19.3,72.45
ORD-005965,2025-12-03,CUST-00938,Olivia Carter,30,Female,Europe,France,Clothing,Gucci Belt,4,484.45,0.0,1937.8,42.8,829.38
ORD-005966,2025-12-03,CUST-00873,Mary Baker,32,Male,North America,Mexico,Sports & Outdoors,Garmin GPS Running Watch,3,336.84,35.0,656.84,20.3,133.34
ORD-005967,2025-12-03,CUST-01599,Ravi Wilson,46,Male,Middle East,Qatar,Clothing,North Face Fleece Jacket,1,133.99,0.0,133.99,48.9,65.52
ORD-005968,2025-12-04,CUST-01700,Richard Flores,18,Male,North America,USA,Electronics,Bose SoundLink Speaker,1,183.17,20.0,146.54,14.6,21.39
ORD-005969,2025-12-04,CUST-00473,Fatima Khan,35,Female,Europe,UK,Beauty & Personal Care,Bath & Body Works Candle Set,2,58.63,12.0,103.19,47.1,48.6
ORD-005970,2025-12-04,CUST-01339,Patricia Ahmed,30,Female,Asia Pacific,Japan,Electronics,Bose SoundLink Speaker,1,251.07,3.0,243.54,17.8,43.35
ORD-005971,2025-12-04,CUST-01478,Sarah Chen,50,Female,North America,Canada,Clothing,Timberland Boots,2,226.96,0.0,453.92,38.5,174.76
ORD-005972,2025-12-04,CUST-00829,Mia Schmidt,37,Female,Asia Pacific,Japan,Beauty & Personal Care,Moroccanoil Hair Oil,4,41.37,0.0,165.48,42.8,70.83
ORD-005973,2025-12-04,CUST-01536,Laila Khan,18,Female,Middle East,Saudi Arabia,Electronics,"LG OLED 55"" TV",2,2096.62,20.0,3354.59,15.0,503.19
ORD-005974,2025-12-04,CUST-00718,Lucas Torres,18,Female,Asia Pacific,India,Clothing,Timberland Boots,4,180.28,20.0,576.9,45.3,261.34
ORD-005975,2025-12-04,CUST-00559,Lisa Williams,37,Male,North America,Mexico,Electronics,Kindle Paperwhite,2,128.14,13.0,222.96,13.6,30.32
ORD-005976,2025-12-04,CUST-00948,Ravi Patel,30,Male,Asia Pacific,Singapore,Clothing,Converse Chuck Taylor All Star,2,79.25,46.0,85.59,31.5,26.96
ORD-005977,2025-12-04,CUST-00324,Ahmed Singh,27,Male,North America,Canada,Clothing,Zara Wool Coat,3,203.92,0.0,611.76,45.4,277.74
ORD-005978,2025-12-04,CUST-00365,Hana White,23,Female,North America,Mexico,Clothing,Uniqlo Down Jacket,1,138.41,0.0,138.41,38.5,53.29
ORD-005979,2025-12-04,CUST-00822,Ethan Lopez,31,Female,North America,Canada,Electronics,Apple MacBook Air M2,1,1321.75,0.0,1321.75,14.2,187.69
ORD-005980,2025-12-04,CUST-01392,Susan Smith,37,Female,North America,Canada,Clothing,Nike Air Max 270,3,133.94,39.0,245.11,32.0,78.44
ORD-005981,2025-12-04,CUST-00305,Mia Fernandez,28,Female,Europe,France,Beauty & Personal Care,Philips Norelco Shaver,4,153.49,0.0,613.96,36.9,226.55
ORD-005982,2025-12-04,CUST-01559,Linda Jackson,21,Male,Asia Pacific,India,Clothing,Calvin Klein Underwear Set,2,46.75,0.0,93.5,32.0,29.92
ORD-005983,2025-12-04,CUST-00520,Ali Jackson,42,Male,Middle East,Saudi Arabia,Beauty & Personal Care,La Mer Moisturizing Cream,3,366.16,23.0,845.83,43.9,371.32
ORD-005984,2025-12-04,CUST-00331,Priya Brown,45,Female,Europe,France,Electronics,iPhone 15 Pro,2,1045.56,0.0,2091.12,18.1,378.49
ORD-005985,2025-12-04,CUST-00811,Ana Rossi,40,Female,Latin America,Argentina,Electronics,Apple MacBook Air M2,1,1521.82,0.0,1521.82,12.1,184.14
ORD-005986,2025-12-04,CUST-00076,Oliver Müller,18,Male,Europe,France,Electronics,GoPro Hero 12,2,524.75,29.0,745.14,13.5,100.59
ORD-005987,2025-12-04,CUST-01447,Liam Khan,18,Female,Latin America,Brazil,Sports & Outdoors,Wilson Tennis Racket Pro,3,160.77,34.0,318.32,36.1,114.91
ORD-005988,2025-12-04,CUST-01709,Noah Williams,18,Male,North America,USA,Electronics,Sony WH-1000XM5 Headphones,2,395.25,29.0,561.25,15.9,89.24
ORD-005989,2025-12-04,CUST-01233,Ava Singh,18,Male,North America,USA,Clothing,H&M Cotton T-Shirt Pack,1,31.22,25.0,23.41,41.2,9.64
ORD-005990,2025-12-04,CUST-00274,Sophia Walker,37,Male,Latin America,Argentina,Beauty & Personal Care,CeraVe Moisturizing Cream,2,24.77,0.0,49.54,37.1,18.38
ORD-005991,2025-12-04,CUST-01109,Emma Müller,18,Female,Middle East,UAE,Sports & Outdoors,Garmin GPS Running Watch,1,346.27,0.0,346.27,28.7,99.38
ORD-005992,2025-12-04,CUST-01770,Liam Johnson,31,Male,Asia Pacific,Singapore,Home & Kitchen,Weighted Blanket 15lbs,2,112.62,7.0,209.47,39.7,83.16
ORD-005993,2025-12-04,CUST-00163,Mason Garcia,52,Female,Middle East,Saudi Arabia,Home & Kitchen,Cuisinart 12-Piece Cookware Set,1,331.7,2.0,325.07,33.9,110.2
ORD-005994,2025-12-04,CUST-00822,Ethan Lopez,31,Female,North America,Canada,Electronics,USB-C Hub 7-in-1,1,85.44,18.0,70.06,15.5,10.86
ORD-005995,2025-12-04,CUST-01309,Noah Green,30,Female,North America,USA,Home & Kitchen,Instant Pot Duo 7-in-1,1,128.18,34.0,84.6,36.9,31.22
ORD-005996,2025-12-04,CUST-00720,Aiden Khan,39,Male,Latin America,Argentina,Beauty & Personal Care,CeraVe Moisturizing Cream,1,24.15,11.0,21.49,37.8,8.12
ORD-005997,2025-12-05,CUST-00559,Lisa Williams,37,Male,North America,Mexico,Clothing,North Face Fleece Jacket,1,173.88,0.0,173.88,40.3,70.07
ORD-005998,2025-12-05,CUST-01527,Lisa Chen,39,Female,Latin America,Colombia,Electronics,Canon EOS R50 Camera,2,955.65,0.0,1911.3,10.0,191.13
ORD-005999,2025-12-05,CUST-00169,Liam Nguyen,54,Male,Asia Pacific,Japan,Electronics,USB-C Hub 7-in-1,1,77.6,27.0,56.65,12.3,6.97
ORD-006000,2025-12-05,CUST-00814,Fatima Adams,46,Female,Asia Pacific,Japan,Beauty & Personal Care,Charlotte Tilbury Lipstick,2,38.98,0.0,77.96,46.5,36.25
ORD-006001,2025-12-05,CUST-01123,Sofia Lee,25,Male,Middle East,UAE,Clothing,Puma Running Shorts,2,50.49,20.0,80.78,53.0,42.81
ORD-006002,2025-12-05,CUST-01515,Barbara Wilson,43,Female,North America,Canada,Electronics,Sony WH-1000XM5 Headphones,1,328.53,0.0,328.53,15.9,52.24
ORD-006003,2025-12-05,CUST-00563,Muhammad Young,36,Female,North America,Mexico,Sports & Outdoors,TRX Suspension Trainer,1,220.75,12.0,194.26,34.1,66.24
ORD-006004,2025-12-05,CUST-01420,Karen Johnson,49,Female,Middle East,Qatar,Electronics,Canon EOS R50 Camera,1,803.99,13.0,699.47,18.3,128.0
ORD-006005,2025-12-05,CUST-00422,Oliver Lee,32,Female,North America,Mexico,Electronics,iPad Pro 11-inch,1,1031.9,4.0,990.62,16.1,159.49
ORD-006006,2025-12-05,CUST-00758,David Martinez,41,Male,Middle East,Saudi Arabia,Sports & Outdoors,TRX Suspension Trainer,2,235.74,36.0,301.75,20.2,60.95
ORD-006007,2025-12-05,CUST-01720,Liam Harris,37,Female,Middle East,Qatar,Sports & Outdoors,Trek FX3 Bicycle,1,978.58,3.0,949.22,34.3,325.58
ORD-006008,2025-12-05,CUST-00216,Harry Wang,39,Female,Asia Pacific,South Korea,Sports & Outdoors,Wilson Tennis Racket Pro,3,220.04,30.0,462.08,36.4,168.2
ORD-006009,2025-12-05,CUST-00271,Charles Davis,58,Female,Latin America,Argentina,Clothing,Gucci Belt,3,398.97,0.0,1196.91,37.9,453.63
ORD-006010,2025-12-05,CUST-00074,Sarah Taylor,44,Male,Middle East,Qatar,Sports & Outdoors,Trek FX3 Bicycle,2,942.75,15.0,1602.67,25.3,405.48
ORD-006011,2025-12-05,CUST-01633,James Smith,41,Female,North America,Mexico,Electronics,Samsung Galaxy S24,1,979.84,0.0,979.84,18.0,176.37
ORD-006012,2025-12-05,CUST-00794,Harry Garcia,27,Male,North America,Mexico,Home & Kitchen,KitchenAid Stand Mixer,1,493.65,0.0,493.65,28.0,138.22
ORD-006013,2025-12-05,CUST-01670,Zara Hill,44,Female,North America,USA,Home & Kitchen,KitchenAid Stand Mixer,3,475.48,0.0,1426.44,25.5,363.74
ORD-006014,2025-12-05,CUST-00146,Michael Smith,33,Female,Europe,Netherlands,Clothing,Ray-Ban Aviator Sunglasses,4,186.32,0.0,745.28,43.0,320.47
ORD-006015,2025-12-05,CUST-00219,Hana Nguyen,35,Female,Middle East,Qatar,Clothing,Timberland Boots,1,228.25,0.0,228.25,47.1,107.51
ORD-006016,2025-12-05,CUST-01250,Rafael Jackson,32,Female,Latin America,Brazil,Electronics,Sony PlayStation 5,2,695.15,28.0,1001.02,18.5,185.19
ORD-006017,2025-12-06,CUST-01571,Carlos King,31,Female,Latin America,Colombia,Home & Kitchen,Philips Hue Smart Bulb Set,3,61.61,1.0,182.98,20.8,38.06
ORD-006018,2025-12-06,CUST-00673,Emma Taylor,18,Female,North America,USA,Electronics,Kindle Paperwhite,1,162.18,4.0,155.69,19.0,29.58
ORD-006019,2025-12-06,CUST-00814,Fatima Adams,46,Female,Asia Pacific,Japan,Sports & Outdoors,TRX Suspension Trainer,1,241.33,9.0,219.61,32.8,72.03
ORD-006020,2025-12-06,CUST-00987,Oliver Smith,39,Male,Asia Pacific,South Korea,Sports & Outdoors,Fitbit Charge 6,1,188.82,24.0,143.5,28.3,40.61
ORD-006021,2025-12-06,CUST-00348,Wei Lee,28,Male,Asia Pacific,Singapore,Home & Kitchen,Philips Hue Smart Bulb Set,1,76.75,11.0,68.31,30.2,20.63
ORD-006022,2025-12-06,CUST-01731,Sophia Taylor,18,Female,Europe,France,Beauty & Personal Care,Foreo LUNA Face Massager,1,113.84,0.0,113.84,57.4,65.34
ORD-006023,2025-12-06,CUST-00724,Priya Fernandez,35,Male,Middle East,Qatar,Electronics,iPhone 15 Pro,2,1173.66,0.0,2347.32,11.8,276.98
ORD-006024,2025-12-06,CUST-01565,Jennifer Allen,28,Male,North America,Mexico,Home & Kitchen,Ninja Air Fryer XL,3,160.19,29.0,341.2,25.1,85.64
ORD-006025,2025-12-06,CUST-01239,Susan Kim,18,Female,Europe,Spain,Sports & Outdoors,Speedo Swim Goggles,2,38.69,29.0,54.94,32.3,17.75
ORD-006026,2025-12-06,CUST-01176,Oliver Walker,49,Male,North America,Canada,Electronics,GoPro Hero 12,1,418.06,8.0,384.62,18.4,70.77
ORD-006027,2025-12-06,CUST-00658,Susan Martin,40,Male,Middle East,Saudi Arabia,Electronics,"LG OLED 55"" TV",1,2047.44,3.0,1986.02,19.5,387.27
ORD-006028,2025-12-06,CUST-01392,Susan Smith,37,Female,North America,Canada,Clothing,Nike Air Max 270,3,134.33,0.0,402.99,40.7,164.02
ORD-006029,2025-12-06,CUST-01571,Carlos King,31,Female,Latin America,Colombia,Sports & Outdoors,Camping Sleeping Bag -10°C,3,134.55,7.0,375.39,28.3,106.24
ORD-006030,2025-12-06,CUST-01524,Sofia Miller,52,Female,Europe,UK,Electronics,Samsung Galaxy S24,2,1308.33,25.0,1962.49,19.0,372.87
ORD-006031,2025-12-06,CUST-00895,Patricia Taylor,18,Male,North America,Mexico,Clothing,Tommy Hilfiger Polo Shirt,1,89.09,48.0,46.33,36.7,17.0
ORD-006032,2025-12-06,CUST-01775,Ava White,33,Male,Asia Pacific,Australia,Clothing,Levi's 501 Jeans,4,89.62,2.0,351.31,30.0,105.39
ORD-006033,2025-12-06,CUST-00072,Olivia White,38,Male,Asia Pacific,India,Home & Kitchen,Bamboo Cutting Board Set,1,56.53,0.0,56.53,23.8,13.45
ORD-006034,2025-12-06,CUST-01442,Hana Williams,28,Male,Asia Pacific,South Korea,Home & Kitchen,French Press Coffee Maker,1,53.32,39.0,32.53,29.7,9.66
ORD-006035,2025-12-06,CUST-00372,Sarah Green,18,Female,Latin America,Brazil,Sports & Outdoors,Hydro Flask 32oz Water Bottle,3,63.09,5.0,179.81,36.9,66.35
ORD-006036,2025-12-06,CUST-01355,Ethan Thomas,32,Female,Middle East,UAE,Clothing,Puma Running Shorts,1,48.3,0.0,48.3,45.8,22.12
ORD-006037,2025-12-06,CUST-01309,Noah Green,30,Female,North America,USA,Beauty & Personal Care,Bioderma Micellar Water 500ml,4,16.58,26.0,49.08,55.7,27.34
ORD-006038,2025-12-06,CUST-00330,Thomas Williams,29,Female,Middle East,Qatar,Home & Kitchen,LED Desk Lamp with USB,1,38.78,4.0,37.23,20.5,7.63
ORD-006039,2025-12-06,CUST-01600,Barbara Dupont,30,Female,Middle East,Saudi Arabia,Home & Kitchen,Ninja Air Fryer XL,2,131.17,0.0,262.34,21.3,55.88
ORD-006040,2025-12-06,CUST-00907,Oliver Fernandez,22,Female,Middle East,UAE,Electronics,iPhone 15 Pro,2,1136.93,0.0,2273.86,12.7,288.78
ORD-006041,2025-12-06,CUST-00881,Ravi Nelson,41,Male,Asia Pacific,Japan,Electronics,Sony PlayStation 5,2,680.52,0.0,1361.04,20.0,272.21
ORD-006042,2025-12-06,CUST-01093,William Baker,18,Female,Asia Pacific,Japan,Electronics,GoPro Hero 12,2,435.06,0.0,870.12,11.9,103.54
ORD-006043,2025-12-07,CUST-00561,Ana Chen,26,Female,Europe,Netherlands,Home & Kitchen,Dyson V15 Vacuum,1,854.65,10.0,769.18,35.7,274.6
ORD-006044,2025-12-07,CUST-00785,Rafael Allen,29,Male,Asia Pacific,Japan,Clothing,Converse Chuck Taylor All Star,4,77.92,43.0,177.66,31.5,55.96
ORD-006045,2025-12-07,CUST-00464,Sofia Ahmed,28,Female,North America,Canada,Clothing,Zara Wool Coat,4,189.67,35.0,493.14,50.1,247.06
ORD-006046,2025-12-07,CUST-01034,Fatima Rossi,41,Male,Europe,Spain,Sports & Outdoors,Bowflex SelectTech Dumbbells,2,492.34,29.0,699.12,26.3,183.87
ORD-006047,2025-12-07,CUST-00884,Michael Schmidt,56,Female,North America,USA,Clothing,Tommy Hilfiger Polo Shirt,1,77.78,37.0,49.0,53.1,26.02
ORD-006048,2025-12-07,CUST-01586,Robert Wright,22,Female,Middle East,UAE,Electronics,Samsung Galaxy S24,2,1119.91,3.0,2172.63,18.9,410.63
ORD-006049,2025-12-07,CUST-01499,Charles Ali,24,Male,North America,Canada,Electronics,iPhone 15 Pro,2,1468.97,0.0,2937.94,11.6,340.8
ORD-006050,2025-12-07,CUST-01057,Fatima Torres,20,Male,Latin America,Colombia,Clothing,Puma Running Shorts,4,54.03,29.0,153.45,40.8,62.61
ORD-006051,2025-12-07,CUST-00736,Liam Dupont,46,Male,Latin America,Colombia,Beauty & Personal Care,The Ordinary Serum Set,5,29.96,2.0,146.8,46.7,68.56
ORD-006052,2025-12-07,CUST-00718,Lucas Torres,18,Female,Asia Pacific,India,Electronics,Canon EOS R50 Camera,1,974.9,0.0,974.9,17.2,167.68
ORD-006053,2025-12-07,CUST-00649,Riley Nguyen,63,Female,Latin America,Brazil,Clothing,Puma Running Shorts,1,45.88,0.0,45.88,44.1,20.23
ORD-006054,2025-12-07,CUST-01473,Ana Carter,18,Male,Latin America,Brazil,Beauty & Personal Care,The Ordinary Serum Set,3,23.34,0.0,70.02,41.0,28.71
ORD-006055,2025-12-07,CUST-01779,Rafael Martin,20,Male,Europe,Germany,Beauty & Personal Care,La Mer Moisturizing Cream,4,300.22,0.0,1200.88,48.5,582.43
ORD-006056,2025-12-07,CUST-01050,Priya Allen,36,Male,Middle East,UAE,Electronics,Apple Watch Series 9,1,548.93,27.0,400.72,19.9,79.74
ORD-006057,2025-12-07,CUST-01768,Thomas Miller,40,Male,Middle East,UAE,Clothing,Converse Chuck Taylor All Star,2,90.72,1.0,179.63,53.5,96.1
ORD-006058,2025-12-07,CUST-00588,Yuki Rossi,42,Male,Middle East,Saudi Arabia,Beauty & Personal Care,CeraVe Moisturizing Cream,2,27.81,0.0,55.62,54.2,30.15
ORD-006059,2025-12-07,CUST-01193,Muhammad White,20,Female,Middle East,Saudi Arabia,Electronics,Dell XPS 15 Laptop,2,1388.78,0.0,2777.56,18.3,508.29
ORD-006060,2025-12-08,CUST-01426,Lisa Patel,24,Male,Asia Pacific,India,Sports & Outdoors,Hydro Flask 32oz Water Bottle,1,62.64,24.0,47.61,20.6,9.81
ORD-006061,2025-12-08,CUST-01536,Laila Khan,18,Female,Middle East,Saudi Arabia,Electronics,"LG OLED 55"" TV",2,2113.5,30.0,2958.9,16.4,485.26
ORD-006062,2025-12-08,CUST-01160,Karen Anderson,30,Male,Middle East,Qatar,Electronics,Dell XPS 15 Laptop,2,1697.54,14.0,2919.77,16.1,470.08
ORD-006063,2025-12-08,CUST-00713,Harry Nguyen,28,Male,Europe,Italy,Clothing,Tommy Hilfiger Polo Shirt,3,82.21,7.0,229.37,35.2,80.74
ORD-006064,2025-12-08,CUST-01455,Muhammad Martin,31,Male,Asia Pacific,India,Sports & Outdoors,Wilson Tennis Racket Pro,1,211.74,0.0,211.74,24.5,51.88
ORD-006065,2025-12-08,CUST-01039,Harry Dupont,18,Female,Asia Pacific,Singapore,Home & Kitchen,IKEA KALLAX Shelf Unit,2,158.31,33.0,212.14,20.5,43.49
ORD-006066,2025-12-08,CUST-01314,Karen Brown,56,Female,Latin America,Colombia,Sports & Outdoors,Fitbit Charge 6,2,183.62,18.0,301.14,26.7,80.4
ORD-006067,2025-12-08,CUST-01683,Richard Wang,41,Female,Europe,France,Beauty & Personal Care,Tatcha Rice Wash Cleanser,5,57.16,6.0,268.65,52.9,142.12
ORD-006068,2025-12-08,CUST-00124,Robert Khan,21,Male,Middle East,Saudi Arabia,Sports & Outdoors,Trek FX3 Bicycle,3,875.1,39.0,1601.43,32.7,523.67
ORD-006069,2025-12-08,CUST-01461,Mia Müller,34,Female,Middle East,Qatar,Electronics,Bose SoundLink Speaker,2,211.8,8.0,389.71,11.1,43.26
ORD-006070,2025-12-08,CUST-01609,Riley Johnson,27,Male,Asia Pacific,Singapore,Electronics,"LG OLED 55"" TV",1,1945.59,14.0,1673.21,9.1,152.26
ORD-006071,2025-12-08,CUST-00966,Olivia Hall,31,Female,Latin America,Brazil,Home & Kitchen,Nespresso Vertuo Coffee Machine,1,234.16,0.0,234.16,23.1,54.09
ORD-006072,2025-12-08,CUST-01501,Mia Schmidt,27,Male,Europe,UK,Sports & Outdoors,Wilson Tennis Racket Pro,1,215.5,32.0,146.54,30.3,44.4
ORD-006073,2025-12-08,CUST-00473,Fatima Khan,35,Female,Europe,UK,Home & Kitchen,Air Purifier HEPA,1,175.07,12.0,154.06,30.9,47.6
ORD-006074,2025-12-08,CUST-00111,Ava Allen,22,Male,Middle East,Saudi Arabia,Beauty & Personal Care,CeraVe Moisturizing Cream,5,22.58,0.0,112.9,39.8,44.93
ORD-006075,2025-12-08,CUST-00523,Sarah Thompson,39,Female,Middle East,UAE,Home & Kitchen,IKEA KALLAX Shelf Unit,3,159.79,0.0,479.37,20.8,99.71
ORD-006076,2025-12-08,CUST-00166,Aiden Carter,40,Male,Latin America,Brazil,Clothing,Uniqlo Down Jacket,1,143.94,40.0,86.36,44.9,38.78
ORD-006077,2025-12-08,CUST-01284,Ethan Jackson,37,Female,Latin America,Colombia,Electronics,GoPro Hero 12,2,493.73,15.0,839.34,19.1,160.31
ORD-006078,2025-12-08,CUST-00193,Isabella Miller,48,Male,Asia Pacific,Australia,Electronics,Sony PlayStation 5,2,618.07,0.0,1236.14,14.2,175.53
ORD-006079,2025-12-08,CUST-00484,Lucas Müller,37,Male,Latin America,Argentina,Electronics,Samsung Galaxy S24,1,1278.7,0.0,1278.7,8.1,103.57
ORD-006080,2025-12-08,CUST-00123,Lisa Patel,35,Male,North America,Mexico,Clothing,North Face Fleece Jacket,2,144.59,32.0,196.64,34.6,68.04
ORD-006081,2025-12-08,CUST-01709,Noah Williams,18,Male,North America,USA,Home & Kitchen,IKEA KALLAX Shelf Unit,2,207.68,7.0,386.28,22.0,84.98
ORD-006082,2025-12-08,CUST-01102,Layla Santos,40,Female,North America,Mexico,Electronics,Bose SoundLink Speaker,2,263.5,0.0,527.0,11.9,62.71
ORD-006083,2025-12-09,CUST-01251,Riley Garcia,23,Female,Middle East,UAE,Electronics,Samsung Galaxy S24,2,987.28,0.0,1974.56,18.6,367.27
ORD-006084,2025-12-09,CUST-00398,Laila Dupont,21,Female,Middle East,Qatar,Clothing,Adidas Ultraboost Shoes,3,190.12,40.0,342.22,38.9,133.12
ORD-006085,2025-12-09,CUST-00312,Emma Miller,35,Male,Asia Pacific,Australia,Electronics,Sony PlayStation 5,1,602.74,0.0,602.74,10.7,64.49
ORD-006086,2025-12-09,CUST-00533,Mia Lopez,29,Female,Asia Pacific,India,Electronics,iPhone 15 Pro,2,1133.54,11.0,2017.7,17.5,353.1
ORD-006087,2025-12-09,CUST-01213,William Chen,37,Female,North America,Canada,Clothing,Levi's 501 Jeans,3,90.01,3.0,261.93,53.9,141.18
ORD-006088,2025-12-09,CUST-00914,Sofia Torres,45,Female,Latin America,Argentina,Beauty & Personal Care,Neutrogena SPF 50 Sunscreen,4,24.36,0.0,97.44,42.5,41.41
ORD-006089,2025-12-09,CUST-00528,Ali Kim,60,Male,Asia Pacific,Australia,Sports & Outdoors,Yoga Mat Premium Non-Slip,3,56.17,0.0,168.51,21.4,36.06
ORD-006090,2025-12-09,CUST-00550,Emma Flores,26,Male,Asia Pacific,Australia,Clothing,Ray-Ban Aviator Sunglasses,2,205.02,12.0,360.84,31.4,113.3
ORD-006091,2025-12-09,CUST-01384,Jessica Baker,51,Male,North America,Mexico,Clothing,Converse Chuck Taylor All Star,4,85.74,3.0,332.67,38.9,129.41
ORD-006092,2025-12-09,CUST-00292,Ahmed Singh,24,Female,Middle East,Saudi Arabia,Electronics,Sony WH-1000XM5 Headphones,1,306.38,16.0,257.36,13.2,33.97
ORD-006093,2025-12-09,CUST-00447,Harry Harris,43,Female,Middle East,Qatar,Home & Kitchen,Cuisinart 12-Piece Cookware Set,1,308.14,21.0,243.43,31.0,75.46
ORD-006094,2025-12-09,CUST-00501,Olivia Roberts,27,Male,Middle East,Saudi Arabia,Sports & Outdoors,Foam Roller Set,2,50.58,0.0,101.16,29.8,30.15
ORD-006095,2025-12-09,CUST-01264,Sofia Patel,50,Male,Middle East,Saudi Arabia,Home & Kitchen,Smart Thermostat Google Nest,3,182.67,4.0,526.09,30.2,158.88
ORD-006096,2025-12-09,CUST-00434,Patricia Roberts,26,Male,North America,Mexico,Clothing,Adidas Ultraboost Shoes,2,172.68,32.0,234.84,49.7,116.72
ORD-006097,2025-12-09,CUST-01361,Karen Wright,37,Male,Asia Pacific,Australia,Electronics,Ring Video Doorbell,2,164.55,7.0,306.06,9.6,29.38
ORD-006098,2025-12-09,CUST-01392,Susan Smith,37,Female,North America,Canada,Home & Kitchen,Instant Pot Duo 7-in-1,1,118.62,3.0,115.06,30.0,34.52
ORD-006099,2025-12-09,CUST-00493,Sofia Young,27,Male,Asia Pacific,Japan,Electronics,Ring Video Doorbell,2,159.41,33.0,213.61,13.0,27.77
ORD-006100,2025-12-09,CUST-00900,Mia Ahmed,28,Female,Asia Pacific,Australia,Electronics,Bose SoundLink Speaker,1,270.46,12.0,238.0,14.1,33.56
ORD-006101,2025-12-09,CUST-00873,Mary Baker,32,Male,North America,Mexico,Clothing,Adidas Ultraboost Shoes,3,163.3,13.0,426.21,54.8,233.56
ORD-006102,2025-12-09,CUST-01661,Patricia Walker,46,Female,Europe,UK,Home & Kitchen,Dyson V15 Vacuum,2,783.15,6.0,1472.32,35.5,522.67
ORD-006103,2025-12-09,CUST-01571,Carlos King,31,Female,Latin America,Colombia,Electronics,USB-C Hub 7-in-1,2,53.97,21.0,85.27,10.2,8.7
ORD-006104,2025-12-09,CUST-01347,Charlotte Dupont,33,Male,Middle East,Saudi Arabia,Electronics,Samsung Galaxy S24,1,1274.78,3.0,1236.54,15.7,194.14
ORD-006105,2025-12-09,CUST-00161,Chen Rossi,54,Female,North America,USA,Electronics,USB-C Hub 7-in-1,1,84.81,8.0,78.03,18.3,14.28
ORD-006106,2025-12-09,CUST-00974,Michael Miller,48,Female,Europe,Germany,Electronics,iPad Pro 11-inch,2,1061.05,22.0,1655.24,10.8,178.77
ORD-006107,2025-12-09,CUST-00277,Barbara Thompson,28,Male,Europe,Germany,Electronics,Samsung Galaxy S24,1,1156.56,11.0,1029.34,12.4,127.64
ORD-006108,2025-12-09,CUST-00542,Richard Green,18,Female,Europe,France,Home & Kitchen,Cuisinart 12-Piece Cookware Set,2,231.76,0.0,463.52,29.1,134.88
ORD-006109,2025-12-10,CUST-00055,Sophia Davis,36,Male,North America,Mexico,Electronics,GoPro Hero 12,2,477.8,23.0,735.81,19.5,143.48
ORD-006110,2025-12-10,CUST-00695,Fatima Brown,26,Male,Latin America,Argentina,Sports & Outdoors,Spalding NBA Basketball,1,38.94,21.0,30.76,36.3,11.17
ORD-006111,2025-12-10,CUST-01397,Ravi Lopez,25,Female,Middle East,Saudi Arabia,Electronics,iPhone 15 Pro,1,1401.05,12.0,1232.92,16.6,204.66
ORD-006112,2025-12-10,CUST-00844,Amelia Miller,39,Female,Europe,Netherlands,Clothing,Puma Running Shorts,2,52.52,26.0,77.73,34.2,26.58
ORD-006113,2025-12-10,CUST-00900,Mia Ahmed,28,Female,Asia Pacific,Australia,Sports & Outdoors,Spalding NBA Basketball,2,53.12,41.0,62.68,36.1,22.63
ORD-006114,2025-12-10,CUST-00775,Noah Martinez,41,Female,Europe,UK,Home & Kitchen,IKEA KALLAX Shelf Unit,2,211.92,37.0,267.02,28.7,76.63
ORD-006115,2025-12-10,CUST-00816,Layla Miller,41,Male,Asia Pacific,Singapore,Home & Kitchen,Air Purifier HEPA,2,199.33,0.0,398.66,35.2,140.33
ORD-006116,2025-12-10,CUST-01558,Ahmed Miller,29,Female,Middle East,Qatar,Beauty & Personal Care,Philips Norelco Shaver,1,112.7,0.0,112.7,51.8,58.38
ORD-006117,2025-12-10,CUST-00972,Ethan Taylor,37,Female,Latin America,Colombia,Electronics,Sony WH-1000XM5 Headphones,2,378.47,0.0,756.94,8.3,62.83
ORD-006118,2025-12-10,CUST-00484,Lucas Müller,37,Male,Latin America,Argentina,Electronics,Apple MacBook Air M2,1,1256.01,18.0,1029.93,16.7,172.0
ORD-006119,2025-12-10,CUST-00199,Mia Thompson,39,Female,Europe,Italy,Sports & Outdoors,Foam Roller Set,1,31.25,12.0,27.5,22.8,6.27
ORD-006120,2025-12-10,CUST-00182,Barbara Flores,36,Female,Asia Pacific,South Korea,Electronics,GoPro Hero 12,2,410.9,0.0,821.8,19.4,159.43
ORD-006121,2025-12-10,CUST-01713,Harry Khan,18,Female,Asia Pacific,Singapore,Clothing,Calvin Klein Underwear Set,2,53.72,18.0,88.1,45.1,39.73
ORD-006122,2025-12-10,CUST-01029,Amelia Garcia,47,Female,North America,USA,Sports & Outdoors,Hydro Flask 32oz Water Bottle,2,57.97,17.0,96.23,25.4,24.44
ORD-006123,2025-12-10,CUST-01405,Lucas Thompson,58,Female,Asia Pacific,Singapore,Home & Kitchen,Philips Hue Smart Bulb Set,3,98.07,27.0,214.77,31.6,67.87
ORD-006124,2025-12-10,CUST-01405,Lucas Thompson,58,Female,Asia Pacific,Singapore,Beauty & Personal Care,Olaplex No.3 Hair Perfector,4,43.02,0.0,172.08,45.5,78.3
ORD-006125,2025-12-10,CUST-01037,Rafael Taylor,54,Female,Latin America,Argentina,Electronics,Canon EOS R50 Camera,1,873.85,18.0,716.56,16.1,115.37
ORD-006126,2025-12-10,CUST-00430,Joseph Wilson,46,Male,Asia Pacific,India,Electronics,USB-C Hub 7-in-1,2,82.03,21.0,129.61,18.1,23.46
ORD-006127,2025-12-10,CUST-01499,Charles Ali,24,Male,North America,Canada,Clothing,Under Armour Sports Bra,3,53.47,21.0,126.72,34.6,43.85
ORD-006128,2025-12-10,CUST-00611,Lucas Wright,52,Female,North America,Canada,Electronics,"LG OLED 55"" TV",2,1872.42,0.0,3744.84,18.8,704.03
ORD-006129,2025-12-10,CUST-01425,Amelia Mitchell,32,Male,Middle East,Qatar,Sports & Outdoors,Trek FX3 Bicycle,1,953.58,10.0,858.22,32.1,275.49
ORD-006130,2025-12-10,CUST-00229,Harry Harris,24,Male,Europe,Spain,Sports & Outdoors,Foam Roller Set,3,41.25,27.0,90.34,19.5,17.62
ORD-006131,2025-12-10,CUST-00822,Ethan Lopez,31,Female,North America,Canada,Home & Kitchen,Smart Thermostat Google Nest,3,168.73,0.0,506.19,32.7,165.52
ORD-006132,2025-12-10,CUST-01195,Charles Singh,31,Male,Asia Pacific,Singapore,Electronics,Ring Video Doorbell,2,121.21,0.0,242.42,11.6,28.12
ORD-006133,2025-12-10,CUST-01011,Patricia King,61,Male,Latin America,Argentina,Clothing,Tommy Hilfiger Polo Shirt,3,69.35,9.0,189.33,33.9,64.18
ORD-006134,2025-12-10,CUST-00275,Robert Baker,33,Male,Europe,France,Home & Kitchen,Dyson V15 Vacuum,3,857.86,24.0,1955.92,38.8,758.9
ORD-006135,2025-12-10,CUST-00101,David Rossi,46,Female,Latin America,Argentina,Home & Kitchen,Dyson V15 Vacuum,1,759.8,28.0,547.06,32.1,175.61
ORD-006136,2025-12-10,CUST-00288,Ana Flores,22,Male,Europe,UK,Clothing,Nike Air Max 270,1,165.74,23.0,127.62,43.9,56.03
ORD-006137,2025-12-10,CUST-00124,Robert Khan,21,Male,Middle East,Saudi Arabia,Beauty & Personal Care,Dyson Airwrap Styler,4,624.76,39.0,1524.41,36.1,550.31
ORD-006138,2025-12-11,CUST-01475,Laila Nelson,27,Female,Europe,France,Home & Kitchen,Air Purifier HEPA,2,256.84,6.0,482.86,25.1,121.2
ORD-006139,2025-12-11,CUST-01493,Isabella Davis,22,Female,Europe,Netherlands,Electronics,Canon EOS R50 Camera,2,952.32,0.0,1904.64,18.1,344.74
ORD-006140,2025-12-11,CUST-00502,Jennifer Fernandez,30,Female,Middle East,UAE,Electronics,Kindle Paperwhite,2,143.41,6.0,269.61,17.5,47.18
ORD-006141,2025-12-11,CUST-01328,Susan Schmidt,35,Male,Latin America,Argentina,Clothing,Levi's 501 Jeans,3,78.28,12.0,206.66,42.2,87.21
ORD-006142,2025-12-11,CUST-01709,Noah Williams,18,Male,North America,USA,Home & Kitchen,IKEA KALLAX Shelf Unit,3,223.53,28.0,482.82,20.7,99.94
ORD-006143,2025-12-11,CUST-00263,Isabella Davis,39,Female,Latin America,Brazil,Electronics,Samsung Galaxy S24,2,1063.16,27.0,1552.21,13.9,215.76
ORD-006144,2025-12-11,CUST-00230,Karen Anderson,40,Male,Europe,Spain,Home & Kitchen,French Press Coffee Maker,3,47.46,0.0,142.38,31.4,44.71
ORD-006145,2025-12-11,CUST-01746,Mary Jones,40,Female,Latin America,Brazil,Home & Kitchen,Philips Hue Smart Bulb Set,3,91.03,14.0,234.86,28.2,66.23
ORD-006146,2025-12-11,CUST-00835,Liam Wright,37,Female,Europe,Netherlands,Electronics,iPhone 15 Pro,2,1339.66,21.0,2116.66,18.8,397.93
ORD-006147,2025-12-11,CUST-01543,Lucas Harris,26,Male,Asia Pacific,Singapore,Clothing,Under Armour Sports Bra,2,47.67,34.0,62.92,32.1,20.2
ORD-006148,2025-12-11,CUST-01005,Thomas Adams,41,Male,North America,Mexico,Home & Kitchen,French Press Coffee Maker,3,52.65,0.0,157.95,26.9,42.49
ORD-006149,2025-12-11,CUST-01385,Mason Ali,28,Male,Asia Pacific,South Korea,Home & Kitchen,Air Purifier HEPA,1,210.12,3.0,203.82,36.7,74.8
ORD-006150,2025-12-11,CUST-01529,Harry Johnson,37,Male,North America,USA,Home & Kitchen,Nespresso Vertuo Coffee Machine,3,200.48,2.0,589.41,27.7,163.27
ORD-006151,2025-12-11,CUST-00857,Linda Williams,28,Male,Asia Pacific,Japan,Home & Kitchen,French Press Coffee Maker,2,50.84,16.0,85.41,22.8,19.47
ORD-006152,2025-12-11,CUST-00981,Yuki Rossi,43,Female,Europe,Spain,Electronics,Sony WH-1000XM5 Headphones,1,361.8,18.0,296.68,15.4,45.69
ORD-006153,2025-12-12,CUST-00292,Ahmed Singh,24,Female,Middle East,Saudi Arabia,Electronics,GoPro Hero 12,2,452.19,30.0,633.07,11.7,74.07
ORD-006154,2025-12-12,CUST-00858,Muhammad Roberts,65,Female,Latin America,Colombia,Clothing,Tommy Hilfiger Polo Shirt,3,57.08,0.0,171.24,34.4,58.91
ORD-006155,2025-12-12,CUST-00186,Ava Singh,44,Female,Asia Pacific,Singapore,Clothing,North Face Fleece Jacket,1,157.22,36.0,100.62,32.8,33.0
ORD-006156,2025-12-12,CUST-01463,Richard Wang,19,Female,Europe,UK,Electronics,USB-C Hub 7-in-1,1,76.67,23.0,59.04,9.8,5.79
ORD-006157,2025-12-12,CUST-01108,Zara Schmidt,34,Female,North America,USA,Electronics,Samsung Galaxy S24,1,1227.84,18.0,1006.83,19.2,193.31
ORD-006158,2025-12-12,CUST-00862,Hana Roberts,42,Female,North America,Mexico,Beauty & Personal Care,Tatcha Rice Wash Cleanser,4,46.01,0.0,184.04,51.1,94.04
ORD-006159,2025-12-12,CUST-01768,Thomas Miller,40,Male,Middle East,UAE,Clothing,Ray-Ban Aviator Sunglasses,1,165.09,0.0,165.09,43.5,71.81
ORD-006160,2025-12-12,CUST-01117,Sarah White,32,Female,Latin America,Brazil,Clothing,Zara Wool Coat,2,184.64,6.0,347.12,39.4,136.77
ORD-006161,2025-12-12,CUST-01073,Rafael Young,20,Female,North America,USA,Electronics,Dell XPS 15 Laptop,2,1604.84,33.0,2150.49,11.0,236.55
ORD-006162,2025-12-12,CUST-01768,Thomas Miller,40,Male,Middle East,UAE,Electronics,Samsung Galaxy S24,1,1153.13,29.0,818.72,8.1,66.32
ORD-006163,2025-12-12,CUST-00660,Ali Jackson,20,Male,Latin America,Colombia,Home & Kitchen,Ninja Air Fryer XL,1,180.44,10.0,162.4,37.3,60.58
ORD-006164,2025-12-12,CUST-01200,Ali Nelson,23,Male,Europe,Italy,Sports & Outdoors,Fitbit Charge 6,1,196.12,32.0,133.36,28.2,37.61
ORD-006165,2025-12-12,CUST-00926,Wei Taylor,34,Male,Latin America,Colombia,Sports & Outdoors,Trek FX3 Bicycle,2,896.48,37.0,1129.56,29.3,330.96
ORD-006166,2025-12-12,CUST-01571,Carlos King,31,Female,Latin America,Colombia,Clothing,Converse Chuck Taylor All Star,2,81.95,38.0,101.62,48.2,48.98
ORD-006167,2025-12-12,CUST-01284,Ethan Jackson,37,Female,Latin America,Colombia,Home & Kitchen,Dyson V15 Vacuum,3,800.14,0.0,2400.42,33.9,813.74
ORD-006168,2025-12-12,CUST-00708,John Torres,18,Female,Middle East,UAE,Electronics,"LG OLED 55"" TV",1,1787.17,8.0,1644.2,16.5,271.29
ORD-006169,2025-12-12,CUST-00166,Aiden Carter,40,Male,Latin America,Brazil,Electronics,Bose SoundLink Speaker,2,197.4,25.0,296.1,9.8,29.02
ORD-006170,2025-12-12,CUST-00599,Lucas Lee,35,Female,North America,USA,Clothing,Converse Chuck Taylor All Star,1,76.37,44.0,42.77,53.4,22.84
ORD-006171,2025-12-12,CUST-00291,Michael Roberts,35,Female,Asia Pacific,Japan,Clothing,North Face Fleece Jacket,3,140.25,15.0,357.64,50.7,181.32
ORD-006172,2025-12-13,CUST-00261,Karen Flores,18,Male,Latin America,Brazil,Beauty & Personal Care,Charlotte Tilbury Lipstick,2,37.28,5.0,70.83,41.6,29.47
ORD-006173,2025-12-13,CUST-01515,Barbara Wilson,43,Female,North America,Canada,Electronics,Sony PlayStation 5,1,677.37,1.0,670.6,10.3,69.07
ORD-006174,2025-12-13,CUST-00982,Olivia Adams,29,Female,Latin America,Argentina,Clothing,Timberland Boots,1,191.13,0.0,191.13,53.6,102.45
ORD-006175,2025-12-13,CUST-01571,Carlos King,31,Female,Latin America,Colombia,Beauty & Personal Care,La Mer Moisturizing Cream,3,406.7,0.0,1220.1,59.8,729.62
ORD-006176,2025-12-13,CUST-00114,William Green,43,Female,North America,USA,Beauty & Personal Care,Tatcha Rice Wash Cleanser,2,50.79,0.0,101.58,53.7,54.55
ORD-006177,2025-12-13,CUST-01714,Sophia Harris,27,Male,North America,Canada,Home & Kitchen,Instant Pot Duo 7-in-1,2,125.52,34.0,165.69,28.7,47.55
ORD-006178,2025-12-13,CUST-00054,Susan Jones,38,Male,North America,Mexico,Home & Kitchen,Nespresso Vertuo Coffee Machine,1,210.94,36.0,135.0,27.2,36.72
ORD-006179,2025-12-13,CUST-01256,Charlotte Kim,42,Male,Middle East,UAE,Beauty & Personal Care,Oral-B Electric Toothbrush Pro,3,101.9,0.0,305.7,52.4,160.19
ORD-006180,2025-12-13,CUST-01530,Hana Anderson,47,Female,North America,USA,Electronics,Sony WH-1000XM5 Headphones,1,288.75,27.0,210.79,12.8,26.98
ORD-006181,2025-12-13,CUST-00427,Thomas Kim,47,Male,Asia Pacific,South Korea,Clothing,Gucci Belt,2,449.99,0.0,899.98,32.2,289.79
ORD-006182,2025-12-13,CUST-00216,Harry Wang,39,Female,Asia Pacific,South Korea,Beauty & Personal Care,Moroccanoil Hair Oil,1,48.07,0.0,48.07,37.8,18.17
ORD-006183,2025-12-13,CUST-01569,James Young,32,Female,Asia Pacific,India,Electronics,Kindle Paperwhite,1,168.68,2.0,165.31,11.7,19.34
ORD-006184,2025-12-13,CUST-00658,Susan Martin,40,Male,Middle East,Saudi Arabia,Sports & Outdoors,Wilson Tennis Racket Pro,1,199.38,13.0,173.46,21.7,37.64
ORD-006185,2025-12-13,CUST-00280,Yuki Hall,51,Female,Latin America,Argentina,Beauty & Personal Care,Charlotte Tilbury Lipstick,5,42.77,11.0,190.33,37.5,71.37
ORD-006186,2025-12-13,CUST-01684,Richard Jackson,37,Male,Asia Pacific,Japan,Clothing,Converse Chuck Taylor All Star,2,70.04,0.0,140.08,31.1,43.56
ORD-006187,2025-12-13,CUST-01574,Layla Allen,40,Female,Europe,UK,Home & Kitchen,IKEA KALLAX Shelf Unit,2,191.55,35.0,249.02,25.4,63.25
ORD-006188,2025-12-13,CUST-00523,Sarah Thompson,39,Female,Middle East,UAE,Home & Kitchen,KitchenAid Stand Mixer,2,488.84,31.0,674.6,35.6,240.16
ORD-006189,2025-12-13,CUST-00037,Zara Roberts,24,Male,North America,Canada,Electronics,USB-C Hub 7-in-1,1,51.02,34.0,33.67,13.8,4.65
ORD-006190,2025-12-13,CUST-00567,Amelia Martin,29,Female,Europe,Netherlands,Clothing,Zara Wool Coat,2,236.89,23.0,364.81,40.8,148.84
ORD-006191,2025-12-14,CUST-00015,Karen Wang,28,Female,Europe,Italy,Electronics,"LG OLED 55"" TV",1,2188.78,33.0,1466.48,15.8,231.7
ORD-006192,2025-12-14,CUST-00548,Isabella Thomas,33,Female,Latin America,Brazil,Sports & Outdoors,Speedo Swim Goggles,3,28.66,32.0,58.47,27.2,15.9
ORD-006193,2025-12-14,CUST-00910,James Schmidt,30,Male,Middle East,Saudi Arabia,Electronics,Bose SoundLink Speaker,2,237.54,9.0,432.32,17.0,73.49
ORD-006194,2025-12-14,CUST-01252,William Williams,40,Male,Middle East,Qatar,Clothing,North Face Fleece Jacket,3,135.18,0.0,405.54,34.3,139.1
ORD-006195,2025-12-14,CUST-01328,Susan Schmidt,35,Male,Latin America,Argentina,Electronics,Apple MacBook Air M2,1,1445.52,13.0,1257.6,19.1,240.2
ORD-006196,2025-12-14,CUST-01556,Lucas Miller,53,Male,North America,Mexico,Clothing,Timberland Boots,4,195.61,0.0,782.44,46.5,363.83
ORD-006197,2025-12-14,CUST-01460,Lucas Jones,56,Female,North America,USA,Electronics,GoPro Hero 12,2,529.36,0.0,1058.72,11.8,124.93
ORD-006198,2025-12-14,CUST-00255,Carlos Santos,31,Female,North America,USA,Electronics,Samsung Galaxy S24,1,1058.42,33.0,709.14,19.8,140.41
ORD-006199,2025-12-14,CUST-01118,Mason Garcia,33,Female,Middle East,Saudi Arabia,Electronics,USB-C Hub 7-in-1,2,77.45,20.0,123.92,18.8,23.3
ORD-006200,2025-12-14,CUST-01154,Priya Miller,29,Male,Asia Pacific,India,Clothing,Zara Wool Coat,2,195.91,17.0,325.21,31.2,101.47
ORD-006201,2025-12-14,CUST-00866,Liam Chen,46,Female,Asia Pacific,Singapore,Home & Kitchen,Dyson V15 Vacuum,2,874.54,21.0,1381.77,34.9,482.24
ORD-006202,2025-12-14,CUST-00522,Harry Lopez,36,Male,Middle East,Saudi Arabia,Electronics,"LG OLED 55"" TV",2,1580.88,20.0,2529.41,10.5,265.59
ORD-006203,2025-12-14,CUST-00109,Lisa Santos,42,Female,Middle East,UAE,Electronics,Apple MacBook Air M2,1,1345.13,0.0,1345.13,12.0,161.42
ORD-006204,2025-12-14,CUST-01269,Mary Nelson,35,Male,Latin America,Argentina,Clothing,Zara Wool Coat,2,177.94,17.0,295.38,47.7,140.9
ORD-006205,2025-12-14,CUST-00261,Karen Flores,18,Male,Latin America,Brazil,Home & Kitchen,Dyson V15 Vacuum,1,864.54,39.0,527.37,20.8,109.69
ORD-006206,2025-12-14,CUST-00375,Richard Santos,31,Female,Latin America,Colombia,Clothing,Gucci Belt,2,466.86,5.0,887.03,48.3,428.44
ORD-006207,2025-12-14,CUST-01733,Jessica Walker,37,Male,Middle East,UAE,Home & Kitchen,Roomba i7+ Robot Vacuum,3,865.8,13.0,2259.74,20.8,470.03
ORD-006208,2025-12-15,CUST-01590,Carlos White,27,Male,Europe,Netherlands,Electronics,Bose SoundLink Speaker,1,230.44,0.0,230.44,19.9,45.86
ORD-006209,2025-12-15,CUST-01663,Sophia Miller,42,Female,North America,Canada,Electronics,iPhone 15 Pro,2,1088.15,0.0,2176.3,10.7,232.86
ORD-006210,2025-12-15,CUST-00694,Jennifer Singh,41,Male,North America,USA,Electronics,"LG OLED 55"" TV",2,2141.16,0.0,4282.32,9.6,411.1
ORD-006211,2025-12-15,CUST-01633,James Smith,41,Female,North America,Mexico,Sports & Outdoors,Peloton Bike+,3,2952.31,0.0,8856.93,23.8,2107.95
ORD-006212,2025-12-15,CUST-00707,John Thomas,28,Female,Middle East,Qatar,Sports & Outdoors,Trek FX3 Bicycle,3,868.45,0.0,2605.35,21.1,549.73
ORD-006213,2025-12-15,CUST-01153,Liam Adams,37,Male,Latin America,Brazil,Electronics,Canon EOS R50 Camera,1,829.42,0.0,829.42,18.3,151.78
ORD-006214,2025-12-15,CUST-01344,Noah Scott,53,Female,Europe,Netherlands,Electronics,GoPro Hero 12,2,548.68,8.0,1009.57,15.4,155.47
ORD-006215,2025-12-15,CUST-00982,Olivia Adams,29,Female,Latin America,Argentina,Sports & Outdoors,Yoga Mat Premium Non-Slip,1,37.0,35.0,24.05,19.1,4.59
ORD-006216,2025-12-15,CUST-00348,Wei Lee,28,Male,Asia Pacific,Singapore,Clothing,Ray-Ban Aviator Sunglasses,1,196.48,38.0,121.82,32.7,39.84
ORD-006217,2025-12-15,CUST-00638,Olivia Torres,34,Male,North America,Mexico,Beauty & Personal Care,Fenty Beauty Foundation,1,43.37,17.0,36.0,35.7,12.85
ORD-006218,2025-12-15,CUST-00289,Noah Wright,55,Male,Latin America,Colombia,Clothing,Levi's 501 Jeans,4,71.3,47.0,151.16,34.9,52.75
ORD-006219,2025-12-15,CUST-00981,Yuki Rossi,43,Female,Europe,Spain,Sports & Outdoors,Hydro Flask 32oz Water Bottle,1,56.94,29.0,40.43,36.6,14.8
ORD-006220,2025-12-15,CUST-00923,Priya Thomas,31,Male,Latin America,Argentina,Clothing,North Face Fleece Jacket,2,149.82,9.0,272.67,49.8,135.79
ORD-006221,2025-12-15,CUST-01260,Yuki Brown,32,Male,Europe,UK,Clothing,H&M Cotton T-Shirt Pack,3,32.37,20.0,77.69,42.7,33.17
ORD-006222,2025-12-15,CUST-00078,Joseph Johnson,28,Male,Asia Pacific,India,Clothing,Calvin Klein Underwear Set,3,43.04,0.0,129.12,41.0,52.94
ORD-006223,2025-12-15,CUST-00639,Thomas Thomas,45,Female,North America,Mexico,Electronics,Kindle Paperwhite,1,181.73,3.0,176.28,13.1,23.09
ORD-006224,2025-12-15,CUST-00115,Emma White,40,Female,North America,Canada,Beauty & Personal Care,The Ordinary Serum Set,2,38.6,37.0,48.64,56.3,27.38
ORD-006225,2025-12-15,CUST-01436,Isabella Nguyen,46,Female,Europe,Germany,Electronics,Dell XPS 15 Laptop,1,1609.65,20.0,1287.72,9.5,122.33
ORD-006226,2025-12-16,CUST-01783,Sarah Baker,21,Male,Europe,Spain,Electronics,Canon EOS R50 Camera,1,982.56,0.0,982.56,12.5,122.82
ORD-006227,2025-12-16,CUST-00923,Priya Thomas,31,Male,Latin America,Argentina,Clothing,North Face Fleece Jacket,3,123.14,3.0,358.34,38.9,139.39
ORD-006228,2025-12-16,CUST-00884,Michael Schmidt,56,Female,North America,USA,Sports & Outdoors,Foam Roller Set,3,31.11,6.0,87.73,26.9,23.6
ORD-006229,2025-12-16,CUST-01741,Sophia Müller,32,Male,Europe,Netherlands,Sports & Outdoors,Spalding NBA Basketball,3,50.44,0.0,151.32,28.2,42.67
ORD-006230,2025-12-16,CUST-00525,Zara Torres,37,Female,Middle East,Qatar,Electronics,Ring Video Doorbell,1,145.94,8.0,134.26,11.0,14.77
ORD-006231,2025-12-16,CUST-00751,James Williams,34,Female,Middle East,Saudi Arabia,Beauty & Personal Care,Dyson Airwrap Styler,1,644.8,32.0,438.46,42.3,185.47
ORD-006232,2025-12-16,CUST-01315,Riley Baker,42,Female,Asia Pacific,India,Sports & Outdoors,Trek FX3 Bicycle,2,953.19,6.0,1792.0,23.0,412.16
ORD-006233,2025-12-16,CUST-01001,Priya Schmidt,46,Male,Middle East,UAE,Electronics,Apple MacBook Air M2,2,1477.11,7.0,2747.42,18.6,511.02
ORD-006234,2025-12-16,CUST-01179,Oliver Hill,42,Female,Europe,Netherlands,Home & Kitchen,Ninja Air Fryer XL,3,126.29,28.0,272.79,27.4,74.74
ORD-006235,2025-12-16,CUST-00222,Ethan Kim,25,Male,Latin America,Argentina,Clothing,Converse Chuck Taylor All Star,4,89.87,40.0,215.69,45.3,97.71
ORD-006236,2025-12-16,CUST-01393,Sophia Flores,40,Male,Middle East,Qatar,Clothing,Converse Chuck Taylor All Star,2,89.68,14.0,154.25,50.7,78.2
ORD-006237,2025-12-16,CUST-00781,Zara Adams,34,Female,Europe,UK,Electronics,Ring Video Doorbell,2,149.44,30.0,209.22,10.2,21.34
ORD-006238,2025-12-16,CUST-00693,Amelia Young,36,Male,Middle East,Saudi Arabia,Clothing,Converse Chuck Taylor All Star,2,80.8,25.0,121.2,41.8,50.66
ORD-006239,2025-12-16,CUST-01539,Ali Hall,58,Female,Latin America,Brazil,Electronics,Apple Watch Series 9,1,556.02,33.0,372.53,18.2,67.8
ORD-006240,2025-12-16,CUST-00878,Rafael Martin,18,Male,Middle East,Saudi Arabia,Electronics,Dell XPS 15 Laptop,2,1334.69,24.0,2028.73,13.8,279.96
ORD-006241,2025-12-16,CUST-00643,Harry Jones,48,Female,North America,Mexico,Beauty & Personal Care,Charlotte Tilbury Lipstick,4,42.1,9.0,153.24,54.8,83.98
ORD-006242,2025-12-16,CUST-00657,Ravi Harris,54,Male,Latin America,Colombia,Beauty & Personal Care,La Mer Moisturizing Cream,2,354.26,34.0,467.62,46.4,216.98
ORD-006243,2025-12-16,CUST-00728,Sofia Carter,49,Female,Europe,Italy,Beauty & Personal Care,Foreo LUNA Face Massager,1,139.29,22.0,108.65,59.9,65.08
ORD-006244,2025-12-16,CUST-00344,Noah Wright,24,Female,Europe,Netherlands,Sports & Outdoors,Foam Roller Set,2,41.47,15.0,70.5,25.5,17.98
ORD-006245,2025-12-16,CUST-01097,Susan Flores,48,Male,Europe,Germany,Sports & Outdoors,Trek FX3 Bicycle,3,1025.76,12.0,2708.01,20.1,544.31
ORD-006246,2025-12-16,CUST-01089,Ethan Walker,42,Female,North America,Canada,Clothing,Calvin Klein Underwear Set,2,36.17,9.0,65.83,36.9,24.29
ORD-006247,2025-12-17,CUST-01406,Ravi Williams,25,Male,Asia Pacific,South Korea,Home & Kitchen,KitchenAid Stand Mixer,3,416.26,5.0,1186.34,23.1,274.04
ORD-006248,2025-12-17,CUST-00482,Mary Smith,25,Female,Latin America,Argentina,Home & Kitchen,Air Purifier HEPA,1,198.45,0.0,198.45,24.5,48.62
ORD-006249,2025-12-17,CUST-01402,Susan Scott,43,Male,Middle East,Qatar,Home & Kitchen,Smart Thermostat Google Nest,2,192.91,26.0,285.51,30.0,85.65
ORD-006250,2025-12-17,CUST-01119,Fatima Young,42,Male,Latin America,Brazil,Electronics,Kindle Paperwhite,2,173.39,0.0,346.78,14.9,51.67
ORD-006251,2025-12-17,CUST-00887,Olivia King,44,Female,Europe,Spain,Sports & Outdoors,Fitbit Charge 6,2,208.59,16.0,350.43,28.1,98.47
ORD-006252,2025-12-17,CUST-01462,Yuki Flores,49,Male,North America,Mexico,Home & Kitchen,Ninja Air Fryer XL,3,127.58,0.0,382.74,37.7,144.29
ORD-006253,2025-12-17,CUST-00330,Thomas Williams,29,Female,Middle East,Qatar,Electronics,iPad Pro 11-inch,2,1195.5,0.0,2391.0,13.4,320.39
ORD-006254,2025-12-17,CUST-00966,Olivia Hall,31,Female,Latin America,Brazil,Electronics,Samsung Galaxy S24,2,1098.97,21.0,1736.37,14.8,256.98
ORD-006255,2025-12-17,CUST-01593,Linda Wright,39,Male,Asia Pacific,Japan,Sports & Outdoors,Peloton Bike+,2,2809.92,0.0,5619.84,22.8,1281.32
ORD-006256,2025-12-17,CUST-01072,Patricia Green,25,Female,Asia Pacific,Australia,Home & Kitchen,Cuisinart 12-Piece Cookware Set,2,309.22,0.0,618.44,25.7,158.94
ORD-006257,2025-12-17,CUST-01771,Lucas Wang,33,Female,Latin America,Argentina,Sports & Outdoors,Wilson Tennis Racket Pro,2,197.94,11.0,352.33,25.3,89.14
ORD-006258,2025-12-17,CUST-00470,Noah Baker,37,Female,Asia Pacific,India,Electronics,Samsung Galaxy S24,1,1057.41,0.0,1057.41,15.3,161.78
ORD-006259,2025-12-17,CUST-01357,Zara Adams,18,Female,North America,Mexico,Clothing,Calvin Klein Underwear Set,3,40.98,0.0,122.94,52.7,64.79
ORD-006260,2025-12-17,CUST-01541,Mason Müller,58,Female,Latin America,Colombia,Beauty & Personal Care,Bath & Body Works Candle Set,2,48.93,0.0,97.86,46.0,45.02
ORD-006261,2025-12-17,CUST-00829,Mia Schmidt,37,Female,Asia Pacific,Japan,Electronics,iPhone 15 Pro,1,1149.86,30.0,804.9,17.2,138.44
ORD-006262,2025-12-17,CUST-00171,Priya Torres,33,Male,Asia Pacific,India,Home & Kitchen,French Press Coffee Maker,2,34.03,33.0,45.6,35.7,16.28
ORD-006263,2025-12-17,CUST-01673,Patricia Martin,48,Male,Latin America,Colombia,Sports & Outdoors,Spalding NBA Basketball,1,38.25,0.0,38.25,23.4,8.95
ORD-006264,2025-12-17,CUST-01551,Linda Chen,35,Female,North America,Canada,Electronics,Sony PlayStation 5,1,738.54,30.0,516.98,16.9,87.37
ORD-006265,2025-12-17,CUST-01445,Sarah Davis,57,Male,Middle East,Qatar,Beauty & Personal Care,Neutrogena SPF 50 Sunscreen,3,18.74,24.0,42.73,52.6,22.48
ORD-006266,2025-12-17,CUST-00751,James Williams,34,Female,Middle East,Saudi Arabia,Electronics,Sony WH-1000XM5 Headphones,1,370.7,0.0,370.7,8.3,30.77
ORD-006267,2025-12-17,CUST-00199,Mia Thompson,39,Female,Europe,Italy,Home & Kitchen,IKEA KALLAX Shelf Unit,2,178.68,8.0,328.77,24.3,79.89
ORD-006268,2025-12-17,CUST-01059,Riley Torres,51,Male,Europe,Italy,Home & Kitchen,Bamboo Cutting Board Set,2,52.73,21.0,83.31,26.4,21.99
ORD-006269,2025-12-17,CUST-01392,Susan Smith,37,Female,North America,Canada,Beauty & Personal Care,Olaplex No.3 Hair Perfector,2,36.29,32.0,49.35,49.6,24.48
ORD-006270,2025-12-17,CUST-01405,Lucas Thompson,58,Female,Asia Pacific,Singapore,Electronics,Bose SoundLink Speaker,2,255.58,5.0,485.6,13.6,66.04
ORD-006271,2025-12-17,CUST-01740,Mia Scott,36,Female,Latin America,Colombia,Beauty & Personal Care,Philips Norelco Shaver,2,158.13,10.0,284.63,58.1,165.37
ORD-006272,2025-12-17,CUST-00024,Layla Thompson,37,Female,Middle East,Qatar,Home & Kitchen,Weighted Blanket 15lbs,2,106.33,5.0,202.03,26.1,52.73
ORD-006273,2025-12-18,CUST-01130,Ahmed Müller,41,Female,Latin America,Brazil,Electronics,GoPro Hero 12,1,436.13,10.0,392.52,15.3,60.06
ORD-006274,2025-12-18,CUST-00537,Fatima Taylor,28,Male,Europe,Spain,Home & Kitchen,Bamboo Cutting Board Set,3,45.8,37.0,86.56,35.6,30.82
ORD-006275,2025-12-18,CUST-00671,Chen Hall,46,Male,Latin America,Brazil,Home & Kitchen,Ninja Air Fryer XL,3,152.44,2.0,448.17,33.9,151.93
ORD-006276,2025-12-18,CUST-01658,Priya Ahmed,52,Male,Latin America,Brazil,Beauty & Personal Care,Oral-B Electric Toothbrush Pro,3,110.78,2.0,325.69,50.1,163.17
ORD-006277,2025-12-18,CUST-00357,William Fernandez,38,Female,Middle East,Saudi Arabia,Clothing,Levi's 501 Jeans,1,98.64,4.0,94.69,43.8,41.47
ORD-006278,2025-12-18,CUST-00855,Oliver Martinez,18,Female,Europe,Germany,Sports & Outdoors,Camping Sleeping Bag -10°C,2,115.93,1.0,229.54,35.8,82.18
ORD-006279,2025-12-18,CUST-01539,Ali Hall,58,Female,Latin America,Brazil,Sports & Outdoors,Spalding NBA Basketball,3,36.49,0.0,109.47,25.5,27.91
ORD-006280,2025-12-18,CUST-00469,Mia Mitchell,52,Female,Asia Pacific,India,Home & Kitchen,Philips Hue Smart Bulb Set,3,102.23,24.0,233.08,21.4,49.88
ORD-006281,2025-12-18,CUST-01136,Liam King,26,Male,Middle East,Saudi Arabia,Home & Kitchen,LED Desk Lamp with USB,3,46.3,0.0,138.9,34.8,48.34
ORD-006282,2025-12-18,CUST-00406,Harry King,31,Female,Latin America,Argentina,Sports & Outdoors,Garmin GPS Running Watch,3,481.81,12.0,1271.98,37.7,479.54
ORD-006283,2025-12-18,CUST-01059,Riley Torres,51,Male,Europe,Italy,Electronics,Dell XPS 15 Laptop,2,1350.66,11.0,2404.17,8.7,209.16
ORD-006284,2025-12-18,CUST-01445,Sarah Davis,57,Male,Middle East,Qatar,Electronics,"LG OLED 55"" TV",2,1861.31,33.0,2494.16,10.9,271.86
ORD-006285,2025-12-18,CUST-01297,Ethan Williams,18,Male,Europe,Spain,Electronics,Ring Video Doorbell,2,216.5,17.0,359.39,14.7,52.83
ORD-006286,2025-12-18,CUST-01357,Zara Adams,18,Female,North America,Mexico,Beauty & Personal Care,Oral-B Electric Toothbrush Pro,2,94.31,25.0,141.47,39.2,55.46
ORD-006287,2025-12-18,CUST-00399,Fatima Hall,28,Male,Europe,Spain,Beauty & Personal Care,Dyson Airwrap Styler,4,663.76,30.0,1858.53,46.0,854.92
ORD-006288,2025-12-18,CUST-01800,Harry Wright,27,Male,Europe,Italy,Sports & Outdoors,Camping Sleeping Bag -10°C,2,147.72,2.0,289.53,28.5,82.52
ORD-006289,2025-12-18,CUST-00844,Amelia Miller,39,Female,Europe,Netherlands,Electronics,iPad Pro 11-inch,1,1162.15,7.0,1080.8,8.2,88.63
ORD-006290,2025-12-18,CUST-00738,Charles Miller,19,Male,Asia Pacific,Australia,Electronics,Sony PlayStation 5,2,706.6,32.0,960.98,18.6,178.74
ORD-006291,2025-12-18,CUST-01036,Michael Taylor,36,Female,Asia Pacific,Singapore,Electronics,iPhone 15 Pro,1,1131.77,21.0,894.1,16.0,143.06
ORD-006292,2025-12-18,CUST-00446,Mia Ali,56,Female,North America,USA,Home & Kitchen,Philips Hue Smart Bulb Set,1,73.15,20.0,58.52,25.6,14.98
ORD-006293,2025-12-18,CUST-01060,Sarah Jones,31,Male,Latin America,Brazil,Sports & Outdoors,Coleman 4-Person Camping Tent,1,144.29,0.0,144.29,35.2,50.79
ORD-006294,2025-12-18,CUST-01004,Emma Taylor,43,Female,Middle East,Saudi Arabia,Electronics,Canon EOS R50 Camera,2,907.62,21.0,1434.04,13.1,187.86
ORD-006295,2025-12-18,CUST-01549,Mary King,53,Male,Europe,Spain,Home & Kitchen,Nespresso Vertuo Coffee Machine,2,183.13,0.0,366.26,34.0,124.53
ORD-006296,2025-12-19,CUST-00094,Barbara Johnson,37,Male,Asia Pacific,Australia,Clothing,Puma Running Shorts,4,39.8,47.0,84.38,43.1,36.37
ORD-006297,2025-12-19,CUST-01530,Hana Anderson,47,Female,North America,USA,Sports & Outdoors,Resistance Bands Set,3,38.24,0.0,114.72,23.3,26.73
ORD-006298,2025-12-19,CUST-01095,Richard Harris,59,Male,Middle East,UAE,Sports & Outdoors,TRX Suspension Trainer,3,202.68,4.0,583.72,21.7,126.67
ORD-006299,2025-12-19,CUST-01527,Lisa Chen,39,Female,Latin America,Colombia,Beauty & Personal Care,The Ordinary Serum Set,2,24.86,0.0,49.72,39.9,19.84
ORD-006300,2025-12-19,CUST-00103,Karen Flores,32,Male,Latin America,Argentina,Clothing,Under Armour Sports Bra,3,64.88,0.0,194.64,42.7,83.11
ORD-006301,2025-12-19,CUST-01256,Charlotte Kim,42,Male,Middle East,UAE,Beauty & Personal Care,Olaplex No.3 Hair Perfector,4,41.5,12.0,146.08,56.5,82.54
ORD-006302,2025-12-19,CUST-00304,Lisa Martinez,24,Male,Europe,Spain,Electronics,iPad Pro 11-inch,2,1137.88,0.0,2275.76,17.0,386.88
ORD-006303,2025-12-19,CUST-00830,Chen Brown,19,Female,North America,USA,Beauty & Personal Care,Foreo LUNA Face Massager,5,155.24,28.0,558.86,46.8,261.55
ORD-006304,2025-12-19,CUST-00654,Mary Martinez,21,Male,North America,Canada,Electronics,Sony PlayStation 5,2,672.74,6.0,1264.75,16.3,206.15
ORD-006305,2025-12-19,CUST-01326,Priya Brown,30,Female,Middle East,Saudi Arabia,Sports & Outdoors,Hydro Flask 32oz Water Bottle,3,66.29,39.0,121.31,36.1,43.79
ORD-006306,2025-12-19,CUST-00676,Mason Dupont,41,Female,North America,USA,Electronics,Samsung Galaxy S24,1,1148.04,0.0,1148.04,19.2,220.42
ORD-006307,2025-12-19,CUST-01632,Carlos Wilson,18,Male,Latin America,Argentina,Beauty & Personal Care,La Mer Moisturizing Cream,1,305.47,0.0,305.47,57.2,174.73
ORD-006308,2025-12-19,CUST-01580,Charlotte Rossi,28,Male,Middle East,Saudi Arabia,Home & Kitchen,LED Desk Lamp with USB,1,52.62,0.0,52.62,22.1,11.63
ORD-006309,2025-12-19,CUST-00849,Isabella Hall,24,Female,Middle East,Qatar,Clothing,Timberland Boots,4,242.33,0.0,969.32,38.9,377.07
ORD-006310,2025-12-19,CUST-01506,Susan Martin,23,Female,North America,Canada,Electronics,iPad Pro 11-inch,2,1037.65,7.0,1930.03,16.0,308.8
ORD-006311,2025-12-19,CUST-00923,Priya Thomas,31,Male,Latin America,Argentina,Electronics,iPad Pro 11-inch,2,932.8,15.0,1585.76,19.4,307.64
ORD-006312,2025-12-19,CUST-00049,Patricia Taylor,32,Female,Middle East,UAE,Sports & Outdoors,Trek FX3 Bicycle,2,889.8,17.0,1477.07,33.4,493.34
ORD-006313,2025-12-19,CUST-01244,Sophia Patel,40,Female,Asia Pacific,Australia,Home & Kitchen,KitchenAid Stand Mixer,1,457.27,22.0,356.67,25.8,92.02
ORD-006314,2025-12-19,CUST-00351,Lisa Taylor,44,Female,Latin America,Colombia,Clothing,Puma Running Shorts,2,31.17,32.0,42.39,43.9,18.61
ORD-006315,2025-12-20,CUST-00669,Ahmed Müller,54,Female,Europe,Italy,Home & Kitchen,Weighted Blanket 15lbs,3,73.51,0.0,220.53,39.4,86.89
ORD-006316,2025-12-20,CUST-00923,Priya Thomas,31,Male,Latin America,Argentina,Home & Kitchen,Cuisinart 12-Piece Cookware Set,1,242.12,0.0,242.12,34.1,82.56
ORD-006317,2025-12-20,CUST-00382,Fatima Lee,21,Female,Latin America,Brazil,Clothing,Puma Running Shorts,2,46.74,0.0,93.48,37.0,34.59
ORD-006318,2025-12-20,CUST-01661,Patricia Walker,46,Female,Europe,UK,Electronics,Canon EOS R50 Camera,2,936.12,0.0,1872.24,13.0,243.39
ORD-006319,2025-12-20,CUST-00278,Ravi Santos,28,Male,Europe,Spain,Beauty & Personal Care,Philips Norelco Shaver,1,142.64,32.0,97.0,52.6,51.02
ORD-006320,2025-12-20,CUST-01440,Isabella Kim,40,Female,Middle East,Saudi Arabia,Home & Kitchen,IKEA KALLAX Shelf Unit,3,236.72,31.0,490.01,37.7,184.73
ORD-006321,2025-12-20,CUST-00119,Richard Johnson,37,Male,North America,USA,Electronics,"LG OLED 55"" TV",1,2167.76,0.0,2167.76,18.5,401.04
ORD-006322,2025-12-20,CUST-01201,Muhammad Patel,63,Female,Latin America,Argentina,Electronics,Samsung Galaxy S24,2,1062.8,11.0,1891.78,15.3,289.44
ORD-006323,2025-12-20,CUST-00846,Ana Allen,27,Female,Europe,UK,Sports & Outdoors,Resistance Bands Set,3,25.22,0.0,75.66,23.8,18.01
ORD-006324,2025-12-20,CUST-00127,James Nguyen,41,Female,Asia Pacific,Japan,Clothing,Converse Chuck Taylor All Star,1,81.6,27.0,59.57,43.4,25.85
ORD-006325,2025-12-20,CUST-01624,Harry Green,26,Male,Middle East,UAE,Home & Kitchen,Cuisinart 12-Piece Cookware Set,1,216.76,0.0,216.76,31.2,67.63
ORD-006326,2025-12-20,CUST-01657,Liam Brown,45,Male,North America,Canada,Electronics,Sony WH-1000XM5 Headphones,1,390.32,0.0,390.32,19.5,76.11
ORD-006327,2025-12-20,CUST-00485,Michael Carter,46,Male,Middle East,UAE,Electronics,Samsung Galaxy S24,1,1229.08,0.0,1229.08,16.2,199.11
ORD-006328,2025-12-20,CUST-00006,Liam Young,44,Female,Europe,Netherlands,Home & Kitchen,Weighted Blanket 15lbs,1,76.97,5.0,73.12,37.3,27.27
ORD-006329,2025-12-20,CUST-01536,Laila Khan,18,Female,Middle East,Saudi Arabia,Clothing,Levi's 501 Jeans,3,86.02,0.0,258.06,37.7,97.29
ORD-006330,2025-12-20,CUST-00990,Yuki Martin,31,Female,Asia Pacific,Japan,Home & Kitchen,Cuisinart 12-Piece Cookware Set,1,285.27,0.0,285.27,20.3,57.91
ORD-006331,2025-12-20,CUST-00387,Charlotte Adams,34,Female,North America,USA,Clothing,Timberland Boots,4,178.91,0.0,715.64,35.1,251.19
ORD-006332,2025-12-20,CUST-01592,Linda Wright,44,Male,Latin America,Argentina,Beauty & Personal Care,Philips Norelco Shaver,3,156.81,29.0,334.01,59.7,199.4
ORD-006333,2025-12-20,CUST-01256,Charlotte Kim,42,Male,Middle East,UAE,Clothing,Tommy Hilfiger Polo Shirt,2,91.12,0.0,182.24,37.1,67.61
ORD-006334,2025-12-20,CUST-00822,Ethan Lopez,31,Female,North America,Canada,Sports & Outdoors,Speedo Swim Goggles,1,24.58,35.0,15.98,21.7,3.47
ORD-006335,2025-12-20,CUST-01546,Carlos Rossi,24,Female,Latin America,Brazil,Sports & Outdoors,Trek FX3 Bicycle,3,894.87,36.0,1718.15,18.8,323.01
ORD-006336,2025-12-21,CUST-01341,Muhammad Flores,22,Male,Europe,UK,Clothing,Timberland Boots,3,219.63,33.0,441.46,35.3,155.84
ORD-006337,2025-12-21,CUST-00487,Sophia Green,21,Female,Middle East,UAE,Home & Kitchen,IKEA KALLAX Shelf Unit,1,188.26,1.0,186.38,32.6,60.76
ORD-006338,2025-12-21,CUST-00931,Joseph Ahmed,57,Female,Asia Pacific,India,Beauty & Personal Care,Moroccanoil Hair Oil,2,51.29,0.0,102.58,51.9,53.24
ORD-006339,2025-12-21,CUST-00015,Karen Wang,28,Female,Europe,Italy,Home & Kitchen,Ninja Air Fryer XL,2,143.41,0.0,286.82,34.8,99.81
ORD-006340,2025-12-21,CUST-00130,Harry Dupont,75,Female,Middle East,Saudi Arabia,Home & Kitchen,Nespresso Vertuo Coffee Machine,3,179.82,24.0,409.99,23.0,94.3
ORD-006341,2025-12-21,CUST-01073,Rafael Young,20,Female,North America,USA,Beauty & Personal Care,Olaplex No.3 Hair Perfector,1,40.17,12.0,35.35,51.6,18.24
ORD-006342,2025-12-21,CUST-00362,Lucas Kim,40,Male,Latin America,Colombia,Home & Kitchen,Ninja Air Fryer XL,1,179.95,0.0,179.95,33.7,60.64
ORD-006343,2025-12-21,CUST-01530,Hana Anderson,47,Female,North America,USA,Clothing,H&M Cotton T-Shirt Pack,1,34.61,9.0,31.5,30.2,9.51
ORD-006344,2025-12-21,CUST-01229,Layla Miller,46,Male,North America,Canada,Beauty & Personal Care,The Ordinary Serum Set,2,25.37,20.0,40.59,43.7,17.74
ORD-006345,2025-12-21,CUST-00682,Chen Chen,21,Female,Latin America,Brazil,Beauty & Personal Care,Oral-B Electric Toothbrush Pro,2,92.03,28.0,132.52,38.5,51.02
ORD-006346,2025-12-21,CUST-01163,Ali Martin,31,Female,Europe,Netherlands,Sports & Outdoors,Camping Sleeping Bag -10°C,3,123.49,3.0,359.36,32.3,116.07
ORD-006347,2025-12-21,CUST-01799,Isabella Rossi,62,Female,North America,Mexico,Clothing,Ray-Ban Aviator Sunglasses,2,187.58,24.0,285.12,38.7,110.34
ORD-006348,2025-12-21,CUST-00814,Fatima Adams,46,Female,Asia Pacific,Japan,Sports & Outdoors,Resistance Bands Set,1,36.3,24.0,27.59,37.4,10.32
ORD-006349,2025-12-21,CUST-00345,Layla Wright,35,Male,North America,Mexico,Clothing,North Face Fleece Jacket,3,177.54,12.0,468.71,50.6,237.17
ORD-006350,2025-12-21,CUST-01774,William Wright,26,Male,Latin America,Brazil,Clothing,Adidas Ultraboost Shoes,3,171.21,0.0,513.63,37.3,191.58
ORD-006351,2025-12-22,CUST-00111,Ava Allen,22,Male,Middle East,Saudi Arabia,Beauty & Personal Care,La Mer Moisturizing Cream,3,381.64,29.0,812.89,53.4,434.08
ORD-006352,2025-12-22,CUST-00729,James Baker,21,Male,Middle East,Qatar,Sports & Outdoors,Hydro Flask 32oz Water Bottle,3,51.56,0.0,154.68,23.5,36.35
ORD-006353,2025-12-22,CUST-01711,Ana Ahmed,37,Male,Asia Pacific,India,Electronics,iPad Pro 11-inch,1,1019.08,26.0,754.12,15.2,114.63
ORD-006354,2025-12-22,CUST-01661,Patricia Walker,46,Female,Europe,UK,Electronics,Dell XPS 15 Laptop,2,1330.73,13.0,2315.47,17.1,395.95
ORD-006355,2025-12-22,CUST-00475,Riley Roberts,28,Male,Middle East,Qatar,Beauty & Personal Care,Olaplex No.3 Hair Perfector,5,37.89,23.0,145.88,50.6,73.82
ORD-006356,2025-12-22,CUST-00697,Ana Williams,20,Female,Asia Pacific,Japan,Sports & Outdoors,Hydro Flask 32oz Water Bottle,2,49.3,32.0,67.05,24.8,16.63
ORD-006357,2025-12-22,CUST-00121,Carlos Thompson,24,Female,Latin America,Brazil,Beauty & Personal Care,The Ordinary Serum Set,3,32.37,7.0,90.31,36.2,32.69
ORD-006358,2025-12-22,CUST-00409,Fatima Müller,28,Female,Europe,Spain,Electronics,Ring Video Doorbell,1,175.15,6.0,164.64,12.9,21.24
ORD-006359,2025-12-22,CUST-00047,Patricia Kim,36,Male,Middle East,Qatar,Home & Kitchen,Roomba i7+ Robot Vacuum,1,824.43,28.0,593.59,28.4,168.58
ORD-006360,2025-12-22,CUST-01323,Ethan Khan,43,Female,Latin America,Colombia,Clothing,Timberland Boots,2,224.77,0.0,449.54,41.8,187.91
ORD-006361,2025-12-22,CUST-01453,Amelia Rossi,45,Male,North America,Mexico,Clothing,Adidas Ultraboost Shoes,2,195.43,24.0,297.05,46.6,138.43
ORD-006362,2025-12-22,CUST-00866,Liam Chen,46,Female,Asia Pacific,Singapore,Electronics,USB-C Hub 7-in-1,2,88.3,3.0,171.3,13.9,23.81
ORD-006363,2025-12-22,CUST-01678,Joseph Smith,28,Female,Middle East,UAE,Home & Kitchen,LED Desk Lamp with USB,1,47.11,12.0,41.46,20.9,8.67
ORD-006364,2025-12-22,CUST-00678,Oliver Patel,38,Female,Middle East,UAE,Sports & Outdoors,Peloton Bike+,1,2554.19,30.0,1787.93,34.5,616.84
ORD-006365,2025-12-22,CUST-01677,Liam Taylor,39,Female,Latin America,Argentina,Electronics,Apple Watch Series 9,2,492.84,15.0,837.83,14.2,118.97
ORD-006366,2025-12-22,CUST-00501,Olivia Roberts,27,Male,Middle East,Saudi Arabia,Electronics,Bose SoundLink Speaker,1,223.94,23.0,172.43,18.0,31.04
ORD-006367,2025-12-22,CUST-01715,Layla Khan,35,Male,Europe,Italy,Sports & Outdoors,Speedo Swim Goggles,1,32.65,36.0,20.9,33.6,7.02
ORD-006368,2025-12-22,CUST-00351,Lisa Taylor,44,Female,Latin America,Colombia,Electronics,iPad Pro 11-inch,1,1159.79,3.0,1125.0,19.8,222.75
ORD-006369,2025-12-22,CUST-00930,Ahmed Roberts,18,Female,North America,Mexico,Clothing,Tommy Hilfiger Polo Shirt,4,64.77,31.0,178.77,42.2,75.44
ORD-006370,2025-12-22,CUST-00817,Rafael Brown,30,Male,Middle East,UAE,Home & Kitchen,Nespresso Vertuo Coffee Machine,3,255.64,15.0,651.88,25.9,168.84
ORD-006371,2025-12-22,CUST-00763,Ethan Flores,32,Male,North America,USA,Electronics,Dell XPS 15 Laptop,2,1457.88,26.0,2157.66,18.3,394.85
ORD-006372,2025-12-22,CUST-01050,Priya Allen,36,Male,Middle East,UAE,Clothing,Calvin Klein Underwear Set,2,33.8,0.0,67.6,42.9,29.0
ORD-006373,2025-12-22,CUST-00502,Jennifer Fernandez,30,Female,Middle East,UAE,Home & Kitchen,KitchenAid Stand Mixer,3,445.96,0.0,1337.88,24.6,329.12
ORD-006374,2025-12-22,CUST-00401,Sofia Fernandez,32,Female,Latin America,Argentina,Home & Kitchen,Weighted Blanket 15lbs,1,71.1,0.0,71.1,36.3,25.81
ORD-006375,2025-12-22,CUST-00215,Mia Wright,33,Male,North America,Canada,Electronics,Sony WH-1000XM5 Headphones,1,394.93,0.0,394.93,9.0,35.54
ORD-006376,2025-12-22,CUST-01412,Thomas Nelson,52,Female,Latin America,Brazil,Beauty & Personal Care,Bath & Body Works Candle Set,4,35.95,14.0,123.67,43.0,53.18
ORD-006377,2025-12-22,CUST-01771,Lucas Wang,33,Female,Latin America,Argentina,Beauty & Personal Care,Charlotte Tilbury Lipstick,5,45.05,7.0,209.48,56.7,118.78
ORD-006378,2025-12-23,CUST-01713,Harry Khan,18,Female,Asia Pacific,Singapore,Beauty & Personal Care,Dyson Airwrap Styler,5,588.75,0.0,2943.75,53.4,1571.96
ORD-006379,2025-12-23,CUST-00367,Sarah Martinez,35,Female,Asia Pacific,India,Home & Kitchen,Weighted Blanket 15lbs,1,75.88,35.0,49.32,23.6,11.64
ORD-006380,2025-12-23,CUST-00941,Jessica Patel,35,Female,Middle East,Saudi Arabia,Home & Kitchen,Cuisinart 12-Piece Cookware Set,1,288.84,38.0,179.08,22.8,40.83
ORD-006381,2025-12-23,CUST-01276,Wei Wright,19,Male,Europe,UK,Electronics,Canon EOS R50 Camera,2,861.8,22.0,1344.41,15.0,201.66
ORD-006382,2025-12-23,CUST-00464,Sofia Ahmed,28,Female,North America,Canada,Home & Kitchen,Smart Thermostat Google Nest,1,203.52,22.0,158.75,30.5,48.42
ORD-006383,2025-12-23,CUST-00865,Wei Jones,43,Female,Europe,UK,Electronics,Canon EOS R50 Camera,1,1016.86,23.0,782.98,13.2,103.35
ORD-006384,2025-12-23,CUST-00845,Hana Jones,49,Female,Latin America,Colombia,Electronics,iPhone 15 Pro,1,1259.28,0.0,1259.28,15.1,190.15
ORD-006385,2025-12-23,CUST-01537,Riley Torres,42,Male,Latin America,Argentina,Home & Kitchen,IKEA KALLAX Shelf Unit,2,192.12,0.0,384.24,37.4,143.71
ORD-006386,2025-12-23,CUST-00830,Chen Brown,19,Female,North America,USA,Sports & Outdoors,Yoga Mat Premium Non-Slip,1,67.18,28.0,48.37,35.6,17.22
ORD-006387,2025-12-23,CUST-00864,William Singh,34,Female,Middle East,Saudi Arabia,Clothing,Zara Wool Coat,3,226.98,42.0,394.95,47.4,187.21
ORD-006388,2025-12-23,CUST-00034,Layla Ahmed,42,Female,Latin America,Brazil,Beauty & Personal Care,Dyson Airwrap Styler,1,639.4,0.0,639.4,53.7,343.36
ORD-006389,2025-12-23,CUST-00739,Ahmed Martinez,18,Female,Europe,Netherlands,Clothing,Adidas Ultraboost Shoes,1,167.49,24.0,127.29,47.5,60.46
ORD-006390,2025-12-23,CUST-00892,Aiden White,39,Female,North America,Canada,Clothing,Calvin Klein Underwear Set,2,48.36,7.0,89.95,44.4,39.94
ORD-006391,2025-12-23,CUST-01758,Sarah Jackson,38,Female,Europe,Germany,Electronics,iPhone 15 Pro,2,1296.34,0.0,2592.68,10.3,267.05
ORD-006392,2025-12-23,CUST-00078,Joseph Johnson,28,Male,Asia Pacific,India,Home & Kitchen,Nespresso Vertuo Coffee Machine,2,187.87,37.0,236.72,30.8,72.91
ORD-006393,2025-12-23,CUST-01463,Richard Wang,19,Female,Europe,UK,Clothing,H&M Cotton T-Shirt Pack,2,27.27,7.0,50.72,52.6,26.68
ORD-006394,2025-12-24,CUST-01774,William Wright,26,Male,Latin America,Brazil,Electronics,"LG OLED 55"" TV",1,2081.51,22.0,1623.58,16.8,272.76
ORD-006395,2025-12-24,CUST-00071,Isabella Wilson,32,Male,Latin America,Colombia,Electronics,iPad Pro 11-inch,1,1121.97,14.0,964.89,13.3,128.33
ORD-006396,2025-12-24,CUST-00936,Zara Johnson,47,Female,Asia Pacific,Singapore,Clothing,Ray-Ban Aviator Sunglasses,3,162.93,41.0,288.39,36.1,104.11
ORD-006397,2025-12-24,CUST-00818,Sofia Thompson,24,Female,Asia Pacific,Australia,Electronics,Samsung Galaxy S24,1,1027.04,0.0,1027.04,9.0,92.43
ORD-006398,2025-12-24,CUST-01206,Liam Mitchell,43,Male,Latin America,Argentina,Beauty & Personal Care,Oral-B Electric Toothbrush Pro,5,101.84,4.0,488.83,55.0,268.86
ORD-006399,2025-12-24,CUST-00167,Zara Hill,35,Male,Middle East,Saudi Arabia,Sports & Outdoors,Garmin GPS Running Watch,3,341.35,6.0,962.61,29.5,283.97
ORD-006400,2025-12-24,CUST-01483,James Thompson,40,Male,Latin America,Colombia,Electronics,Dell XPS 15 Laptop,2,1582.55,30.0,2215.57,12.5,276.95
ORD-006401,2025-12-24,CUST-00122,Priya Taylor,36,Male,Europe,Spain,Home & Kitchen,Cuisinart 12-Piece Cookware Set,2,234.46,27.0,342.31,22.4,76.68
ORD-006402,2025-12-24,CUST-01453,Amelia Rossi,45,Male,North America,Mexico,Sports & Outdoors,Trek FX3 Bicycle,1,807.63,13.0,702.64,30.6,215.01
ORD-006403,2025-12-24,CUST-00831,Riley Lopez,39,Female,Latin America,Colombia,Home & Kitchen,Ninja Air Fryer XL,2,154.08,0.0,308.16,37.3,114.94
ORD-006404,2025-12-24,CUST-00233,Susan Thompson,49,Male,Latin America,Argentina,Home & Kitchen,Bamboo Cutting Board Set,2,58.96,6.0,110.84,31.1,34.47
ORD-006405,2025-12-24,CUST-00595,Layla Smith,41,Male,Middle East,Qatar,Home & Kitchen,Nespresso Vertuo Coffee Machine,2,190.22,25.0,285.33,39.9,113.85
ORD-006406,2025-12-24,CUST-01497,Zara Smith,30,Male,Latin America,Argentina,Clothing,Zara Wool Coat,4,227.78,33.0,610.45,43.8,267.38
ORD-006407,2025-12-24,CUST-01705,Isabella Nguyen,18,Female,Middle East,Saudi Arabia,Beauty & Personal Care,CeraVe Moisturizing Cream,5,18.99,18.0,77.86,40.1,31.22
ORD-006408,2025-12-24,CUST-00123,Lisa Patel,35,Male,North America,Mexico,Sports & Outdoors,Yoga Mat Premium Non-Slip,3,54.23,20.0,130.15,35.3,45.94
ORD-006409,2025-12-25,CUST-01032,Michael Dupont,18,Male,North America,USA,Electronics,Dell XPS 15 Laptop,2,1313.38,35.0,1707.39,8.8,150.25
ORD-006410,2025-12-25,CUST-01404,Oliver Green,43,Female,North America,Mexico,Electronics,Apple Watch Series 9,2,546.58,0.0,1093.16,16.3,178.19
ORD-006411,2025-12-25,CUST-00922,Sophia Chen,54,Female,Latin America,Brazil,Beauty & Personal Care,Bioderma Micellar Water 500ml,3,16.82,0.0,50.46,47.1,23.77
ORD-006412,2025-12-25,CUST-01120,Susan Anderson,18,Male,Latin America,Brazil,Electronics,Kindle Paperwhite,1,149.08,0.0,149.08,18.0,26.83
ORD-006413,2025-12-25,CUST-00360,Layla Lee,43,Female,Asia Pacific,Australia,Electronics,iPad Pro 11-inch,2,954.2,0.0,1908.4,17.7,337.79
ORD-006414,2025-12-25,CUST-01247,Liam Ali,40,Female,North America,Mexico,Home & Kitchen,Instant Pot Duo 7-in-1,1,130.87,10.0,117.78,23.1,27.21
ORD-006415,2025-12-25,CUST-00080,Sofia Mitchell,35,Female,Asia Pacific,South Korea,Clothing,Converse Chuck Taylor All Star,4,62.01,11.0,220.76,33.7,74.4
ORD-006416,2025-12-25,CUST-01717,Priya Müller,23,Female,Asia Pacific,Australia,Beauty & Personal Care,Foreo LUNA Face Massager,3,171.25,0.0,513.75,57.7,296.43
ORD-006417,2025-12-25,CUST-01635,Muhammad Johnson,18,Male,North America,Mexico,Electronics,Apple Watch Series 9,2,589.96,0.0,1179.92,12.1,142.77
ORD-006418,2025-12-25,CUST-00442,Ethan Thomas,36,Female,Middle East,UAE,Sports & Outdoors,Resistance Bands Set,3,22.38,0.0,67.14,24.6,16.52
ORD-006419,2025-12-25,CUST-00836,Fatima Santos,66,Female,Europe,Spain,Electronics,Kindle Paperwhite,1,151.28,0.0,151.28,14.9,22.54
ORD-006420,2025-12-25,CUST-00473,Fatima Khan,35,Female,Europe,UK,Home & Kitchen,Smart Thermostat Google Nest,3,156.9,0.0,470.7,21.8,102.61
ORD-006421,2025-12-25,CUST-01669,Sarah Wilson,49,Male,Latin America,Argentina,Electronics,Apple Watch Series 9,1,508.76,8.0,468.06,9.8,45.87
ORD-006422,2025-12-25,CUST-01699,Yuki Lopez,40,Female,Asia Pacific,South Korea,Electronics,Bose SoundLink Speaker,2,206.6,0.0,413.2,15.7,64.87
ORD-006423,2025-12-25,CUST-01335,Aiden Lee,47,Female,Latin America,Argentina,Clothing,Calvin Klein Underwear Set,4,35.55,6.0,133.67,32.2,43.04
ORD-006424,2025-12-25,CUST-00558,Muhammad White,50,Female,Latin America,Brazil,Electronics,Apple Watch Series 9,2,567.5,30.0,794.5,11.7,92.96
ORD-006425,2025-12-25,CUST-00516,Isabella Kim,48,Female,Asia Pacific,Singapore,Electronics,Canon EOS R50 Camera,1,786.19,0.0,786.19,18.2,143.09
ORD-006426,2025-12-25,CUST-01191,Linda Lee,39,Female,North America,Mexico,Electronics,Sony PlayStation 5,1,670.94,22.0,523.33,19.9,104.14
ORD-006427,2025-12-25,CUST-00460,Lisa Schmidt,47,Male,Middle East,UAE,Sports & Outdoors,Coleman 4-Person Camping Tent,3,194.81,0.0,584.43,24.9,145.52
ORD-006428,2025-12-25,CUST-00903,Wei Ahmed,40,Female,North America,USA,Sports & Outdoors,Garmin GPS Running Watch,2,390.89,42.0,453.43,29.1,131.95
ORD-006429,2025-12-25,CUST-00136,Ahmed Nguyen,18,Male,Europe,UK,Home & Kitchen,Cuisinart 12-Piece Cookware Set,2,267.41,0.0,534.82,24.1,128.89
ORD-006430,2025-12-25,CUST-00824,Amelia Harris,28,Female,Europe,Spain,Electronics,"LG OLED 55"" TV",1,1943.39,20.0,1554.71,15.1,234.76
ORD-006431,2025-12-26,CUST-01118,Mason Garcia,33,Female,Middle East,Saudi Arabia,Electronics,"LG OLED 55"" TV",1,1855.78,0.0,1855.78,9.2,170.73
ORD-006432,2025-12-26,CUST-01256,Charlotte Kim,42,Male,Middle East,UAE,Clothing,North Face Fleece Jacket,1,119.8,17.0,99.43,51.7,51.41
ORD-006433,2025-12-26,CUST-01212,Jennifer Wilson,35,Female,North America,Canada,Clothing,Zara Wool Coat,3,164.05,0.0,492.15,33.9,166.84
ORD-006434,2025-12-26,CUST-01265,Ravi Williams,18,Male,Europe,France,Sports & Outdoors,Trek FX3 Bicycle,3,941.59,0.0,2824.77,19.7,556.48
ORD-006435,2025-12-26,CUST-00285,Mason Martinez,25,Male,Middle East,Saudi Arabia,Beauty & Personal Care,Fenty Beauty Foundation,5,41.13,0.0,205.65,54.7,112.49
ORD-006436,2025-12-26,CUST-00259,Lisa Dupont,18,Female,Asia Pacific,Australia,Clothing,Uniqlo Down Jacket,4,155.72,0.0,622.88,51.2,318.91
ORD-006437,2025-12-26,CUST-01789,Ravi Scott,22,Male,Europe,Italy,Beauty & Personal Care,Charlotte Tilbury Lipstick,5,44.3,0.0,221.5,55.7,123.38
ORD-006438,2025-12-26,CUST-01619,Aiden Johnson,41,Male,Latin America,Argentina,Electronics,GoPro Hero 12,2,489.41,17.0,812.42,8.9,72.31
ORD-006439,2025-12-26,CUST-01466,Laila Wilson,34,Female,Asia Pacific,Singapore,Beauty & Personal Care,Moroccanoil Hair Oil,2,30.82,30.0,43.15,35.3,15.23
ORD-006440,2025-12-26,CUST-01059,Riley Torres,51,Male,Europe,Italy,Beauty & Personal Care,Foreo LUNA Face Massager,4,122.05,0.0,488.2,44.7,218.23
ORD-006441,2025-12-26,CUST-01578,Patricia Santos,19,Male,Latin America,Argentina,Clothing,Timberland Boots,1,228.86,50.0,114.43,31.7,36.27
ORD-006442,2025-12-26,CUST-01101,Layla Mitchell,38,Male,Middle East,UAE,Home & Kitchen,KitchenAid Stand Mixer,1,511.01,9.0,465.02,38.9,180.89
ORD-006443,2025-12-26,CUST-01381,Lucas Fernandez,33,Male,Asia Pacific,India,Clothing,Gucci Belt,2,412.65,11.0,734.52,42.2,309.97
ORD-006444,2025-12-26,CUST-01742,Yuki Mitchell,38,Female,Europe,Germany,Home & Kitchen,LED Desk Lamp with USB,3,60.05,31.0,124.3,24.1,29.96
ORD-006445,2025-12-26,CUST-01742,Yuki Mitchell,38,Female,Europe,Germany,Sports & Outdoors,Camping Sleeping Bag -10°C,1,119.65,21.0,94.52,30.8,29.11
ORD-006446,2025-12-26,CUST-01594,Riley Johnson,18,Female,Asia Pacific,India,Clothing,Calvin Klein Underwear Set,4,46.71,33.0,125.18,39.1,48.95
ORD-006447,2025-12-26,CUST-00357,William Fernandez,38,Female,Middle East,Saudi Arabia,Clothing,H&M Cotton T-Shirt Pack,4,26.86,8.0,98.84,52.9,52.29
ORD-006448,2025-12-26,CUST-01800,Harry Wright,27,Male,Europe,Italy,Electronics,Samsung Galaxy S24,1,1168.55,21.0,923.15,16.0,147.7
ORD-006449,2025-12-26,CUST-01668,Olivia Nguyen,18,Female,Latin America,Brazil,Sports & Outdoors,Bowflex SelectTech Dumbbells,3,417.05,18.0,1025.94,35.6,365.23
ORD-006450,2025-12-26,CUST-01276,Wei Wright,19,Male,Europe,UK,Electronics,Ring Video Doorbell,2,142.96,0.0,285.92,14.5,41.46
ORD-006451,2025-12-26,CUST-01076,Richard Baker,40,Male,Latin America,Brazil,Sports & Outdoors,Peloton Bike+,2,2789.84,9.0,5077.51,23.6,1198.29
ORD-006452,2025-12-26,CUST-00058,Sophia Wilson,31,Female,Asia Pacific,Australia,Home & Kitchen,Dyson V15 Vacuum,3,789.49,15.0,2013.2,25.8,519.41
ORD-006453,2025-12-26,CUST-00782,Priya King,41,Female,Middle East,UAE,Beauty & Personal Care,Dyson Airwrap Styler,2,612.05,36.0,783.42,37.5,293.78
ORD-006454,2025-12-26,CUST-00038,Robert Schmidt,31,Male,Latin America,Brazil,Electronics,Canon EOS R50 Camera,2,934.34,8.0,1719.19,8.7,149.57
ORD-006455,2025-12-26,CUST-00708,John Torres,18,Female,Middle East,UAE,Home & Kitchen,Nespresso Vertuo Coffee Machine,2,261.68,25.0,392.52,23.1,90.67
ORD-006456,2025-12-26,CUST-00298,Richard Harris,41,Female,Europe,France,Clothing,H&M Cotton T-Shirt Pack,2,22.6,12.0,39.78,43.2,17.18
ORD-006457,2025-12-26,CUST-01265,Ravi Williams,18,Male,Europe,France,Sports & Outdoors,Foam Roller Set,1,46.99,33.0,31.48,35.0,11.02
ORD-006458,2025-12-26,CUST-01102,Layla Santos,40,Female,North America,Mexico,Electronics,iPhone 15 Pro,1,1442.37,7.0,1341.4,10.6,142.19
ORD-006459,2025-12-26,CUST-00965,Ali Patel,38,Male,North America,Canada,Electronics,Apple MacBook Air M2,2,1484.1,5.0,2819.79,8.5,239.68
ORD-006460,2025-12-26,CUST-00047,Patricia Kim,36,Male,Middle East,Qatar,Beauty & Personal Care,Olaplex No.3 Hair Perfector,1,43.06,0.0,43.06,58.6,25.23
ORD-006461,2025-12-26,CUST-00625,Laila Dupont,35,Female,Asia Pacific,Japan,Electronics,Bose SoundLink Speaker,1,226.18,27.0,165.11,17.9,29.55
ORD-006462,2025-12-26,CUST-00600,Carlos Torres,36,Female,Latin America,Argentina,Electronics,Dell XPS 15 Laptop,2,1815.05,0.0,3630.1,14.9,540.88
ORD-006463,2025-12-27,CUST-00628,Mia Rossi,29,Female,Latin America,Argentina,Sports & Outdoors,Hydro Flask 32oz Water Bottle,2,54.65,26.0,80.88,32.3,26.12
ORD-006464,2025-12-27,CUST-00356,Emma Kim,52,Male,Latin America,Brazil,Electronics,Apple MacBook Air M2,2,1300.32,0.0,2600.64,15.6,405.7
ORD-006465,2025-12-27,CUST-01676,Zara Patel,22,Female,Middle East,Qatar,Clothing,Adidas Ultraboost Shoes,3,179.84,32.0,366.87,33.9,124.37
ORD-006466,2025-12-27,CUST-00830,Chen Brown,19,Female,North America,USA,Electronics,Sony WH-1000XM5 Headphones,2,394.38,0.0,788.76,18.3,144.34
ORD-006467,2025-12-27,CUST-01073,Rafael Young,20,Female,North America,USA,Electronics,Apple Watch Series 9,1,536.14,0.0,536.14,17.4,93.29
ORD-006468,2025-12-27,CUST-00952,Ava Khan,33,Male,North America,Mexico,Sports & Outdoors,Hydro Flask 32oz Water Bottle,2,60.25,1.0,119.3,36.7,43.78
ORD-006469,2025-12-27,CUST-00829,Mia Schmidt,37,Female,Asia Pacific,Japan,Clothing,Adidas Ultraboost Shoes,3,209.2,32.0,426.77,41.3,176.26
ORD-006470,2025-12-27,CUST-01180,Susan Singh,49,Male,Asia Pacific,South Korea,Home & Kitchen,Bamboo Cutting Board Set,1,53.6,24.0,40.74,22.0,8.96
ORD-006471,2025-12-27,CUST-01498,Robert Martin,18,Female,Latin America,Brazil,Clothing,Levi's 501 Jeans,1,90.89,37.0,57.26,42.1,24.11
ORD-006472,2025-12-27,CUST-00090,Isabella Lopez,44,Male,Asia Pacific,India,Beauty & Personal Care,The Ordinary Serum Set,4,27.17,19.0,88.03,47.7,41.99
ORD-006473,2025-12-27,CUST-01185,Harry Wilson,29,Male,North America,USA,Clothing,Zara Wool Coat,1,174.11,33.0,116.65,43.7,50.98
ORD-006474,2025-12-27,CUST-00177,Riley Schmidt,45,Male,Middle East,UAE,Home & Kitchen,Dyson V15 Vacuum,2,711.1,0.0,1422.2,29.8,423.82
ORD-006475,2025-12-27,CUST-01405,Lucas Thompson,58,Female,Asia Pacific,Singapore,Beauty & Personal Care,Oral-B Electric Toothbrush Pro,4,115.26,0.0,461.04,58.4,269.25
ORD-006476,2025-12-27,CUST-00855,Oliver Martinez,18,Female,Europe,Germany,Clothing,Tommy Hilfiger Polo Shirt,3,60.78,17.0,151.34,37.1,56.15
ORD-006477,2025-12-27,CUST-00827,Ava Williams,40,Male,Europe,Netherlands,Electronics,Ring Video Doorbell,2,136.28,0.0,272.56,13.4,36.52
ORD-006478,2025-12-27,CUST-00784,Robert Thompson,33,Male,Middle East,Saudi Arabia,Electronics,"LG OLED 55"" TV",1,2152.57,0.0,2152.57,19.3,415.45
ORD-006479,2025-12-27,CUST-00318,Linda Nelson,28,Male,Latin America,Argentina,Clothing,Levi's 501 Jeans,3,97.09,0.0,291.27,51.4,149.71
ORD-006480,2025-12-27,CUST-00761,Priya Mitchell,20,Female,North America,Canada,Beauty & Personal Care,Charlotte Tilbury Lipstick,3,44.03,15.0,112.28,40.4,45.36
ORD-006481,2025-12-28,CUST-00051,Barbara Jackson,25,Female,Asia Pacific,Singapore,Home & Kitchen,Weighted Blanket 15lbs,2,90.68,24.0,137.83,27.2,37.49
ORD-006482,2025-12-28,CUST-00144,Lisa Smith,37,Male,Europe,France,Clothing,Calvin Klein Underwear Set,3,56.61,22.0,132.47,35.4,46.89
ORD-006483,2025-12-28,CUST-01775,Ava White,33,Male,Asia Pacific,Australia,Electronics,Dell XPS 15 Laptop,2,1469.77,0.0,2939.54,12.9,379.2
ORD-006484,2025-12-28,CUST-01190,Noah Roberts,22,Male,Europe,France,Sports & Outdoors,Hydro Flask 32oz Water Bottle,2,56.9,31.0,78.52,28.1,22.06
ORD-006485,2025-12-28,CUST-00968,David Wang,18,Male,Asia Pacific,Singapore,Clothing,Timberland Boots,4,241.91,39.0,590.26,42.8,252.63
ORD-006486,2025-12-28,CUST-01010,David Nelson,18,Male,Asia Pacific,Japan,Beauty & Personal Care,Tatcha Rice Wash Cleanser,1,63.37,19.0,51.33,53.6,27.51
ORD-006487,2025-12-28,CUST-01586,Robert Wright,22,Female,Middle East,UAE,Clothing,Puma Running Shorts,2,39.64,50.0,39.64,37.6,14.9
ORD-006488,2025-12-28,CUST-01436,Isabella Nguyen,46,Female,Europe,Germany,Electronics,Canon EOS R50 Camera,1,801.34,28.0,576.96,13.0,75.0
ORD-006489,2025-12-28,CUST-00837,Mason Martin,44,Female,North America,USA,Sports & Outdoors,Garmin GPS Running Watch,3,349.98,2.0,1028.94,36.4,374.53
ORD-006490,2025-12-28,CUST-01382,Michael Khan,44,Male,Europe,Spain,Sports & Outdoors,Foam Roller Set,2,39.6,0.0,79.2,27.1,21.46
ORD-006491,2025-12-28,CUST-00830,Chen Brown,19,Female,North America,USA,Electronics,Apple Watch Series 9,1,460.69,22.0,359.34,9.9,35.57
ORD-006492,2025-12-28,CUST-00223,Karen Williams,61,Female,Middle East,Qatar,Electronics,Samsung Galaxy S24,2,1269.23,0.0,2538.46,17.9,454.38
ORD-006493,2025-12-28,CUST-01416,Olivia Brown,39,Female,Asia Pacific,India,Clothing,H&M Cotton T-Shirt Pack,3,41.12,0.0,123.36,49.9,61.56
ORD-006494,2025-12-28,CUST-01245,Aiden Hill,37,Female,Latin America,Colombia,Home & Kitchen,Nespresso Vertuo Coffee Machine,2,228.29,12.0,401.79,36.3,145.85
ORD-006495,2025-12-28,CUST-00900,Mia Ahmed,28,Female,Asia Pacific,Australia,Electronics,Dell XPS 15 Laptop,1,1498.5,19.0,1213.79,14.7,178.43
ORD-006496,2025-12-28,CUST-00833,Layla Jones,49,Male,Latin America,Brazil,Sports & Outdoors,Camping Sleeping Bag -10°C,3,84.69,30.0,177.85,23.7,42.15
ORD-006497,2025-12-28,CUST-01783,Sarah Baker,21,Male,Europe,Spain,Electronics,Ring Video Doorbell,2,153.27,0.0,306.54,10.1,30.96
ORD-006498,2025-12-28,CUST-00710,Karen Nelson,54,Female,Asia Pacific,India,Clothing,Puma Running Shorts,4,43.54,49.0,88.82,41.5,36.86
ORD-006499,2025-12-28,CUST-00867,Ali Patel,21,Male,Asia Pacific,South Korea,Electronics,Samsung Galaxy S24,1,1271.81,30.0,890.27,18.9,168.26
ORD-006500,2025-12-28,CUST-01511,Jennifer Santos,22,Female,Middle East,Saudi Arabia,Beauty & Personal Care,Bath & Body Works Candle Set,1,50.47,40.0,30.28,48.0,14.53
